run_id,run_at,record_type,match_status,result,trade_id,amount_usd
1,2026-05-21 13:26:05,trade,orphan_wallet_trade,Exception,,1.85
1,2026-05-21 13:26:05,trade,orphan_wallet_trade,Exception,,2.75
1,2026-05-21 13:26:05,trade,orphan_wallet_trade,Exception,,5.0
1,2026-05-21 13:26:05,position,wallet_position,Not checked,,4.38
1,2026-05-21 13:26:05,position,wallet_position,Not checked,,5.68
2,2026-05-21 13:30:47,trade,orphan_wallet_trade,Exception,,1.85
2,2026-05-21 13:30:47,trade,orphan_wallet_trade,Exception,,2.75
2,2026-05-21 13:30:47,trade,orphan_wallet_trade,Exception,,5.0
2,2026-05-21 13:30:47,position,wallet_position,Not checked,,4.38
2,2026-05-21 13:30:47,position,wallet_position,Not checked,,5.68
3,2026-05-21 13:34:25,trade,exact,Matched,194.0,1.85
3,2026-05-21 13:34:25,trade,exact,Matched,193.0,2.75
3,2026-05-21 13:34:25,trade,exact,Matched,192.0,5.0
3,2026-05-21 13:34:25,position,wallet_position,Not checked,,4.55
3,2026-05-21 13:34:25,position,wallet_position,Not checked,,5.42
4,2026-05-21 14:03:52,trade,exact,Matched,194.0,1.85
4,2026-05-21 14:03:52,trade,exact,Matched,193.0,2.75
4,2026-05-21 14:03:52,trade,exact,Matched,192.0,5.0
4,2026-05-21 14:03:52,position,wallet_position,Not checked,,4.67
4,2026-05-21 14:03:52,position,wallet_position,Not checked,,5.45
5,2026-05-21 14:08:31,trade,exact,Matched,194.0,1.85
5,2026-05-21 14:08:31,trade,exact,Matched,193.0,2.75
5,2026-05-21 14:08:31,trade,exact,Matched,192.0,5.0
5,2026-05-21 14:08:31,position,wallet_position,Not checked,,4.67
5,2026-05-21 14:08:31,position,wallet_position,Not checked,,5.45
6,2026-05-21 14:23:51,trade,exact,Matched,194.0,1.85
6,2026-05-21 14:23:51,trade,exact,Matched,193.0,2.75
6,2026-05-21 14:23:51,trade,exact,Matched,192.0,5.0
6,2026-05-21 14:23:51,position,wallet_position,Not checked,,3.95
6,2026-05-21 14:23:51,position,wallet_position,Not checked,,5.55
7,2026-05-22 04:57:23,trade,exact,Matched,204.0,4.41
7,2026-05-22 04:57:23,trade,orphan_wallet_trade,Exception,,1.73
7,2026-05-22 04:57:23,trade,exact,Matched,202.0,1.8
7,2026-05-22 04:57:23,trade,exact,Matched,201.0,4.5
7,2026-05-22 04:57:23,trade,exact,Matched,200.0,4.5
7,2026-05-22 04:57:23,trade,exact,Matched,199.0,4.5
7,2026-05-22 04:57:23,trade,exact,Matched,198.0,4.73
7,2026-05-22 04:57:23,trade,exact,Matched,197.0,4.74
7,2026-05-22 04:57:23,trade,orphan_wallet_trade,Exception,,4.68
7,2026-05-22 04:57:23,trade,exact,Matched,195.0,4.74
7,2026-05-22 04:57:23,trade,exact,Matched,194.0,1.85
7,2026-05-22 04:57:23,trade,exact,Matched,193.0,2.75
7,2026-05-22 04:57:23,trade,exact,Matched,192.0,5.0
7,2026-05-22 04:57:23,position,wallet_position,Not checked,,1.15
7,2026-05-22 04:57:23,position,wallet_position,Not checked,,2.0
7,2026-05-22 04:57:23,position,wallet_position,Not checked,,8.5
7,2026-05-22 04:57:23,position,wallet_position,Not checked,,6.49
7,2026-05-22 04:57:23,position,wallet_position,Not checked,,4.55
7,2026-05-22 04:57:23,position,wallet_position,Not checked,,4.25
7,2026-05-22 04:57:23,position,wallet_position,Not checked,,4.65
7,2026-05-22 04:57:23,position,wallet_position,Not checked,,4.48
7,2026-05-22 04:57:23,position,wallet_position,Not checked,,4.42
7,2026-05-22 04:57:23,position,wallet_position,Not checked,,4.71
7,2026-05-22 04:57:23,position,wallet_position,Not checked,,4.37
7,2026-05-22 04:57:23,position,wallet_position,Not checked,,4.48
8,2026-05-22 05:58:08,trade,exact,Matched,207.0,5.25
8,2026-05-22 05:58:08,trade,exact,Matched,206.0,5.26
8,2026-05-22 05:58:08,trade,orphan_wallet_trade,Exception,,1.96
8,2026-05-22 05:58:08,trade,exact,Matched,204.0,4.41
8,2026-05-22 05:58:08,trade,exact,Matched,203.0,1.73
8,2026-05-22 05:58:08,trade,exact,Matched,202.0,1.8
8,2026-05-22 05:58:08,trade,exact,Matched,201.0,4.5
8,2026-05-22 05:58:08,trade,exact,Matched,200.0,4.5
8,2026-05-22 05:58:08,trade,exact,Matched,199.0,4.5
8,2026-05-22 05:58:08,trade,exact,Matched,198.0,4.73
8,2026-05-22 05:58:08,trade,exact,Matched,197.0,4.74
8,2026-05-22 05:58:08,trade,exact,Matched,196.0,4.68
8,2026-05-22 05:58:08,trade,exact,Matched,195.0,4.74
8,2026-05-22 05:58:08,trade,exact,Matched,194.0,1.85
8,2026-05-22 05:58:08,trade,exact,Matched,193.0,2.75
8,2026-05-22 05:58:08,trade,exact,Matched,192.0,5.0
8,2026-05-22 05:58:08,position,wallet_position,Not checked,,2.07
8,2026-05-22 05:58:08,position,wallet_position,Not checked,,1.03
8,2026-05-22 05:58:08,position,wallet_position,Not checked,,1.51
8,2026-05-22 05:58:08,position,wallet_position,Not checked,,8.5
8,2026-05-22 05:58:08,position,wallet_position,Not checked,,4.58
8,2026-05-22 05:58:08,position,wallet_position,Not checked,,6.49
8,2026-05-22 05:58:08,position,wallet_position,Not checked,,5.81
8,2026-05-22 05:58:08,position,wallet_position,Not checked,,4.71
8,2026-05-22 05:58:08,position,wallet_position,Not checked,,4.68
8,2026-05-22 05:58:08,position,wallet_position,Not checked,,4.74
8,2026-05-22 05:58:08,position,wallet_position,Not checked,,4.5
8,2026-05-22 05:58:08,position,wallet_position,Not checked,,4.42
8,2026-05-22 05:58:08,position,wallet_position,Not checked,,4.87
8,2026-05-22 05:58:08,position,wallet_position,Not checked,,4.29
8,2026-05-22 05:58:08,position,wallet_position,Not checked,,4.48
9,2026-05-22 05:59:42,trade,exact,Matched,207.0,5.25
9,2026-05-22 05:59:42,trade,exact,Matched,206.0,5.26
9,2026-05-22 05:59:42,trade,orphan_wallet_trade,Exception,,1.96
9,2026-05-22 05:59:42,trade,exact,Matched,204.0,4.41
9,2026-05-22 05:59:42,trade,exact,Matched,203.0,1.73
9,2026-05-22 05:59:42,trade,exact,Matched,202.0,1.8
9,2026-05-22 05:59:42,trade,exact,Matched,201.0,4.5
9,2026-05-22 05:59:42,trade,exact,Matched,200.0,4.5
9,2026-05-22 05:59:42,trade,exact,Matched,199.0,4.5
9,2026-05-22 05:59:42,trade,exact,Matched,198.0,4.73
9,2026-05-22 05:59:42,trade,exact,Matched,197.0,4.74
9,2026-05-22 05:59:42,trade,exact,Matched,196.0,4.68
9,2026-05-22 05:59:42,trade,exact,Matched,195.0,4.74
9,2026-05-22 05:59:42,trade,exact,Matched,194.0,1.85
9,2026-05-22 05:59:42,trade,exact,Matched,193.0,2.75
9,2026-05-22 05:59:42,trade,exact,Matched,192.0,5.0
9,2026-05-22 05:59:42,position,wallet_position,Not checked,,2.07
9,2026-05-22 05:59:42,position,wallet_position,Not checked,,1.02
9,2026-05-22 05:59:42,position,wallet_position,Not checked,,1.51
9,2026-05-22 05:59:42,position,wallet_position,Not checked,,8.5
9,2026-05-22 05:59:42,position,wallet_position,Not checked,,4.58
9,2026-05-22 05:59:42,position,wallet_position,Not checked,,6.49
9,2026-05-22 05:59:42,position,wallet_position,Not checked,,5.81
9,2026-05-22 05:59:42,position,wallet_position,Not checked,,4.71
9,2026-05-22 05:59:42,position,wallet_position,Not checked,,4.68
9,2026-05-22 05:59:42,position,wallet_position,Not checked,,4.74
9,2026-05-22 05:59:42,position,wallet_position,Not checked,,4.5
9,2026-05-22 05:59:42,position,wallet_position,Not checked,,4.42
9,2026-05-22 05:59:42,position,wallet_position,Not checked,,4.87
9,2026-05-22 05:59:42,position,wallet_position,Not checked,,4.29
9,2026-05-22 05:59:42,position,wallet_position,Not checked,,4.48
10,2026-05-22 06:03:59,trade,exact,Matched,207.0,5.25
10,2026-05-22 06:03:59,trade,exact,Matched,206.0,5.26
10,2026-05-22 06:03:59,trade,exact,Matched,205.0,1.96
10,2026-05-22 06:03:59,trade,exact,Matched,204.0,4.41
10,2026-05-22 06:03:59,trade,exact,Matched,203.0,1.73
10,2026-05-22 06:03:59,trade,exact,Matched,202.0,1.8
10,2026-05-22 06:03:59,trade,exact,Matched,201.0,4.5
10,2026-05-22 06:03:59,trade,exact,Matched,200.0,4.5
10,2026-05-22 06:03:59,trade,exact,Matched,199.0,4.5
10,2026-05-22 06:03:59,trade,exact,Matched,198.0,4.73
10,2026-05-22 06:03:59,trade,exact,Matched,197.0,4.74
10,2026-05-22 06:03:59,trade,exact,Matched,196.0,4.68
10,2026-05-22 06:03:59,trade,exact,Matched,195.0,4.74
10,2026-05-22 06:03:59,trade,exact,Matched,194.0,1.85
10,2026-05-22 06:03:59,trade,exact,Matched,193.0,2.75
10,2026-05-22 06:03:59,trade,exact,Matched,192.0,5.0
10,2026-05-22 06:03:59,position,wallet_position,Not checked,,2.07
10,2026-05-22 06:03:59,position,wallet_position,Not checked,,1.02
10,2026-05-22 06:03:59,position,wallet_position,Not checked,,1.46
10,2026-05-22 06:03:59,position,wallet_position,Not checked,,8.5
10,2026-05-22 06:03:59,position,wallet_position,Not checked,,4.62
10,2026-05-22 06:03:59,position,wallet_position,Not checked,,6.49
10,2026-05-22 06:03:59,position,wallet_position,Not checked,,5.81
10,2026-05-22 06:03:59,position,wallet_position,Not checked,,4.71
10,2026-05-22 06:03:59,position,wallet_position,Not checked,,4.68
10,2026-05-22 06:03:59,position,wallet_position,Not checked,,4.74
10,2026-05-22 06:03:59,position,wallet_position,Not checked,,4.5
10,2026-05-22 06:03:59,position,wallet_position,Not checked,,4.42
10,2026-05-22 06:03:59,position,wallet_position,Not checked,,4.87
10,2026-05-22 06:03:59,position,wallet_position,Not checked,,4.18
10,2026-05-22 06:03:59,position,wallet_position,Not checked,,4.48
11,2026-05-22 06:04:19,trade,exact,Matched,207.0,5.25
11,2026-05-22 06:04:19,trade,exact,Matched,206.0,5.26
11,2026-05-22 06:04:19,trade,exact,Matched,205.0,1.96
11,2026-05-22 06:04:19,trade,exact,Matched,204.0,4.41
11,2026-05-22 06:04:19,trade,exact,Matched,203.0,1.73
11,2026-05-22 06:04:19,trade,exact,Matched,202.0,1.8
11,2026-05-22 06:04:19,trade,exact,Matched,201.0,4.5
11,2026-05-22 06:04:19,trade,exact,Matched,200.0,4.5
11,2026-05-22 06:04:19,trade,exact,Matched,199.0,4.5
11,2026-05-22 06:04:19,trade,exact,Matched,198.0,4.73
11,2026-05-22 06:04:19,trade,exact,Matched,197.0,4.74
11,2026-05-22 06:04:19,trade,exact,Matched,196.0,4.68
11,2026-05-22 06:04:19,trade,exact,Matched,195.0,4.74
11,2026-05-22 06:04:19,trade,exact,Matched,194.0,1.85
11,2026-05-22 06:04:19,trade,exact,Matched,193.0,2.75
11,2026-05-22 06:04:19,trade,exact,Matched,192.0,5.0
11,2026-05-22 06:04:19,position,wallet_position,Not checked,,2.07
11,2026-05-22 06:04:19,position,wallet_position,Not checked,,1.02
11,2026-05-22 06:04:19,position,wallet_position,Not checked,,1.46
11,2026-05-22 06:04:19,position,wallet_position,Not checked,,8.5
11,2026-05-22 06:04:19,position,wallet_position,Not checked,,4.62
11,2026-05-22 06:04:19,position,wallet_position,Not checked,,6.49
11,2026-05-22 06:04:19,position,wallet_position,Not checked,,5.81
11,2026-05-22 06:04:19,position,wallet_position,Not checked,,4.71
11,2026-05-22 06:04:19,position,wallet_position,Not checked,,4.68
11,2026-05-22 06:04:19,position,wallet_position,Not checked,,4.74
11,2026-05-22 06:04:19,position,wallet_position,Not checked,,4.5
11,2026-05-22 06:04:19,position,wallet_position,Not checked,,4.42
11,2026-05-22 06:04:19,position,wallet_position,Not checked,,4.87
11,2026-05-22 06:04:19,position,wallet_position,Not checked,,4.18
11,2026-05-22 06:04:19,position,wallet_position,Not checked,,4.48
12,2026-05-22 06:34:07,trade,exact,Matched,207.0,5.25
12,2026-05-22 06:34:07,trade,exact,Matched,206.0,5.26
12,2026-05-22 06:34:07,trade,exact,Matched,205.0,1.96
12,2026-05-22 06:34:07,trade,exact,Matched,204.0,4.41
12,2026-05-22 06:34:07,trade,exact,Matched,203.0,1.73
12,2026-05-22 06:34:07,trade,exact,Matched,202.0,1.8
12,2026-05-22 06:34:07,trade,exact,Matched,201.0,4.5
12,2026-05-22 06:34:07,trade,exact,Matched,200.0,4.5
12,2026-05-22 06:34:07,trade,exact,Matched,199.0,4.5
12,2026-05-22 06:34:07,trade,exact,Matched,198.0,4.73
12,2026-05-22 06:34:07,trade,exact,Matched,197.0,4.74
12,2026-05-22 06:34:07,trade,exact,Matched,196.0,4.68
12,2026-05-22 06:34:07,trade,exact,Matched,195.0,4.74
12,2026-05-22 06:34:07,trade,exact,Matched,194.0,1.85
12,2026-05-22 06:34:07,trade,exact,Matched,193.0,2.75
12,2026-05-22 06:34:07,trade,exact,Matched,192.0,5.0
12,2026-05-22 06:34:07,position,wallet_position,Not checked,,5.18
12,2026-05-22 06:34:07,position,wallet_position,Not checked,,0.72
12,2026-05-22 06:34:07,position,wallet_position,Not checked,,1.16
12,2026-05-22 06:34:07,position,wallet_position,Not checked,,8.5
12,2026-05-22 06:34:07,position,wallet_position,Not checked,,4.9
12,2026-05-22 06:34:07,position,wallet_position,Not checked,,6.49
12,2026-05-22 06:34:07,position,wallet_position,Not checked,,5.81
12,2026-05-22 06:34:07,position,wallet_position,Not checked,,5.18
12,2026-05-22 06:34:07,position,wallet_position,Not checked,,5.02
12,2026-05-22 06:34:07,position,wallet_position,Not checked,,5.24
12,2026-05-22 06:34:07,position,wallet_position,Not checked,,4.5
12,2026-05-22 06:34:07,position,wallet_position,Not checked,,4.42
12,2026-05-22 06:34:07,position,wallet_position,Not checked,,4.87
12,2026-05-22 06:34:07,position,wallet_position,Not checked,,4.18
12,2026-05-22 06:34:07,position,wallet_position,Not checked,,4.48
13,2026-05-22 06:34:42,trade,exact,Matched,207.0,5.25
13,2026-05-22 06:34:42,trade,exact,Matched,206.0,5.26
13,2026-05-22 06:34:42,trade,exact,Matched,205.0,1.96
13,2026-05-22 06:34:42,trade,exact,Matched,204.0,4.41
13,2026-05-22 06:34:42,trade,exact,Matched,203.0,1.73
13,2026-05-22 06:34:42,trade,exact,Matched,202.0,1.8
13,2026-05-22 06:34:42,trade,exact,Matched,201.0,4.5
13,2026-05-22 06:34:42,trade,exact,Matched,200.0,4.5
13,2026-05-22 06:34:42,trade,exact,Matched,199.0,4.5
13,2026-05-22 06:34:42,trade,exact,Matched,198.0,4.73
13,2026-05-22 06:34:42,trade,exact,Matched,197.0,4.74
13,2026-05-22 06:34:42,trade,exact,Matched,196.0,4.68
13,2026-05-22 06:34:42,trade,exact,Matched,195.0,4.74
13,2026-05-22 06:34:42,trade,exact,Matched,194.0,1.85
13,2026-05-22 06:34:42,trade,exact,Matched,193.0,2.75
13,2026-05-22 06:34:42,trade,exact,Matched,192.0,5.0
13,2026-05-22 06:34:42,position,wallet_position,Not checked,,5.18
13,2026-05-22 06:34:42,position,wallet_position,Not checked,,0.72
13,2026-05-22 06:34:42,position,wallet_position,Not checked,,1.16
13,2026-05-22 06:34:42,position,wallet_position,Not checked,,8.5
13,2026-05-22 06:34:42,position,wallet_position,Not checked,,4.9
13,2026-05-22 06:34:42,position,wallet_position,Not checked,,6.49
13,2026-05-22 06:34:42,position,wallet_position,Not checked,,5.81
13,2026-05-22 06:34:42,position,wallet_position,Not checked,,5.18
13,2026-05-22 06:34:42,position,wallet_position,Not checked,,5.02
13,2026-05-22 06:34:42,position,wallet_position,Not checked,,4.83
13,2026-05-22 06:34:42,position,wallet_position,Not checked,,4.5
13,2026-05-22 06:34:42,position,wallet_position,Not checked,,4.42
13,2026-05-22 06:34:42,position,wallet_position,Not checked,,4.87
13,2026-05-22 06:34:42,position,wallet_position,Not checked,,4.18
13,2026-05-22 06:34:42,position,wallet_position,Not checked,,4.48
14,2026-05-22 06:34:43,trade,exact,Matched,207.0,5.25
14,2026-05-22 06:34:43,trade,exact,Matched,206.0,5.26
14,2026-05-22 06:34:43,trade,exact,Matched,205.0,1.96
14,2026-05-22 06:34:43,trade,exact,Matched,204.0,4.41
14,2026-05-22 06:34:43,trade,exact,Matched,203.0,1.73
14,2026-05-22 06:34:43,trade,exact,Matched,202.0,1.8
14,2026-05-22 06:34:43,trade,exact,Matched,201.0,4.5
14,2026-05-22 06:34:43,trade,exact,Matched,200.0,4.5
14,2026-05-22 06:34:43,trade,exact,Matched,199.0,4.5
14,2026-05-22 06:34:43,trade,exact,Matched,198.0,4.73
14,2026-05-22 06:34:43,trade,exact,Matched,197.0,4.74
14,2026-05-22 06:34:43,trade,exact,Matched,196.0,4.68
14,2026-05-22 06:34:43,trade,exact,Matched,195.0,4.74
14,2026-05-22 06:34:43,trade,exact,Matched,194.0,1.85
14,2026-05-22 06:34:43,trade,exact,Matched,193.0,2.75
14,2026-05-22 06:34:43,trade,exact,Matched,192.0,5.0
14,2026-05-22 06:34:43,position,wallet_position,Not checked,,5.18
14,2026-05-22 06:34:43,position,wallet_position,Not checked,,0.72
14,2026-05-22 06:34:43,position,wallet_position,Not checked,,1.16
14,2026-05-22 06:34:43,position,wallet_position,Not checked,,8.5
14,2026-05-22 06:34:43,position,wallet_position,Not checked,,4.9
14,2026-05-22 06:34:43,position,wallet_position,Not checked,,6.49
14,2026-05-22 06:34:43,position,wallet_position,Not checked,,5.81
14,2026-05-22 06:34:43,position,wallet_position,Not checked,,5.18
14,2026-05-22 06:34:43,position,wallet_position,Not checked,,5.02
14,2026-05-22 06:34:43,position,wallet_position,Not checked,,4.83
14,2026-05-22 06:34:43,position,wallet_position,Not checked,,4.5
14,2026-05-22 06:34:43,position,wallet_position,Not checked,,4.42
14,2026-05-22 06:34:43,position,wallet_position,Not checked,,4.87
14,2026-05-22 06:34:43,position,wallet_position,Not checked,,4.18
14,2026-05-22 06:34:43,position,wallet_position,Not checked,,4.48
15,2026-05-22 06:41:09,trade,exact,Matched,207.0,5.25
15,2026-05-22 06:41:09,trade,exact,Matched,206.0,5.26
15,2026-05-22 06:41:09,trade,exact,Matched,205.0,1.96
15,2026-05-22 06:41:09,trade,exact,Matched,204.0,4.41
15,2026-05-22 06:41:09,trade,exact,Matched,203.0,1.73
15,2026-05-22 06:41:09,trade,exact,Matched,202.0,1.8
15,2026-05-22 06:41:09,trade,exact,Matched,201.0,4.5
15,2026-05-22 06:41:09,trade,exact,Matched,200.0,4.5
15,2026-05-22 06:41:09,trade,exact,Matched,199.0,4.5
15,2026-05-22 06:41:09,trade,exact,Matched,198.0,4.73
15,2026-05-22 06:41:09,trade,exact,Matched,197.0,4.74
15,2026-05-22 06:41:09,trade,exact,Matched,196.0,4.68
15,2026-05-22 06:41:09,trade,exact,Matched,195.0,4.74
15,2026-05-22 06:41:09,trade,exact,Matched,194.0,1.85
15,2026-05-22 06:41:09,trade,exact,Matched,193.0,2.75
15,2026-05-22 06:41:09,trade,exact,Matched,192.0,5.0
15,2026-05-22 06:41:09,position,wallet_position,Not checked,,6.42
15,2026-05-22 06:41:09,position,wallet_position,Not checked,,0.72
15,2026-05-22 06:41:09,position,wallet_position,Not checked,,1.06
15,2026-05-22 06:41:09,position,wallet_position,Not checked,,8.5
15,2026-05-22 06:41:09,position,wallet_position,Not checked,,4.97
15,2026-05-22 06:41:09,position,wallet_position,Not checked,,6.49
15,2026-05-22 06:41:09,position,wallet_position,Not checked,,5.81
15,2026-05-22 06:41:09,position,wallet_position,Not checked,,5.18
15,2026-05-22 06:41:09,position,wallet_position,Not checked,,5.02
15,2026-05-22 06:41:09,position,wallet_position,Not checked,,4.83
15,2026-05-22 06:41:09,position,wallet_position,Not checked,,4.5
15,2026-05-22 06:41:09,position,wallet_position,Not checked,,4.64
15,2026-05-22 06:41:09,position,wallet_position,Not checked,,4.92
15,2026-05-22 06:41:09,position,wallet_position,Not checked,,4.42
15,2026-05-22 06:41:09,position,wallet_position,Not checked,,4.48
16,2026-05-22 06:49:26,trade,exact,Matched,207.0,5.25
16,2026-05-22 06:49:26,trade,exact,Matched,206.0,5.26
16,2026-05-22 06:49:26,trade,exact,Matched,205.0,1.96
16,2026-05-22 06:49:26,trade,exact,Matched,204.0,4.41
16,2026-05-22 06:49:26,trade,exact,Matched,203.0,1.73
16,2026-05-22 06:49:26,trade,exact,Matched,202.0,1.8
16,2026-05-22 06:49:26,trade,exact,Matched,201.0,4.5
16,2026-05-22 06:49:26,trade,exact,Matched,200.0,4.5
16,2026-05-22 06:49:26,trade,exact,Matched,199.0,4.5
16,2026-05-22 06:49:26,trade,exact,Matched,198.0,4.73
16,2026-05-22 06:49:26,trade,exact,Matched,197.0,4.74
16,2026-05-22 06:49:26,trade,exact,Matched,196.0,4.68
16,2026-05-22 06:49:26,trade,exact,Matched,195.0,4.74
16,2026-05-22 06:49:26,trade,exact,Matched,194.0,1.85
16,2026-05-22 06:49:26,trade,exact,Matched,193.0,2.75
16,2026-05-22 06:49:26,trade,exact,Matched,192.0,5.0
16,2026-05-22 06:49:26,position,wallet_position,Not checked,,6.42
16,2026-05-22 06:49:26,position,wallet_position,Not checked,,0.58
16,2026-05-22 06:49:26,position,wallet_position,Not checked,,0.55
16,2026-05-22 06:49:26,position,wallet_position,Not checked,,8.5
16,2026-05-22 06:49:26,position,wallet_position,Not checked,,5.04
16,2026-05-22 06:49:26,position,wallet_position,Not checked,,6.49
16,2026-05-22 06:49:26,position,wallet_position,Not checked,,5.81
16,2026-05-22 06:49:26,position,wallet_position,Not checked,,5.18
16,2026-05-22 06:49:26,position,wallet_position,Not checked,,5.02
16,2026-05-22 06:49:26,position,wallet_position,Not checked,,4.8
16,2026-05-22 06:49:26,position,wallet_position,Not checked,,4.5
16,2026-05-22 06:49:26,position,wallet_position,Not checked,,4.53
16,2026-05-22 06:49:26,position,wallet_position,Not checked,,4.92
16,2026-05-22 06:49:26,position,wallet_position,Not checked,,4.52
16,2026-05-22 06:49:26,position,wallet_position,Not checked,,4.48
17,2026-05-22 07:17:46,trade,orphan_wallet_trade,Exception,,2.5
17,2026-05-22 07:17:46,trade,exact,Matched,208.0,2.57
17,2026-05-22 07:17:46,trade,exact,Matched,207.0,5.25
17,2026-05-22 07:17:46,trade,exact,Matched,206.0,5.26
17,2026-05-22 07:17:46,trade,exact,Matched,205.0,1.96
17,2026-05-22 07:17:46,trade,exact,Matched,204.0,4.41
17,2026-05-22 07:17:46,trade,exact,Matched,203.0,1.73
17,2026-05-22 07:17:46,trade,exact,Matched,202.0,1.8
17,2026-05-22 07:17:46,trade,exact,Matched,201.0,4.5
17,2026-05-22 07:17:46,trade,exact,Matched,200.0,4.5
17,2026-05-22 07:17:46,trade,exact,Matched,199.0,4.5
17,2026-05-22 07:17:46,trade,exact,Matched,198.0,4.73
17,2026-05-22 07:17:46,trade,exact,Matched,197.0,4.74
17,2026-05-22 07:17:46,trade,exact,Matched,196.0,4.68
17,2026-05-22 07:17:46,trade,exact,Matched,195.0,4.74
17,2026-05-22 07:17:46,trade,exact,Matched,194.0,1.85
17,2026-05-22 07:17:46,trade,exact,Matched,193.0,2.75
17,2026-05-22 07:17:46,trade,exact,Matched,192.0,5.0
17,2026-05-22 07:17:46,position,wallet_position,Not checked,,10.33
17,2026-05-22 07:17:46,position,wallet_position,Not checked,,0.45
17,2026-05-22 07:17:46,position,wallet_position,Not checked,,1.14
17,2026-05-22 07:17:46,position,wallet_position,Not checked,,8.5
17,2026-05-22 07:17:46,position,wallet_position,Not checked,,5.08
17,2026-05-22 07:17:46,position,wallet_position,Not checked,,6.49
17,2026-05-22 07:17:46,position,wallet_position,Not checked,,5.81
17,2026-05-22 07:17:46,position,wallet_position,Not checked,,5.88
17,2026-05-22 07:17:46,position,wallet_position,Not checked,,4.93
17,2026-05-22 07:17:46,position,wallet_position,Not checked,,4.98
17,2026-05-22 07:17:46,position,wallet_position,Not checked,,4.88
17,2026-05-22 07:17:46,position,wallet_position,Not checked,,4.5
17,2026-05-22 07:17:46,position,wallet_position,Not checked,,4.5
17,2026-05-22 07:17:46,position,wallet_position,Not checked,,4.55
17,2026-05-22 07:17:46,position,wallet_position,Not checked,,4.73
17,2026-05-22 07:17:46,position,wallet_position,Not checked,,4.48
18,2026-05-22 07:26:13,trade,exact,Matched,209.0,2.5
18,2026-05-22 07:26:13,trade,exact,Matched,208.0,2.57
18,2026-05-22 07:26:13,trade,exact,Matched,207.0,5.25
18,2026-05-22 07:26:13,trade,exact,Matched,206.0,5.26
18,2026-05-22 07:26:13,trade,exact,Matched,205.0,1.96
18,2026-05-22 07:26:13,trade,exact,Matched,204.0,4.41
18,2026-05-22 07:26:13,trade,exact,Matched,203.0,1.73
18,2026-05-22 07:26:13,trade,exact,Matched,202.0,1.8
18,2026-05-22 07:26:13,trade,exact,Matched,201.0,4.5
18,2026-05-22 07:26:13,trade,exact,Matched,200.0,4.5
18,2026-05-22 07:26:13,trade,exact,Matched,199.0,4.5
18,2026-05-22 07:26:13,trade,exact,Matched,198.0,4.73
18,2026-05-22 07:26:13,trade,exact,Matched,197.0,4.74
18,2026-05-22 07:26:13,trade,exact,Matched,196.0,4.68
18,2026-05-22 07:26:13,trade,exact,Matched,195.0,4.74
18,2026-05-22 07:26:13,trade,exact,Matched,194.0,1.85
18,2026-05-22 07:26:13,trade,exact,Matched,193.0,2.75
18,2026-05-22 07:26:13,trade,exact,Matched,192.0,5.0
18,2026-05-22 07:26:13,position,wallet_position,Not checked,,10.33
18,2026-05-22 07:26:13,position,wallet_position,Not checked,,0.45
18,2026-05-22 07:26:13,position,wallet_position,Not checked,,1.05
18,2026-05-22 07:26:13,position,wallet_position,Not checked,,8.5
18,2026-05-22 07:26:13,position,wallet_position,Not checked,,5.04
18,2026-05-22 07:26:13,position,wallet_position,Not checked,,6.49
18,2026-05-22 07:26:13,position,wallet_position,Not checked,,5.78
18,2026-05-22 07:26:13,position,wallet_position,Not checked,,5.88
18,2026-05-22 07:26:13,position,wallet_position,Not checked,,4.93
18,2026-05-22 07:26:13,position,wallet_position,Not checked,,4.92
18,2026-05-22 07:26:13,position,wallet_position,Not checked,,4.88
18,2026-05-22 07:26:13,position,wallet_position,Not checked,,4.48
18,2026-05-22 07:26:13,position,wallet_position,Not checked,,4.66
18,2026-05-22 07:26:13,position,wallet_position,Not checked,,4.81
18,2026-05-22 07:26:13,position,wallet_position,Not checked,,4.71
18,2026-05-22 07:26:13,position,wallet_position,Not checked,,4.48
19,2026-05-22 07:26:44,trade,exact,Matched,209.0,2.5
19,2026-05-22 07:26:44,trade,exact,Matched,208.0,2.57
19,2026-05-22 07:26:44,trade,exact,Matched,207.0,5.25
19,2026-05-22 07:26:44,trade,exact,Matched,206.0,5.26
19,2026-05-22 07:26:44,trade,exact,Matched,205.0,1.96
19,2026-05-22 07:26:44,trade,exact,Matched,204.0,4.41
19,2026-05-22 07:26:44,trade,exact,Matched,203.0,1.73
19,2026-05-22 07:26:44,trade,exact,Matched,202.0,1.8
19,2026-05-22 07:26:44,trade,exact,Matched,201.0,4.5
19,2026-05-22 07:26:44,trade,exact,Matched,200.0,4.5
19,2026-05-22 07:26:44,trade,exact,Matched,199.0,4.5
19,2026-05-22 07:26:44,trade,exact,Matched,198.0,4.73
19,2026-05-22 07:26:44,trade,exact,Matched,197.0,4.74
19,2026-05-22 07:26:44,trade,exact,Matched,196.0,4.68
19,2026-05-22 07:26:44,trade,exact,Matched,195.0,4.74
19,2026-05-22 07:26:44,trade,exact,Matched,194.0,1.85
19,2026-05-22 07:26:44,trade,exact,Matched,193.0,2.75
19,2026-05-22 07:26:44,trade,exact,Matched,192.0,5.0
19,2026-05-22 07:26:44,position,wallet_position,Not checked,,10.33
19,2026-05-22 07:26:44,position,wallet_position,Not checked,,0.45
19,2026-05-22 07:26:44,position,wallet_position,Not checked,,1.05
19,2026-05-22 07:26:44,position,wallet_position,Not checked,,8.5
19,2026-05-22 07:26:44,position,wallet_position,Not checked,,5.04
19,2026-05-22 07:26:44,position,wallet_position,Not checked,,6.49
19,2026-05-22 07:26:44,position,wallet_position,Not checked,,5.78
19,2026-05-22 07:26:44,position,wallet_position,Not checked,,2.84
19,2026-05-22 07:26:44,position,wallet_position,Not checked,,4.8
19,2026-05-22 07:26:44,position,wallet_position,Not checked,,4.92
19,2026-05-22 07:26:44,position,wallet_position,Not checked,,4.88
19,2026-05-22 07:26:44,position,wallet_position,Not checked,,4.48
19,2026-05-22 07:26:44,position,wallet_position,Not checked,,4.66
19,2026-05-22 07:26:44,position,wallet_position,Not checked,,4.81
19,2026-05-22 07:26:44,position,wallet_position,Not checked,,4.71
19,2026-05-22 07:26:44,position,wallet_position,Not checked,,4.48
20,2026-05-22 07:34:37,trade,exact,Matched,209.0,2.5
20,2026-05-22 07:34:37,trade,exact,Matched,208.0,2.57
20,2026-05-22 07:34:37,trade,exact,Matched,207.0,5.25
20,2026-05-22 07:34:37,trade,exact,Matched,206.0,5.26
20,2026-05-22 07:34:37,trade,exact,Matched,205.0,1.96
20,2026-05-22 07:34:37,trade,exact,Matched,204.0,4.41
20,2026-05-22 07:34:37,trade,exact,Matched,203.0,1.73
20,2026-05-22 07:34:37,trade,exact,Matched,202.0,1.8
20,2026-05-22 07:34:37,trade,exact,Matched,201.0,4.5
20,2026-05-22 07:34:37,trade,exact,Matched,200.0,4.5
20,2026-05-22 07:34:37,trade,exact,Matched,199.0,4.5
20,2026-05-22 07:34:37,trade,exact,Matched,198.0,4.73
20,2026-05-22 07:34:37,trade,exact,Matched,197.0,4.74
20,2026-05-22 07:34:37,trade,exact,Matched,196.0,4.68
20,2026-05-22 07:34:37,trade,exact,Matched,195.0,4.74
20,2026-05-22 07:34:37,trade,exact,Matched,194.0,1.85
20,2026-05-22 07:34:37,trade,exact,Matched,193.0,2.75
20,2026-05-22 07:34:37,trade,exact,Matched,192.0,5.0
20,2026-05-22 07:34:37,position,wallet_position,Not checked,,10.33
20,2026-05-22 07:34:37,position,wallet_position,Not checked,,0.45
20,2026-05-22 07:34:37,position,wallet_position,Not checked,,1.18
20,2026-05-22 07:34:37,position,wallet_position,Not checked,,8.5
20,2026-05-22 07:34:37,position,wallet_position,Not checked,,5.04
20,2026-05-22 07:34:37,position,wallet_position,Not checked,,6.49
20,2026-05-22 07:34:37,position,wallet_position,Not checked,,5.78
20,2026-05-22 07:34:37,position,wallet_position,Not checked,,2.84
20,2026-05-22 07:34:37,position,wallet_position,Not checked,,4.8
20,2026-05-22 07:34:37,position,wallet_position,Not checked,,4.92
20,2026-05-22 07:34:37,position,wallet_position,Not checked,,4.56
20,2026-05-22 07:34:37,position,wallet_position,Not checked,,4.48
20,2026-05-22 07:34:37,position,wallet_position,Not checked,,4.72
20,2026-05-22 07:34:37,position,wallet_position,Not checked,,4.84
20,2026-05-22 07:34:37,position,wallet_position,Not checked,,4.13
20,2026-05-22 07:34:37,position,wallet_position,Not checked,,4.48
21,2026-05-22 08:41:57,trade,exact,Matched,210.0,5.07
21,2026-05-22 08:41:57,trade,exact,Matched,209.0,2.5
21,2026-05-22 08:41:57,trade,exact,Matched,208.0,2.57
21,2026-05-22 08:41:57,trade,exact,Matched,207.0,5.25
21,2026-05-22 08:41:57,trade,exact,Matched,206.0,5.26
21,2026-05-22 08:41:57,trade,exact,Matched,205.0,1.96
21,2026-05-22 08:41:57,trade,exact,Matched,204.0,4.41
21,2026-05-22 08:41:57,trade,exact,Matched,203.0,1.73
21,2026-05-22 08:41:57,trade,exact,Matched,202.0,1.8
21,2026-05-22 08:41:57,trade,exact,Matched,201.0,4.5
21,2026-05-22 08:41:57,trade,exact,Matched,200.0,4.5
21,2026-05-22 08:41:57,trade,exact,Matched,199.0,4.5
21,2026-05-22 08:41:57,trade,exact,Matched,198.0,4.73
21,2026-05-22 08:41:57,trade,exact,Matched,197.0,4.74
21,2026-05-22 08:41:57,trade,exact,Matched,196.0,4.68
21,2026-05-22 08:41:57,trade,exact,Matched,195.0,4.74
21,2026-05-22 08:41:57,trade,exact,Matched,194.0,1.85
21,2026-05-22 08:41:57,trade,exact,Matched,193.0,2.75
21,2026-05-22 08:41:57,trade,exact,Matched,192.0,5.0
21,2026-05-22 08:41:57,position,wallet_position,Not checked,,15.13
21,2026-05-22 08:41:57,position,wallet_position,Not checked,,0.73
21,2026-05-22 08:41:57,position,wallet_position,Not checked,,1.14
21,2026-05-22 08:41:57,position,wallet_position,Not checked,,8.5
21,2026-05-22 08:41:57,position,wallet_position,Not checked,,5.29
21,2026-05-22 08:41:57,position,wallet_position,Not checked,,6.49
21,2026-05-22 08:41:57,position,wallet_position,Not checked,,5.78
21,2026-05-22 08:41:57,position,wallet_position,Not checked,,6.32
21,2026-05-22 08:41:57,position,wallet_position,Not checked,,4.31
21,2026-05-22 08:41:57,position,wallet_position,Not checked,,5.04
21,2026-05-22 08:41:57,position,wallet_position,Not checked,,5.01
21,2026-05-22 08:41:57,position,wallet_position,Not checked,,4.12
21,2026-05-22 08:41:57,position,wallet_position,Not checked,,4.53
21,2026-05-22 08:41:57,position,wallet_position,Not checked,,4.98
21,2026-05-22 08:41:57,position,wallet_position,Not checked,,4.84
21,2026-05-22 08:41:57,position,wallet_position,Not checked,,3.71
21,2026-05-22 08:41:57,position,wallet_position,Not checked,,4.53
22,2026-05-22 08:45:57,trade,exact,Matched,210.0,5.07
22,2026-05-22 08:45:57,trade,exact,Matched,209.0,2.5
22,2026-05-22 08:45:57,trade,exact,Matched,208.0,2.57
22,2026-05-22 08:45:57,trade,exact,Matched,207.0,5.25
22,2026-05-22 08:45:57,trade,exact,Matched,206.0,5.26
22,2026-05-22 08:45:57,trade,exact,Matched,205.0,1.96
22,2026-05-22 08:45:57,trade,exact,Matched,204.0,4.41
22,2026-05-22 08:45:57,trade,exact,Matched,203.0,1.73
22,2026-05-22 08:45:57,trade,exact,Matched,202.0,1.8
22,2026-05-22 08:45:57,trade,exact,Matched,201.0,4.5
22,2026-05-22 08:45:57,trade,exact,Matched,200.0,4.5
22,2026-05-22 08:45:57,trade,exact,Matched,199.0,4.5
22,2026-05-22 08:45:57,trade,exact,Matched,198.0,4.73
22,2026-05-22 08:45:57,trade,exact,Matched,197.0,4.74
22,2026-05-22 08:45:57,trade,exact,Matched,196.0,4.68
22,2026-05-22 08:45:57,trade,exact,Matched,195.0,4.74
22,2026-05-22 08:45:57,trade,exact,Matched,194.0,1.85
22,2026-05-22 08:45:57,trade,exact,Matched,193.0,2.75
22,2026-05-22 08:45:57,trade,exact,Matched,192.0,5.0
22,2026-05-22 08:45:57,position,wallet_position,Not checked,,14.87
22,2026-05-22 08:45:57,position,wallet_position,Not checked,,0.73
22,2026-05-22 08:45:57,position,wallet_position,Not checked,,1.14
22,2026-05-22 08:45:57,position,wallet_position,Not checked,,8.5
22,2026-05-22 08:45:57,position,wallet_position,Not checked,,5.29
22,2026-05-22 08:45:57,position,wallet_position,Not checked,,6.49
22,2026-05-22 08:45:57,position,wallet_position,Not checked,,5.78
22,2026-05-22 08:45:57,position,wallet_position,Not checked,,6.32
22,2026-05-22 08:45:57,position,wallet_position,Not checked,,4.38
22,2026-05-22 08:45:57,position,wallet_position,Not checked,,5.04
22,2026-05-22 08:45:57,position,wallet_position,Not checked,,5.19
22,2026-05-22 08:45:57,position,wallet_position,Not checked,,4.12
22,2026-05-22 08:45:57,position,wallet_position,Not checked,,4.53
22,2026-05-22 08:45:57,position,wallet_position,Not checked,,4.98
22,2026-05-22 08:45:57,position,wallet_position,Not checked,,4.84
22,2026-05-22 08:45:57,position,wallet_position,Not checked,,3.71
22,2026-05-22 08:45:57,position,wallet_position,Not checked,,4.53
23,2026-05-22 09:45:57,trade,exact,Matched,212.0,5.26
23,2026-05-22 09:45:57,trade,orphan_wallet_trade,Exception,,5.11
23,2026-05-22 09:45:57,trade,exact,Matched,210.0,5.07
23,2026-05-22 09:45:57,trade,exact,Matched,209.0,2.5
23,2026-05-22 09:45:57,trade,exact,Matched,208.0,2.57
23,2026-05-22 09:45:57,trade,exact,Matched,207.0,5.25
23,2026-05-22 09:45:57,trade,exact,Matched,206.0,5.26
23,2026-05-22 09:45:57,trade,exact,Matched,205.0,1.96
23,2026-05-22 09:45:57,trade,exact,Matched,204.0,4.41
23,2026-05-22 09:45:57,trade,exact,Matched,203.0,1.73
23,2026-05-22 09:45:57,trade,exact,Matched,202.0,1.8
23,2026-05-22 09:45:57,trade,exact,Matched,201.0,4.5
23,2026-05-22 09:45:57,trade,exact,Matched,200.0,4.5
23,2026-05-22 09:45:57,trade,exact,Matched,199.0,4.5
23,2026-05-22 09:45:57,trade,exact,Matched,198.0,4.73
23,2026-05-22 09:45:57,trade,exact,Matched,197.0,4.74
23,2026-05-22 09:45:57,trade,exact,Matched,196.0,4.68
23,2026-05-22 09:45:57,trade,exact,Matched,195.0,4.74
23,2026-05-22 09:45:57,trade,exact,Matched,194.0,1.85
23,2026-05-22 09:45:57,trade,exact,Matched,193.0,2.75
23,2026-05-22 09:45:57,trade,exact,Matched,192.0,5.0
23,2026-05-22 09:45:57,position,wallet_position,Not checked,,11.97
23,2026-05-22 09:45:57,position,wallet_position,Not checked,,0.67
23,2026-05-22 09:45:57,position,wallet_position,Not checked,,1.11
23,2026-05-22 09:45:57,position,wallet_position,Not checked,,8.5
23,2026-05-22 09:45:57,position,wallet_position,Not checked,,5.75
23,2026-05-22 09:45:57,position,wallet_position,Not checked,,6.49
23,2026-05-22 09:45:57,position,wallet_position,Not checked,,5.61
23,2026-05-22 09:45:57,position,wallet_position,Not checked,,6.32
23,2026-05-22 09:45:57,position,wallet_position,Not checked,,4.5
23,2026-05-22 09:45:57,position,wallet_position,Not checked,,4.92
23,2026-05-22 09:45:57,position,wallet_position,Not checked,,5.19
23,2026-05-22 09:45:57,position,wallet_position,Not checked,,4.93
23,2026-05-22 09:45:57,position,wallet_position,Not checked,,3.63
23,2026-05-22 09:45:57,position,wallet_position,Not checked,,5.1
23,2026-05-22 09:45:57,position,wallet_position,Not checked,,4.5
23,2026-05-22 09:45:57,position,wallet_position,Not checked,,5.23
23,2026-05-22 09:45:57,position,wallet_position,Not checked,,5.08
23,2026-05-22 09:45:57,position,wallet_position,Not checked,,3.5
23,2026-05-22 09:45:57,position,wallet_position,Not checked,,4.73
24,2026-05-22 09:51:59,trade,exact,Matched,212.0,5.26
24,2026-05-22 09:51:59,trade,orphan_wallet_trade,Exception,,5.11
24,2026-05-22 09:51:59,trade,exact,Matched,210.0,5.07
24,2026-05-22 09:51:59,trade,exact,Matched,209.0,2.5
24,2026-05-22 09:51:59,trade,exact,Matched,208.0,2.57
24,2026-05-22 09:51:59,trade,exact,Matched,207.0,5.25
24,2026-05-22 09:51:59,trade,exact,Matched,206.0,5.26
24,2026-05-22 09:51:59,trade,exact,Matched,205.0,1.96
24,2026-05-22 09:51:59,trade,exact,Matched,204.0,4.41
24,2026-05-22 09:51:59,trade,exact,Matched,203.0,1.73
24,2026-05-22 09:51:59,trade,exact,Matched,202.0,1.8
24,2026-05-22 09:51:59,trade,exact,Matched,201.0,4.5
24,2026-05-22 09:51:59,trade,exact,Matched,200.0,4.5
24,2026-05-22 09:51:59,trade,exact,Matched,199.0,4.5
24,2026-05-22 09:51:59,trade,exact,Matched,198.0,4.73
24,2026-05-22 09:51:59,trade,exact,Matched,197.0,4.74
24,2026-05-22 09:51:59,trade,exact,Matched,196.0,4.68
24,2026-05-22 09:51:59,trade,exact,Matched,195.0,4.74
24,2026-05-22 09:51:59,trade,exact,Matched,194.0,1.85
24,2026-05-22 09:51:59,trade,exact,Matched,193.0,2.75
24,2026-05-22 09:51:59,trade,exact,Matched,192.0,5.0
24,2026-05-22 09:51:59,position,wallet_position,Not checked,,11.97
24,2026-05-22 09:51:59,position,wallet_position,Not checked,,0.69
24,2026-05-22 09:51:59,position,wallet_position,Not checked,,1.11
24,2026-05-22 09:51:59,position,wallet_position,Not checked,,8.5
24,2026-05-22 09:51:59,position,wallet_position,Not checked,,5.75
24,2026-05-22 09:51:59,position,wallet_position,Not checked,,6.49
24,2026-05-22 09:51:59,position,wallet_position,Not checked,,5.61
24,2026-05-22 09:51:59,position,wallet_position,Not checked,,6.32
24,2026-05-22 09:51:59,position,wallet_position,Not checked,,4.47
24,2026-05-22 09:51:59,position,wallet_position,Not checked,,4.98
24,2026-05-22 09:51:59,position,wallet_position,Not checked,,5.19
24,2026-05-22 09:51:59,position,wallet_position,Not checked,,4.93
24,2026-05-22 09:51:59,position,wallet_position,Not checked,,3.48
24,2026-05-22 09:51:59,position,wallet_position,Not checked,,5.13
24,2026-05-22 09:51:59,position,wallet_position,Not checked,,4.5
24,2026-05-22 09:51:59,position,wallet_position,Not checked,,5.23
24,2026-05-22 09:51:59,position,wallet_position,Not checked,,5.08
24,2026-05-22 09:51:59,position,wallet_position,Not checked,,3.5
24,2026-05-22 09:51:59,position,wallet_position,Not checked,,4.73
25,2026-05-22 09:52:04,trade,exact,Matched,212.0,5.26
25,2026-05-22 09:52:04,trade,orphan_wallet_trade,Exception,,5.11
25,2026-05-22 09:52:04,trade,exact,Matched,210.0,5.07
25,2026-05-22 09:52:04,trade,exact,Matched,209.0,2.5
25,2026-05-22 09:52:04,trade,exact,Matched,208.0,2.57
25,2026-05-22 09:52:04,trade,exact,Matched,207.0,5.25
25,2026-05-22 09:52:04,trade,exact,Matched,206.0,5.26
25,2026-05-22 09:52:04,trade,exact,Matched,205.0,1.96
25,2026-05-22 09:52:04,trade,exact,Matched,204.0,4.41
25,2026-05-22 09:52:04,trade,exact,Matched,203.0,1.73
25,2026-05-22 09:52:04,trade,exact,Matched,202.0,1.8
25,2026-05-22 09:52:04,trade,exact,Matched,201.0,4.5
25,2026-05-22 09:52:04,trade,exact,Matched,200.0,4.5
25,2026-05-22 09:52:04,trade,exact,Matched,199.0,4.5
25,2026-05-22 09:52:04,trade,exact,Matched,198.0,4.73
25,2026-05-22 09:52:04,trade,exact,Matched,197.0,4.74
25,2026-05-22 09:52:04,trade,exact,Matched,196.0,4.68
25,2026-05-22 09:52:04,trade,exact,Matched,195.0,4.74
25,2026-05-22 09:52:04,trade,exact,Matched,194.0,1.85
25,2026-05-22 09:52:04,trade,exact,Matched,193.0,2.75
25,2026-05-22 09:52:04,trade,exact,Matched,192.0,5.0
25,2026-05-22 09:52:04,position,wallet_position,Not checked,,11.97
25,2026-05-22 09:52:04,position,wallet_position,Not checked,,0.69
25,2026-05-22 09:52:04,position,wallet_position,Not checked,,1.11
25,2026-05-22 09:52:04,position,wallet_position,Not checked,,8.5
25,2026-05-22 09:52:04,position,wallet_position,Not checked,,5.75
25,2026-05-22 09:52:04,position,wallet_position,Not checked,,6.49
25,2026-05-22 09:52:04,position,wallet_position,Not checked,,5.61
25,2026-05-22 09:52:04,position,wallet_position,Not checked,,6.32
25,2026-05-22 09:52:04,position,wallet_position,Not checked,,4.47
25,2026-05-22 09:52:04,position,wallet_position,Not checked,,4.98
25,2026-05-22 09:52:04,position,wallet_position,Not checked,,5.19
25,2026-05-22 09:52:04,position,wallet_position,Not checked,,4.93
25,2026-05-22 09:52:04,position,wallet_position,Not checked,,3.48
25,2026-05-22 09:52:04,position,wallet_position,Not checked,,5.13
25,2026-05-22 09:52:04,position,wallet_position,Not checked,,4.5
25,2026-05-22 09:52:04,position,wallet_position,Not checked,,5.23
25,2026-05-22 09:52:04,position,wallet_position,Not checked,,5.08
25,2026-05-22 09:52:04,position,wallet_position,Not checked,,3.5
25,2026-05-22 09:52:04,position,wallet_position,Not checked,,4.73
26,2026-05-22 09:53:43,trade,exact,Matched,212.0,5.26
26,2026-05-22 09:53:43,trade,orphan_wallet_trade,Exception,,5.11
26,2026-05-22 09:53:43,trade,exact,Matched,210.0,5.07
26,2026-05-22 09:53:43,trade,exact,Matched,209.0,2.5
26,2026-05-22 09:53:43,trade,exact,Matched,208.0,2.57
26,2026-05-22 09:53:43,trade,exact,Matched,207.0,5.25
26,2026-05-22 09:53:43,trade,exact,Matched,206.0,5.26
26,2026-05-22 09:53:43,trade,exact,Matched,205.0,1.96
26,2026-05-22 09:53:43,trade,exact,Matched,204.0,4.41
26,2026-05-22 09:53:43,trade,exact,Matched,203.0,1.73
26,2026-05-22 09:53:43,trade,exact,Matched,202.0,1.8
26,2026-05-22 09:53:43,trade,exact,Matched,201.0,4.5
26,2026-05-22 09:53:43,trade,exact,Matched,200.0,4.5
26,2026-05-22 09:53:43,trade,exact,Matched,199.0,4.5
26,2026-05-22 09:53:43,trade,exact,Matched,198.0,4.73
26,2026-05-22 09:53:43,trade,exact,Matched,197.0,4.74
26,2026-05-22 09:53:43,trade,exact,Matched,196.0,4.68
26,2026-05-22 09:53:43,trade,exact,Matched,195.0,4.74
26,2026-05-22 09:53:43,trade,exact,Matched,194.0,1.85
26,2026-05-22 09:53:43,trade,exact,Matched,193.0,2.75
26,2026-05-22 09:53:43,trade,exact,Matched,192.0,5.0
26,2026-05-22 09:53:43,position,wallet_position,Not checked,,11.97
26,2026-05-22 09:53:43,position,wallet_position,Not checked,,0.69
26,2026-05-22 09:53:43,position,wallet_position,Not checked,,1.11
26,2026-05-22 09:53:43,position,wallet_position,Not checked,,8.5
26,2026-05-22 09:53:43,position,wallet_position,Not checked,,5.75
26,2026-05-22 09:53:43,position,wallet_position,Not checked,,6.49
26,2026-05-22 09:53:43,position,wallet_position,Not checked,,5.61
26,2026-05-22 09:53:43,position,wallet_position,Not checked,,6.32
26,2026-05-22 09:53:43,position,wallet_position,Not checked,,4.47
26,2026-05-22 09:53:43,position,wallet_position,Not checked,,4.98
26,2026-05-22 09:53:43,position,wallet_position,Not checked,,5.19
26,2026-05-22 09:53:43,position,wallet_position,Not checked,,4.93
26,2026-05-22 09:53:43,position,wallet_position,Not checked,,3.48
26,2026-05-22 09:53:43,position,wallet_position,Not checked,,5.13
26,2026-05-22 09:53:43,position,wallet_position,Not checked,,4.5
26,2026-05-22 09:53:43,position,wallet_position,Not checked,,5.23
26,2026-05-22 09:53:43,position,wallet_position,Not checked,,5.06
26,2026-05-22 09:53:43,position,wallet_position,Not checked,,3.63
26,2026-05-22 09:53:43,position,wallet_position,Not checked,,4.73
27,2026-05-22 09:58:44,trade,exact,Matched,212.0,5.26
27,2026-05-22 09:58:44,trade,orphan_wallet_trade,Exception,,5.11
27,2026-05-22 09:58:44,trade,exact,Matched,210.0,5.07
27,2026-05-22 09:58:44,trade,exact,Matched,209.0,2.5
27,2026-05-22 09:58:44,trade,exact,Matched,208.0,2.57
27,2026-05-22 09:58:44,trade,exact,Matched,207.0,5.25
27,2026-05-22 09:58:44,trade,exact,Matched,206.0,5.26
27,2026-05-22 09:58:44,trade,exact,Matched,205.0,1.96
27,2026-05-22 09:58:44,trade,exact,Matched,204.0,4.41
27,2026-05-22 09:58:44,trade,exact,Matched,203.0,1.73
27,2026-05-22 09:58:44,trade,exact,Matched,202.0,1.8
27,2026-05-22 09:58:44,trade,exact,Matched,201.0,4.5
27,2026-05-22 09:58:44,trade,exact,Matched,200.0,4.5
27,2026-05-22 09:58:44,trade,exact,Matched,199.0,4.5
27,2026-05-22 09:58:44,trade,exact,Matched,198.0,4.73
27,2026-05-22 09:58:44,trade,exact,Matched,197.0,4.74
27,2026-05-22 09:58:44,trade,exact,Matched,196.0,4.68
27,2026-05-22 09:58:44,trade,exact,Matched,195.0,4.74
27,2026-05-22 09:58:44,trade,exact,Matched,194.0,1.85
27,2026-05-22 09:58:44,trade,exact,Matched,193.0,2.75
27,2026-05-22 09:58:44,trade,exact,Matched,192.0,5.0
27,2026-05-22 09:58:44,position,wallet_position,Not checked,,11.39
27,2026-05-22 09:58:44,position,wallet_position,Not checked,,0.69
27,2026-05-22 09:58:44,position,wallet_position,Not checked,,1.11
27,2026-05-22 09:58:44,position,wallet_position,Not checked,,5.75
27,2026-05-22 09:58:44,position,wallet_position,Not checked,,6.49
27,2026-05-22 09:58:44,position,wallet_position,Not checked,,5.61
27,2026-05-22 09:58:44,position,wallet_position,Not checked,,6.32
27,2026-05-22 09:58:44,position,wallet_position,Not checked,,4.47
27,2026-05-22 09:58:44,position,wallet_position,Not checked,,4.89
27,2026-05-22 09:58:44,position,wallet_position,Not checked,,5.19
27,2026-05-22 09:58:44,position,wallet_position,Not checked,,4.98
27,2026-05-22 09:58:44,position,wallet_position,Not checked,,3.48
27,2026-05-22 09:58:44,position,wallet_position,Not checked,,5.13
27,2026-05-22 09:58:44,position,wallet_position,Not checked,,4.53
27,2026-05-22 09:58:44,position,wallet_position,Not checked,,5.23
27,2026-05-22 09:58:44,position,wallet_position,Not checked,,5.06
27,2026-05-22 09:58:44,position,wallet_position,Not checked,,3.63
27,2026-05-22 09:58:44,position,wallet_position,Not checked,,4.73
28,2026-05-22 09:58:47,trade,exact,Matched,212.0,5.26
28,2026-05-22 09:58:47,trade,orphan_wallet_trade,Exception,,5.11
28,2026-05-22 09:58:47,trade,exact,Matched,210.0,5.07
28,2026-05-22 09:58:47,trade,exact,Matched,209.0,2.5
28,2026-05-22 09:58:47,trade,exact,Matched,208.0,2.57
28,2026-05-22 09:58:47,trade,exact,Matched,207.0,5.25
28,2026-05-22 09:58:47,trade,exact,Matched,206.0,5.26
28,2026-05-22 09:58:47,trade,exact,Matched,205.0,1.96
28,2026-05-22 09:58:47,trade,exact,Matched,204.0,4.41
28,2026-05-22 09:58:47,trade,exact,Matched,203.0,1.73
28,2026-05-22 09:58:47,trade,exact,Matched,202.0,1.8
28,2026-05-22 09:58:47,trade,exact,Matched,201.0,4.5
28,2026-05-22 09:58:47,trade,exact,Matched,200.0,4.5
28,2026-05-22 09:58:47,trade,exact,Matched,199.0,4.5
28,2026-05-22 09:58:47,trade,exact,Matched,198.0,4.73
28,2026-05-22 09:58:47,trade,exact,Matched,197.0,4.74
28,2026-05-22 09:58:47,trade,exact,Matched,196.0,4.68
28,2026-05-22 09:58:47,trade,exact,Matched,195.0,4.74
28,2026-05-22 09:58:47,trade,exact,Matched,194.0,1.85
28,2026-05-22 09:58:47,trade,exact,Matched,193.0,2.75
28,2026-05-22 09:58:47,trade,exact,Matched,192.0,5.0
28,2026-05-22 09:58:47,position,wallet_position,Not checked,,11.39
28,2026-05-22 09:58:47,position,wallet_position,Not checked,,0.69
28,2026-05-22 09:58:47,position,wallet_position,Not checked,,1.11
28,2026-05-22 09:58:47,position,wallet_position,Not checked,,5.75
28,2026-05-22 09:58:47,position,wallet_position,Not checked,,6.49
28,2026-05-22 09:58:47,position,wallet_position,Not checked,,5.61
28,2026-05-22 09:58:47,position,wallet_position,Not checked,,6.32
28,2026-05-22 09:58:47,position,wallet_position,Not checked,,4.47
28,2026-05-22 09:58:47,position,wallet_position,Not checked,,4.89
28,2026-05-22 09:58:47,position,wallet_position,Not checked,,5.19
28,2026-05-22 09:58:47,position,wallet_position,Not checked,,4.98
28,2026-05-22 09:58:47,position,wallet_position,Not checked,,3.48
28,2026-05-22 09:58:47,position,wallet_position,Not checked,,5.13
28,2026-05-22 09:58:47,position,wallet_position,Not checked,,4.53
28,2026-05-22 09:58:47,position,wallet_position,Not checked,,5.23
28,2026-05-22 09:58:47,position,wallet_position,Not checked,,5.06
28,2026-05-22 09:58:47,position,wallet_position,Not checked,,3.63
28,2026-05-22 09:58:47,position,wallet_position,Not checked,,4.73
29,2026-05-22 10:01:13,trade,exact,Matched,212.0,5.26
29,2026-05-22 10:01:13,trade,orphan_wallet_trade,Exception,,5.11
29,2026-05-22 10:01:13,trade,exact,Matched,210.0,5.07
29,2026-05-22 10:01:13,trade,exact,Matched,209.0,2.5
29,2026-05-22 10:01:13,trade,exact,Matched,208.0,2.57
29,2026-05-22 10:01:13,trade,exact,Matched,207.0,5.25
29,2026-05-22 10:01:13,trade,exact,Matched,206.0,5.26
29,2026-05-22 10:01:13,trade,exact,Matched,205.0,1.96
29,2026-05-22 10:01:13,trade,exact,Matched,204.0,4.41
29,2026-05-22 10:01:13,trade,exact,Matched,203.0,1.73
29,2026-05-22 10:01:13,trade,exact,Matched,202.0,1.8
29,2026-05-22 10:01:13,trade,exact,Matched,201.0,4.5
29,2026-05-22 10:01:13,trade,exact,Matched,200.0,4.5
29,2026-05-22 10:01:13,trade,exact,Matched,199.0,4.5
29,2026-05-22 10:01:13,trade,exact,Matched,198.0,4.73
29,2026-05-22 10:01:13,trade,exact,Matched,197.0,4.74
29,2026-05-22 10:01:13,trade,exact,Matched,196.0,4.68
29,2026-05-22 10:01:13,trade,exact,Matched,195.0,4.74
29,2026-05-22 10:01:13,trade,exact,Matched,194.0,1.85
29,2026-05-22 10:01:13,trade,exact,Matched,193.0,2.75
29,2026-05-22 10:01:13,trade,exact,Matched,192.0,5.0
29,2026-05-22 10:01:13,position,wallet_position,Not checked,,11.39
29,2026-05-22 10:01:13,position,wallet_position,Not checked,,0.69
29,2026-05-22 10:01:13,position,wallet_position,Not checked,,1.11
29,2026-05-22 10:01:13,position,wallet_position,Not checked,,5.86
29,2026-05-22 10:01:13,position,wallet_position,Not checked,,5.61
29,2026-05-22 10:01:13,position,wallet_position,Not checked,,6.32
29,2026-05-22 10:01:13,position,wallet_position,Not checked,,4.47
29,2026-05-22 10:01:13,position,wallet_position,Not checked,,4.89
29,2026-05-22 10:01:13,position,wallet_position,Not checked,,5.19
29,2026-05-22 10:01:13,position,wallet_position,Not checked,,4.98
29,2026-05-22 10:01:13,position,wallet_position,Not checked,,3.45
29,2026-05-22 10:01:13,position,wallet_position,Not checked,,5.13
29,2026-05-22 10:01:13,position,wallet_position,Not checked,,4.53
29,2026-05-22 10:01:13,position,wallet_position,Not checked,,5.23
29,2026-05-22 10:01:13,position,wallet_position,Not checked,,5.06
29,2026-05-22 10:01:13,position,wallet_position,Not checked,,3.63
29,2026-05-22 10:01:13,position,wallet_position,Not checked,,4.73
30,2026-05-22 10:15:47,trade,exact,Matched,212.0,5.26
30,2026-05-22 10:15:47,trade,orphan_wallet_trade,Exception,,5.11
30,2026-05-22 10:15:47,trade,exact,Matched,210.0,5.07
30,2026-05-22 10:15:47,trade,exact,Matched,209.0,2.5
30,2026-05-22 10:15:47,trade,exact,Matched,208.0,2.57
30,2026-05-22 10:15:47,trade,exact,Matched,207.0,5.25
30,2026-05-22 10:15:47,trade,exact,Matched,206.0,5.26
30,2026-05-22 10:15:47,trade,exact,Matched,205.0,1.96
30,2026-05-22 10:15:47,trade,exact,Matched,204.0,4.41
30,2026-05-22 10:15:47,trade,exact,Matched,203.0,1.73
30,2026-05-22 10:15:47,trade,exact,Matched,202.0,1.8
30,2026-05-22 10:15:47,trade,exact,Matched,201.0,4.5
30,2026-05-22 10:15:47,trade,exact,Matched,200.0,4.5
30,2026-05-22 10:15:47,trade,exact,Matched,199.0,4.5
30,2026-05-22 10:15:47,trade,exact,Matched,198.0,4.73
30,2026-05-22 10:15:47,trade,exact,Matched,197.0,4.74
30,2026-05-22 10:15:47,trade,exact,Matched,196.0,4.68
30,2026-05-22 10:15:47,trade,exact,Matched,195.0,4.74
30,2026-05-22 10:15:47,trade,exact,Matched,194.0,1.85
30,2026-05-22 10:15:47,trade,exact,Matched,193.0,2.75
30,2026-05-22 10:15:47,trade,exact,Matched,192.0,5.0
30,2026-05-22 10:15:47,position,wallet_position,Not checked,,12.26
30,2026-05-22 10:15:47,position,wallet_position,Not checked,,0.69
30,2026-05-22 10:15:47,position,wallet_position,Not checked,,1.01
30,2026-05-22 10:15:47,position,wallet_position,Not checked,,5.82
30,2026-05-22 10:15:47,position,wallet_position,Not checked,,5.61
30,2026-05-22 10:15:47,position,wallet_position,Not checked,,4.38
30,2026-05-22 10:15:47,position,wallet_position,Not checked,,4.92
30,2026-05-22 10:15:47,position,wallet_position,Not checked,,5.22
30,2026-05-22 10:15:47,position,wallet_position,Not checked,,4.91
30,2026-05-22 10:15:47,position,wallet_position,Not checked,,3.04
30,2026-05-22 10:15:47,position,wallet_position,Not checked,,5.12
30,2026-05-22 10:15:47,position,wallet_position,Not checked,,4.56
30,2026-05-22 10:15:47,position,wallet_position,Not checked,,5.27
30,2026-05-22 10:15:47,position,wallet_position,Not checked,,5.08
30,2026-05-22 10:15:47,position,wallet_position,Not checked,,4.02
30,2026-05-22 10:15:47,position,wallet_position,Not checked,,4.71
31,2026-05-22 10:15:48,trade,exact,Matched,212.0,5.26
31,2026-05-22 10:15:48,trade,orphan_wallet_trade,Exception,,5.11
31,2026-05-22 10:15:48,trade,exact,Matched,210.0,5.07
31,2026-05-22 10:15:48,trade,exact,Matched,209.0,2.5
31,2026-05-22 10:15:48,trade,exact,Matched,208.0,2.57
31,2026-05-22 10:15:48,trade,exact,Matched,207.0,5.25
31,2026-05-22 10:15:48,trade,exact,Matched,206.0,5.26
31,2026-05-22 10:15:48,trade,exact,Matched,205.0,1.96
31,2026-05-22 10:15:48,trade,exact,Matched,204.0,4.41
31,2026-05-22 10:15:48,trade,exact,Matched,203.0,1.73
31,2026-05-22 10:15:48,trade,exact,Matched,202.0,1.8
31,2026-05-22 10:15:48,trade,exact,Matched,201.0,4.5
31,2026-05-22 10:15:48,trade,exact,Matched,200.0,4.5
31,2026-05-22 10:15:48,trade,exact,Matched,199.0,4.5
31,2026-05-22 10:15:48,trade,exact,Matched,198.0,4.73
31,2026-05-22 10:15:48,trade,exact,Matched,197.0,4.74
31,2026-05-22 10:15:48,trade,exact,Matched,196.0,4.68
31,2026-05-22 10:15:48,trade,exact,Matched,195.0,4.74
31,2026-05-22 10:15:48,trade,exact,Matched,194.0,1.85
31,2026-05-22 10:15:48,trade,exact,Matched,193.0,2.75
31,2026-05-22 10:15:48,trade,exact,Matched,192.0,5.0
31,2026-05-22 10:15:48,position,wallet_position,Not checked,,12.26
31,2026-05-22 10:15:48,position,wallet_position,Not checked,,0.69
31,2026-05-22 10:15:48,position,wallet_position,Not checked,,1.01
31,2026-05-22 10:15:48,position,wallet_position,Not checked,,5.82
31,2026-05-22 10:15:48,position,wallet_position,Not checked,,5.61
31,2026-05-22 10:15:48,position,wallet_position,Not checked,,4.38
31,2026-05-22 10:15:48,position,wallet_position,Not checked,,4.92
31,2026-05-22 10:15:48,position,wallet_position,Not checked,,5.22
31,2026-05-22 10:15:48,position,wallet_position,Not checked,,4.91
31,2026-05-22 10:15:48,position,wallet_position,Not checked,,3.04
31,2026-05-22 10:15:48,position,wallet_position,Not checked,,5.12
31,2026-05-22 10:15:48,position,wallet_position,Not checked,,4.56
31,2026-05-22 10:15:48,position,wallet_position,Not checked,,5.27
31,2026-05-22 10:15:48,position,wallet_position,Not checked,,5.08
31,2026-05-22 10:15:48,position,wallet_position,Not checked,,4.02
31,2026-05-22 10:15:48,position,wallet_position,Not checked,,4.71
32,2026-05-22 10:33:36,trade,exact,Matched,212.0,5.26
32,2026-05-22 10:33:36,trade,orphan_wallet_trade,Exception,,5.11
32,2026-05-22 10:33:36,trade,exact,Matched,210.0,5.07
32,2026-05-22 10:33:36,trade,exact,Matched,209.0,2.5
32,2026-05-22 10:33:36,trade,exact,Matched,208.0,2.57
32,2026-05-22 10:33:36,trade,exact,Matched,207.0,5.25
32,2026-05-22 10:33:36,trade,exact,Matched,206.0,5.26
32,2026-05-22 10:33:36,trade,exact,Matched,205.0,1.96
32,2026-05-22 10:33:36,trade,exact,Matched,204.0,4.41
32,2026-05-22 10:33:36,trade,exact,Matched,203.0,1.73
32,2026-05-22 10:33:36,trade,exact,Matched,202.0,1.8
32,2026-05-22 10:33:36,trade,exact,Matched,201.0,4.5
32,2026-05-22 10:33:36,trade,exact,Matched,200.0,4.5
32,2026-05-22 10:33:36,trade,exact,Matched,199.0,4.5
32,2026-05-22 10:33:36,trade,exact,Matched,198.0,4.73
32,2026-05-22 10:33:36,trade,exact,Matched,197.0,4.74
32,2026-05-22 10:33:36,trade,exact,Matched,196.0,4.68
32,2026-05-22 10:33:36,trade,exact,Matched,195.0,4.74
32,2026-05-22 10:33:36,trade,exact,Matched,194.0,1.85
32,2026-05-22 10:33:36,trade,exact,Matched,193.0,2.75
32,2026-05-22 10:33:36,trade,exact,Matched,192.0,5.0
32,2026-05-22 10:33:36,position,wallet_position,Not checked,,12.37
32,2026-05-22 10:33:36,position,wallet_position,Not checked,,0.67
32,2026-05-22 10:33:36,position,wallet_position,Not checked,,1.01
32,2026-05-22 10:33:36,position,wallet_position,Not checked,,5.75
32,2026-05-22 10:33:36,position,wallet_position,Not checked,,5.55
32,2026-05-22 10:33:36,position,wallet_position,Not checked,,4.44
32,2026-05-22 10:33:36,position,wallet_position,Not checked,,4.86
32,2026-05-22 10:33:36,position,wallet_position,Not checked,,5.13
32,2026-05-22 10:33:36,position,wallet_position,Not checked,,4.9
32,2026-05-22 10:33:36,position,wallet_position,Not checked,,2.84
32,2026-05-22 10:33:36,position,wallet_position,Not checked,,5.14
32,2026-05-22 10:33:36,position,wallet_position,Not checked,,4.59
32,2026-05-22 10:33:36,position,wallet_position,Not checked,,5.27
32,2026-05-22 10:33:36,position,wallet_position,Not checked,,5.08
32,2026-05-22 10:33:36,position,wallet_position,Not checked,,4.1
32,2026-05-22 10:33:36,position,wallet_position,Not checked,,4.73
33,2026-05-22 10:33:38,trade,exact,Matched,212.0,5.26
33,2026-05-22 10:33:38,trade,orphan_wallet_trade,Exception,,5.11
33,2026-05-22 10:33:38,trade,exact,Matched,210.0,5.07
33,2026-05-22 10:33:38,trade,exact,Matched,209.0,2.5
33,2026-05-22 10:33:38,trade,exact,Matched,208.0,2.57
33,2026-05-22 10:33:38,trade,exact,Matched,207.0,5.25
33,2026-05-22 10:33:38,trade,exact,Matched,206.0,5.26
33,2026-05-22 10:33:38,trade,exact,Matched,205.0,1.96
33,2026-05-22 10:33:38,trade,exact,Matched,204.0,4.41
33,2026-05-22 10:33:38,trade,exact,Matched,203.0,1.73
33,2026-05-22 10:33:38,trade,exact,Matched,202.0,1.8
33,2026-05-22 10:33:38,trade,exact,Matched,201.0,4.5
33,2026-05-22 10:33:38,trade,exact,Matched,200.0,4.5
33,2026-05-22 10:33:38,trade,exact,Matched,199.0,4.5
33,2026-05-22 10:33:38,trade,exact,Matched,198.0,4.73
33,2026-05-22 10:33:38,trade,exact,Matched,197.0,4.74
33,2026-05-22 10:33:38,trade,exact,Matched,196.0,4.68
33,2026-05-22 10:33:38,trade,exact,Matched,195.0,4.74
33,2026-05-22 10:33:38,trade,exact,Matched,194.0,1.85
33,2026-05-22 10:33:38,trade,exact,Matched,193.0,2.75
33,2026-05-22 10:33:38,trade,exact,Matched,192.0,5.0
33,2026-05-22 10:33:38,position,wallet_position,Not checked,,12.37
33,2026-05-22 10:33:38,position,wallet_position,Not checked,,0.67
33,2026-05-22 10:33:38,position,wallet_position,Not checked,,1.01
33,2026-05-22 10:33:38,position,wallet_position,Not checked,,5.75
33,2026-05-22 10:33:38,position,wallet_position,Not checked,,5.55
33,2026-05-22 10:33:38,position,wallet_position,Not checked,,4.44
33,2026-05-22 10:33:38,position,wallet_position,Not checked,,4.86
33,2026-05-22 10:33:38,position,wallet_position,Not checked,,5.13
33,2026-05-22 10:33:38,position,wallet_position,Not checked,,4.9
33,2026-05-22 10:33:38,position,wallet_position,Not checked,,2.84
33,2026-05-22 10:33:38,position,wallet_position,Not checked,,5.14
33,2026-05-22 10:33:38,position,wallet_position,Not checked,,4.59
33,2026-05-22 10:33:38,position,wallet_position,Not checked,,5.27
33,2026-05-22 10:33:38,position,wallet_position,Not checked,,5.08
33,2026-05-22 10:33:38,position,wallet_position,Not checked,,4.1
33,2026-05-22 10:33:38,position,wallet_position,Not checked,,4.73
34,2026-05-22 10:41:44,trade,exact,Matched,212.0,5.26
34,2026-05-22 10:41:44,trade,exact,Matched,211.0,5.11
34,2026-05-22 10:41:44,trade,exact,Matched,210.0,5.07
34,2026-05-22 10:41:44,trade,exact,Matched,209.0,2.5
34,2026-05-22 10:41:44,trade,exact,Matched,208.0,2.57
34,2026-05-22 10:41:44,trade,exact,Matched,207.0,5.25
34,2026-05-22 10:41:44,trade,exact,Matched,206.0,5.26
34,2026-05-22 10:41:44,trade,exact,Matched,205.0,1.96
34,2026-05-22 10:41:44,trade,exact,Matched,204.0,4.41
34,2026-05-22 10:41:44,trade,exact,Matched,203.0,1.73
34,2026-05-22 10:41:44,trade,exact,Matched,202.0,1.8
34,2026-05-22 10:41:44,trade,exact,Matched,201.0,4.5
34,2026-05-22 10:41:44,trade,exact,Matched,200.0,4.5
34,2026-05-22 10:41:44,trade,exact,Matched,199.0,4.5
34,2026-05-22 10:41:44,trade,exact,Matched,198.0,4.73
34,2026-05-22 10:41:44,trade,exact,Matched,197.0,4.74
34,2026-05-22 10:41:44,trade,exact,Matched,196.0,4.68
34,2026-05-22 10:41:44,trade,exact,Matched,195.0,4.74
34,2026-05-22 10:41:44,trade,exact,Matched,194.0,1.85
34,2026-05-22 10:41:44,trade,exact,Matched,193.0,2.75
34,2026-05-22 10:41:44,trade,exact,Matched,192.0,5.0
34,2026-05-22 10:41:44,position,wallet_position,Not checked,,12.37
34,2026-05-22 10:41:44,position,wallet_position,Not checked,,0.67
34,2026-05-22 10:41:44,position,wallet_position,Not checked,,0.99
34,2026-05-22 10:41:44,position,wallet_position,Not checked,,5.75
34,2026-05-22 10:41:44,position,wallet_position,Not checked,,5.42
34,2026-05-22 10:41:44,position,wallet_position,Not checked,,4.44
34,2026-05-22 10:41:44,position,wallet_position,Not checked,,4.86
34,2026-05-22 10:41:44,position,wallet_position,Not checked,,5.1
34,2026-05-22 10:41:44,position,wallet_position,Not checked,,4.9
34,2026-05-22 10:41:44,position,wallet_position,Not checked,,2.84
34,2026-05-22 10:41:44,position,wallet_position,Not checked,,5.14
34,2026-05-22 10:41:44,position,wallet_position,Not checked,,4.59
34,2026-05-22 10:41:44,position,wallet_position,Not checked,,5.36
34,2026-05-22 10:41:44,position,wallet_position,Not checked,,5.1
34,2026-05-22 10:41:44,position,wallet_position,Not checked,,4.52
34,2026-05-22 10:41:44,position,wallet_position,Not checked,,4.78
35,2026-05-22 10:41:45,trade,exact,Matched,212.0,5.26
35,2026-05-22 10:41:45,trade,exact,Matched,211.0,5.11
35,2026-05-22 10:41:45,trade,exact,Matched,210.0,5.07
35,2026-05-22 10:41:45,trade,exact,Matched,209.0,2.5
35,2026-05-22 10:41:45,trade,exact,Matched,208.0,2.57
35,2026-05-22 10:41:45,trade,exact,Matched,207.0,5.25
35,2026-05-22 10:41:45,trade,exact,Matched,206.0,5.26
35,2026-05-22 10:41:45,trade,exact,Matched,205.0,1.96
35,2026-05-22 10:41:45,trade,exact,Matched,204.0,4.41
35,2026-05-22 10:41:45,trade,exact,Matched,203.0,1.73
35,2026-05-22 10:41:45,trade,exact,Matched,202.0,1.8
35,2026-05-22 10:41:45,trade,exact,Matched,201.0,4.5
35,2026-05-22 10:41:45,trade,exact,Matched,200.0,4.5
35,2026-05-22 10:41:45,trade,exact,Matched,199.0,4.5
35,2026-05-22 10:41:45,trade,exact,Matched,198.0,4.73
35,2026-05-22 10:41:45,trade,exact,Matched,197.0,4.74
35,2026-05-22 10:41:45,trade,exact,Matched,196.0,4.68
35,2026-05-22 10:41:45,trade,exact,Matched,195.0,4.74
35,2026-05-22 10:41:45,trade,exact,Matched,194.0,1.85
35,2026-05-22 10:41:45,trade,exact,Matched,193.0,2.75
35,2026-05-22 10:41:45,trade,exact,Matched,192.0,5.0
35,2026-05-22 10:41:45,position,wallet_position,Not checked,,12.37
35,2026-05-22 10:41:45,position,wallet_position,Not checked,,0.67
35,2026-05-22 10:41:45,position,wallet_position,Not checked,,0.99
35,2026-05-22 10:41:45,position,wallet_position,Not checked,,5.75
35,2026-05-22 10:41:45,position,wallet_position,Not checked,,5.42
35,2026-05-22 10:41:45,position,wallet_position,Not checked,,4.44
35,2026-05-22 10:41:45,position,wallet_position,Not checked,,4.86
35,2026-05-22 10:41:45,position,wallet_position,Not checked,,5.1
35,2026-05-22 10:41:45,position,wallet_position,Not checked,,4.9
35,2026-05-22 10:41:45,position,wallet_position,Not checked,,2.84
35,2026-05-22 10:41:45,position,wallet_position,Not checked,,5.14
35,2026-05-22 10:41:45,position,wallet_position,Not checked,,4.59
35,2026-05-22 10:41:45,position,wallet_position,Not checked,,5.36
35,2026-05-22 10:41:45,position,wallet_position,Not checked,,5.1
35,2026-05-22 10:41:45,position,wallet_position,Not checked,,4.52
35,2026-05-22 10:41:45,position,wallet_position,Not checked,,4.78
36,2026-05-22 10:41:54,trade,exact,Matched,212.0,5.26
36,2026-05-22 10:41:54,trade,exact,Matched,211.0,5.11
36,2026-05-22 10:41:54,trade,exact,Matched,210.0,5.07
36,2026-05-22 10:41:54,trade,exact,Matched,209.0,2.5
36,2026-05-22 10:41:54,trade,exact,Matched,208.0,2.57
36,2026-05-22 10:41:54,trade,exact,Matched,207.0,5.25
36,2026-05-22 10:41:54,trade,exact,Matched,206.0,5.26
36,2026-05-22 10:41:54,trade,exact,Matched,205.0,1.96
36,2026-05-22 10:41:54,trade,exact,Matched,204.0,4.41
36,2026-05-22 10:41:54,trade,exact,Matched,203.0,1.73
36,2026-05-22 10:41:54,trade,exact,Matched,202.0,1.8
36,2026-05-22 10:41:54,trade,exact,Matched,201.0,4.5
36,2026-05-22 10:41:54,trade,exact,Matched,200.0,4.5
36,2026-05-22 10:41:54,trade,exact,Matched,199.0,4.5
36,2026-05-22 10:41:54,trade,exact,Matched,198.0,4.73
36,2026-05-22 10:41:54,trade,exact,Matched,197.0,4.74
36,2026-05-22 10:41:54,trade,exact,Matched,196.0,4.68
36,2026-05-22 10:41:54,trade,exact,Matched,195.0,4.74
36,2026-05-22 10:41:54,trade,exact,Matched,194.0,1.85
36,2026-05-22 10:41:54,trade,exact,Matched,193.0,2.75
36,2026-05-22 10:41:54,trade,exact,Matched,192.0,5.0
36,2026-05-22 10:41:54,position,wallet_position,Not checked,,12.37
36,2026-05-22 10:41:54,position,wallet_position,Not checked,,0.67
36,2026-05-22 10:41:54,position,wallet_position,Not checked,,0.99
36,2026-05-22 10:41:54,position,wallet_position,Not checked,,5.75
36,2026-05-22 10:41:54,position,wallet_position,Not checked,,5.42
36,2026-05-22 10:41:54,position,wallet_position,Not checked,,4.44
36,2026-05-22 10:41:54,position,wallet_position,Not checked,,4.86
36,2026-05-22 10:41:54,position,wallet_position,Not checked,,5.1
36,2026-05-22 10:41:54,position,wallet_position,Not checked,,4.9
36,2026-05-22 10:41:54,position,wallet_position,Not checked,,2.84
36,2026-05-22 10:41:54,position,wallet_position,Not checked,,5.14
36,2026-05-22 10:41:54,position,wallet_position,Not checked,,4.59
36,2026-05-22 10:41:54,position,wallet_position,Not checked,,5.36
36,2026-05-22 10:41:54,position,wallet_position,Not checked,,5.1
36,2026-05-22 10:41:54,position,wallet_position,Not checked,,4.52
36,2026-05-22 10:41:54,position,wallet_position,Not checked,,4.78
37,2026-05-22 11:31:25,trade,exact,Matched,212.0,5.26
37,2026-05-22 11:31:25,trade,exact,Matched,211.0,5.11
37,2026-05-22 11:31:25,trade,exact,Matched,210.0,5.07
37,2026-05-22 11:31:25,trade,exact,Matched,209.0,2.5
37,2026-05-22 11:31:25,trade,exact,Matched,208.0,2.57
37,2026-05-22 11:31:25,trade,exact,Matched,207.0,5.25
37,2026-05-22 11:31:25,trade,exact,Matched,206.0,5.26
37,2026-05-22 11:31:25,trade,exact,Matched,205.0,1.96
37,2026-05-22 11:31:25,trade,exact,Matched,204.0,4.41
37,2026-05-22 11:31:25,trade,exact,Matched,203.0,1.73
37,2026-05-22 11:31:25,trade,exact,Matched,202.0,1.8
37,2026-05-22 11:31:25,trade,exact,Matched,201.0,4.5
37,2026-05-22 11:31:25,trade,exact,Matched,200.0,4.5
37,2026-05-22 11:31:25,trade,exact,Matched,199.0,4.5
37,2026-05-22 11:31:25,trade,exact,Matched,198.0,4.73
37,2026-05-22 11:31:25,trade,exact,Matched,197.0,4.74
37,2026-05-22 11:31:25,trade,exact,Matched,196.0,4.68
37,2026-05-22 11:31:25,trade,exact,Matched,195.0,4.74
37,2026-05-22 11:31:25,trade,exact,Matched,194.0,1.85
37,2026-05-22 11:31:25,trade,exact,Matched,193.0,2.75
37,2026-05-22 11:31:25,trade,exact,Matched,192.0,5.0
37,2026-05-22 11:31:25,position,api_position_mismatch,Exception,205.0,10.74
37,2026-05-22 11:31:25,position,api_position_matched,Matched,203.0,0.33
37,2026-05-22 11:31:25,position,api_position_matched,Matched,202.0,1.22
37,2026-05-22 11:31:25,position,api_position_matched,Matched,207.0,6.03
37,2026-05-22 11:31:25,position,api_position_matched,Matched,206.0,4.9
37,2026-05-22 11:31:25,position,api_position_matched,Matched,204.0,4.71
37,2026-05-22 11:31:25,position,api_position_matched,Matched,210.0,4.92
37,2026-05-22 11:31:25,position,api_position_matched,Matched,208.0,5.22
37,2026-05-22 11:31:25,position,api_position_matched,Matched,211.0,5.04
37,2026-05-22 11:31:25,position,api_position_matched,Matched,197.0,2.92
37,2026-05-22 11:31:25,position,api_position_matched,Matched,212.0,5.18
37,2026-05-22 11:31:25,position,api_position_matched,Matched,200.0,4.53
37,2026-05-22 11:31:25,position,api_position_matched,Matched,199.0,5.36
37,2026-05-22 11:31:25,position,api_position_matched,Matched,196.0,5.13
37,2026-05-22 11:31:25,position,api_position_matched,Matched,198.0,5.26
37,2026-05-22 11:31:25,position,api_position_matched,Matched,201.0,4.81
38,2026-05-22 11:31:28,trade,exact,Matched,212.0,5.26
38,2026-05-22 11:31:28,trade,exact,Matched,211.0,5.11
38,2026-05-22 11:31:28,trade,exact,Matched,210.0,5.07
38,2026-05-22 11:31:28,trade,exact,Matched,209.0,2.5
38,2026-05-22 11:31:28,trade,exact,Matched,208.0,2.57
38,2026-05-22 11:31:28,trade,exact,Matched,207.0,5.25
38,2026-05-22 11:31:28,trade,exact,Matched,206.0,5.26
38,2026-05-22 11:31:28,trade,exact,Matched,205.0,1.96
38,2026-05-22 11:31:28,trade,exact,Matched,204.0,4.41
38,2026-05-22 11:31:28,trade,exact,Matched,203.0,1.73
38,2026-05-22 11:31:28,trade,exact,Matched,202.0,1.8
38,2026-05-22 11:31:28,trade,exact,Matched,201.0,4.5
38,2026-05-22 11:31:28,trade,exact,Matched,200.0,4.5
38,2026-05-22 11:31:28,trade,exact,Matched,199.0,4.5
38,2026-05-22 11:31:28,trade,exact,Matched,198.0,4.73
38,2026-05-22 11:31:28,trade,exact,Matched,197.0,4.74
38,2026-05-22 11:31:28,trade,exact,Matched,196.0,4.68
38,2026-05-22 11:31:28,trade,exact,Matched,195.0,4.74
38,2026-05-22 11:31:28,trade,exact,Matched,194.0,1.85
38,2026-05-22 11:31:28,trade,exact,Matched,193.0,2.75
38,2026-05-22 11:31:28,trade,exact,Matched,192.0,5.0
38,2026-05-22 11:31:28,position,api_position_mismatch,Exception,205.0,10.74
38,2026-05-22 11:31:28,position,api_position_matched,Matched,203.0,0.33
38,2026-05-22 11:31:28,position,api_position_matched,Matched,202.0,1.22
38,2026-05-22 11:31:28,position,api_position_matched,Matched,207.0,6.03
38,2026-05-22 11:31:28,position,api_position_matched,Matched,206.0,4.9
38,2026-05-22 11:31:28,position,api_position_matched,Matched,204.0,4.71
38,2026-05-22 11:31:28,position,api_position_matched,Matched,210.0,4.92
38,2026-05-22 11:31:28,position,api_position_matched,Matched,208.0,5.22
38,2026-05-22 11:31:28,position,api_position_matched,Matched,211.0,5.04
38,2026-05-22 11:31:28,position,api_position_matched,Matched,197.0,2.92
38,2026-05-22 11:31:28,position,api_position_matched,Matched,212.0,5.18
38,2026-05-22 11:31:28,position,api_position_matched,Matched,200.0,4.53
38,2026-05-22 11:31:28,position,api_position_unmatched,Exception,,5.36
38,2026-05-22 11:31:28,position,api_position_matched,Matched,196.0,5.13
38,2026-05-22 11:31:28,position,api_position_matched,Matched,198.0,5.26
38,2026-05-22 11:31:28,position,api_position_matched,Matched,201.0,4.81
39,2026-05-22 11:43:37,trade,exact,Matched,212.0,5.26
39,2026-05-22 11:43:37,trade,exact,Matched,211.0,5.11
39,2026-05-22 11:43:37,trade,exact,Matched,210.0,5.07
39,2026-05-22 11:43:37,trade,exact,Matched,209.0,2.5
39,2026-05-22 11:43:37,trade,exact,Matched,208.0,2.57
39,2026-05-22 11:43:37,trade,exact,Matched,207.0,5.25
39,2026-05-22 11:43:37,trade,exact,Matched,206.0,5.26
39,2026-05-22 11:43:37,trade,exact,Matched,205.0,1.96
39,2026-05-22 11:43:37,trade,exact,Matched,204.0,4.41
39,2026-05-22 11:43:37,trade,exact,Matched,203.0,1.73
39,2026-05-22 11:43:37,trade,exact,Matched,202.0,1.8
39,2026-05-22 11:43:37,trade,exact,Matched,201.0,4.5
39,2026-05-22 11:43:37,trade,exact,Matched,200.0,4.5
39,2026-05-22 11:43:37,trade,exact,Matched,199.0,4.5
39,2026-05-22 11:43:37,trade,exact,Matched,198.0,4.73
39,2026-05-22 11:43:37,trade,exact,Matched,197.0,4.74
39,2026-05-22 11:43:37,trade,exact,Matched,196.0,4.68
39,2026-05-22 11:43:37,trade,exact,Matched,195.0,4.74
39,2026-05-22 11:43:37,trade,exact,Matched,194.0,1.85
39,2026-05-22 11:43:37,trade,exact,Matched,193.0,2.75
39,2026-05-22 11:43:37,trade,exact,Matched,192.0,5.0
39,2026-05-22 11:43:37,position,api_position_matched,Matched,205.0,11.57
39,2026-05-22 11:43:37,position,api_position_matched,Matched,203.0,0.34
39,2026-05-22 11:43:37,position,api_position_matched,Matched,202.0,1.22
39,2026-05-22 11:43:37,position,api_position_matched,Matched,207.0,6.07
39,2026-05-22 11:43:37,position,api_position_matched,Matched,206.0,5.03
39,2026-05-22 11:43:37,position,api_position_matched,Matched,204.0,4.74
39,2026-05-22 11:43:37,position,api_position_matched,Matched,210.0,4.92
39,2026-05-22 11:43:37,position,api_position_matched,Matched,208.0,5.19
39,2026-05-22 11:43:37,position,api_position_matched,Matched,211.0,4.97
39,2026-05-22 11:43:37,position,api_position_matched,Matched,197.0,1.87
39,2026-05-22 11:43:37,position,api_position_matched,Matched,212.0,5.18
39,2026-05-22 11:43:37,position,api_position_matched,Matched,200.0,4.53
39,2026-05-22 11:43:37,position,api_position_matched,Matched,196.0,5.13
39,2026-05-22 11:43:37,position,api_position_matched,Matched,198.0,5.26
39,2026-05-22 11:43:37,position,api_position_matched,Matched,201.0,4.81
40,2026-05-22 11:43:39,trade,exact,Matched,212.0,5.26
40,2026-05-22 11:43:39,trade,exact,Matched,211.0,5.11
40,2026-05-22 11:43:39,trade,exact,Matched,210.0,5.07
40,2026-05-22 11:43:39,trade,exact,Matched,209.0,2.5
40,2026-05-22 11:43:39,trade,exact,Matched,208.0,2.57
40,2026-05-22 11:43:39,trade,exact,Matched,207.0,5.25
40,2026-05-22 11:43:39,trade,exact,Matched,206.0,5.26
40,2026-05-22 11:43:39,trade,exact,Matched,205.0,1.96
40,2026-05-22 11:43:39,trade,exact,Matched,204.0,4.41
40,2026-05-22 11:43:39,trade,exact,Matched,203.0,1.73
40,2026-05-22 11:43:39,trade,exact,Matched,202.0,1.8
40,2026-05-22 11:43:39,trade,exact,Matched,201.0,4.5
40,2026-05-22 11:43:39,trade,exact,Matched,200.0,4.5
40,2026-05-22 11:43:39,trade,exact,Matched,199.0,4.5
40,2026-05-22 11:43:39,trade,exact,Matched,198.0,4.73
40,2026-05-22 11:43:39,trade,exact,Matched,197.0,4.74
40,2026-05-22 11:43:39,trade,exact,Matched,196.0,4.68
40,2026-05-22 11:43:39,trade,exact,Matched,195.0,4.74
40,2026-05-22 11:43:39,trade,exact,Matched,194.0,1.85
40,2026-05-22 11:43:39,trade,exact,Matched,193.0,2.75
40,2026-05-22 11:43:39,trade,exact,Matched,192.0,5.0
40,2026-05-22 11:43:39,position,api_position_matched,Matched,205.0,11.57
40,2026-05-22 11:43:39,position,api_position_matched,Matched,203.0,0.34
40,2026-05-22 11:43:39,position,api_position_matched,Matched,202.0,1.22
40,2026-05-22 11:43:39,position,api_position_matched,Matched,207.0,6.07
40,2026-05-22 11:43:39,position,api_position_matched,Matched,206.0,5.03
40,2026-05-22 11:43:39,position,api_position_matched,Matched,204.0,4.74
40,2026-05-22 11:43:39,position,api_position_matched,Matched,210.0,4.92
40,2026-05-22 11:43:39,position,api_position_matched,Matched,208.0,5.19
40,2026-05-22 11:43:39,position,api_position_matched,Matched,211.0,4.97
40,2026-05-22 11:43:39,position,api_position_matched,Matched,197.0,1.87
40,2026-05-22 11:43:39,position,api_position_matched,Matched,212.0,5.18
40,2026-05-22 11:43:39,position,api_position_matched,Matched,200.0,4.53
40,2026-05-22 11:43:39,position,api_position_matched,Matched,196.0,5.13
40,2026-05-22 11:43:39,position,api_position_matched,Matched,198.0,5.26
40,2026-05-22 11:43:39,position,api_position_matched,Matched,201.0,4.81
41,2026-05-22 11:55:25,trade,exact,Matched,212.0,5.26
41,2026-05-22 11:55:25,trade,exact,Matched,211.0,5.11
41,2026-05-22 11:55:25,trade,exact,Matched,210.0,5.07
41,2026-05-22 11:55:25,trade,exact,Matched,209.0,2.5
41,2026-05-22 11:55:25,trade,exact,Matched,208.0,2.57
41,2026-05-22 11:55:25,trade,exact,Matched,207.0,5.25
41,2026-05-22 11:55:25,trade,exact,Matched,206.0,5.26
41,2026-05-22 11:55:25,trade,exact,Matched,205.0,1.96
41,2026-05-22 11:55:25,trade,exact,Matched,204.0,4.41
41,2026-05-22 11:55:25,trade,exact,Matched,203.0,1.73
41,2026-05-22 11:55:25,trade,exact,Matched,202.0,1.8
41,2026-05-22 11:55:25,trade,exact,Matched,201.0,4.5
41,2026-05-22 11:55:25,trade,exact,Matched,200.0,4.5
41,2026-05-22 11:55:25,trade,exact,Matched,199.0,4.5
41,2026-05-22 11:55:25,trade,exact,Matched,198.0,4.73
41,2026-05-22 11:55:25,trade,exact,Matched,197.0,4.74
41,2026-05-22 11:55:25,trade,exact,Matched,196.0,4.68
41,2026-05-22 11:55:25,trade,exact,Matched,195.0,4.74
41,2026-05-22 11:55:25,trade,exact,Matched,194.0,1.85
41,2026-05-22 11:55:25,trade,exact,Matched,193.0,2.75
41,2026-05-22 11:55:25,trade,exact,Matched,192.0,5.0
41,2026-05-22 11:55:25,position,api_position_matched,Matched,205.0,10.41
41,2026-05-22 11:55:25,position,api_position_matched,Matched,203.0,0.33
41,2026-05-22 11:55:25,position,api_position_matched,Matched,202.0,1.22
41,2026-05-22 11:55:25,position,api_position_matched,Matched,207.0,6.07
41,2026-05-22 11:55:25,position,api_position_matched,Matched,206.0,4.87
41,2026-05-22 11:55:25,position,api_position_matched,Matched,204.0,4.71
41,2026-05-22 11:55:25,position,api_position_matched,Matched,210.0,4.95
41,2026-05-22 11:55:25,position,api_position_matched,Matched,208.0,5.22
41,2026-05-22 11:55:25,position,api_position_matched,Matched,211.0,5.06
41,2026-05-22 11:55:25,position,api_position_matched,Matched,197.0,1.14
41,2026-05-22 11:55:25,position,api_position_matched,Matched,212.0,5.13
41,2026-05-22 11:55:25,position,api_position_matched,Matched,200.0,4.5
41,2026-05-22 11:55:25,position,api_position_matched,Matched,196.0,5.13
41,2026-05-22 11:55:25,position,api_position_matched,Matched,198.0,5.26
41,2026-05-22 11:55:25,position,api_position_matched,Matched,201.0,4.83
42,2026-05-22 11:55:28,trade,exact,Matched,212.0,5.26
42,2026-05-22 11:55:28,trade,exact,Matched,211.0,5.11
42,2026-05-22 11:55:28,trade,exact,Matched,210.0,5.07
42,2026-05-22 11:55:28,trade,exact,Matched,209.0,2.5
42,2026-05-22 11:55:28,trade,exact,Matched,208.0,2.57
42,2026-05-22 11:55:28,trade,exact,Matched,207.0,5.25
42,2026-05-22 11:55:28,trade,exact,Matched,206.0,5.26
42,2026-05-22 11:55:28,trade,exact,Matched,205.0,1.96
42,2026-05-22 11:55:28,trade,exact,Matched,204.0,4.41
42,2026-05-22 11:55:28,trade,exact,Matched,203.0,1.73
42,2026-05-22 11:55:28,trade,exact,Matched,202.0,1.8
42,2026-05-22 11:55:28,trade,exact,Matched,201.0,4.5
42,2026-05-22 11:55:28,trade,exact,Matched,200.0,4.5
42,2026-05-22 11:55:28,trade,exact,Matched,199.0,4.5
42,2026-05-22 11:55:28,trade,exact,Matched,198.0,4.73
42,2026-05-22 11:55:28,trade,exact,Matched,197.0,4.74
42,2026-05-22 11:55:28,trade,exact,Matched,196.0,4.68
42,2026-05-22 11:55:28,trade,exact,Matched,195.0,4.74
42,2026-05-22 11:55:28,trade,exact,Matched,194.0,1.85
42,2026-05-22 11:55:28,trade,exact,Matched,193.0,2.75
42,2026-05-22 11:55:28,trade,exact,Matched,192.0,5.0
42,2026-05-22 11:55:28,position,api_position_matched,Matched,205.0,10.41
42,2026-05-22 11:55:28,position,api_position_matched,Matched,203.0,0.33
42,2026-05-22 11:55:28,position,api_position_matched,Matched,202.0,1.22
42,2026-05-22 11:55:28,position,api_position_matched,Matched,207.0,6.07
42,2026-05-22 11:55:28,position,api_position_matched,Matched,206.0,4.87
42,2026-05-22 11:55:28,position,api_position_matched,Matched,204.0,4.71
42,2026-05-22 11:55:28,position,api_position_matched,Matched,210.0,4.95
42,2026-05-22 11:55:28,position,api_position_matched,Matched,208.0,5.22
42,2026-05-22 11:55:28,position,api_position_matched,Matched,211.0,5.06
42,2026-05-22 11:55:28,position,api_position_matched,Matched,197.0,1.14
42,2026-05-22 11:55:28,position,api_position_matched,Matched,212.0,5.13
42,2026-05-22 11:55:28,position,api_position_matched,Matched,200.0,4.5
42,2026-05-22 11:55:28,position,api_position_matched,Matched,196.0,5.13
42,2026-05-22 11:55:28,position,api_position_unmatched,Exception,,5.26
42,2026-05-22 11:55:28,position,api_position_matched,Matched,201.0,4.83
43,2026-05-22 11:56:10,trade,exact,Matched,212.0,5.26
43,2026-05-22 11:56:10,trade,exact,Matched,211.0,5.11
43,2026-05-22 11:56:10,trade,exact,Matched,210.0,5.07
43,2026-05-22 11:56:10,trade,exact,Matched,209.0,2.5
43,2026-05-22 11:56:10,trade,exact,Matched,208.0,2.57
43,2026-05-22 11:56:10,trade,exact,Matched,207.0,5.25
43,2026-05-22 11:56:10,trade,exact,Matched,206.0,5.26
43,2026-05-22 11:56:10,trade,exact,Matched,205.0,1.96
43,2026-05-22 11:56:10,trade,exact,Matched,204.0,4.41
43,2026-05-22 11:56:10,trade,exact,Matched,203.0,1.73
43,2026-05-22 11:56:10,trade,exact,Matched,202.0,1.8
43,2026-05-22 11:56:10,trade,exact,Matched,201.0,4.5
43,2026-05-22 11:56:10,trade,exact,Matched,200.0,4.5
43,2026-05-22 11:56:10,trade,exact,Matched,199.0,4.5
43,2026-05-22 11:56:10,trade,exact,Matched,198.0,4.73
43,2026-05-22 11:56:10,trade,exact,Matched,197.0,4.74
43,2026-05-22 11:56:10,trade,exact,Matched,196.0,4.68
43,2026-05-22 11:56:10,trade,exact,Matched,195.0,4.74
43,2026-05-22 11:56:10,trade,exact,Matched,194.0,1.85
43,2026-05-22 11:56:10,trade,exact,Matched,193.0,2.75
43,2026-05-22 11:56:10,trade,exact,Matched,192.0,5.0
43,2026-05-22 11:56:10,position,api_position_matched,Matched,205.0,10.41
43,2026-05-22 11:56:10,position,api_position_matched,Matched,203.0,0.33
43,2026-05-22 11:56:10,position,api_position_matched,Matched,202.0,1.22
43,2026-05-22 11:56:10,position,api_position_matched,Matched,207.0,6.07
43,2026-05-22 11:56:10,position,api_position_matched,Matched,206.0,4.87
43,2026-05-22 11:56:10,position,api_position_matched,Matched,204.0,4.71
43,2026-05-22 11:56:10,position,api_position_matched,Matched,210.0,4.95
43,2026-05-22 11:56:10,position,api_position_matched,Matched,208.0,5.22
43,2026-05-22 11:56:10,position,api_position_matched,Matched,211.0,5.06
43,2026-05-22 11:56:10,position,api_position_matched,Matched,197.0,0.5
43,2026-05-22 11:56:10,position,api_position_matched,Matched,212.0,5.13
43,2026-05-22 11:56:10,position,api_position_matched,Matched,200.0,4.5
43,2026-05-22 11:56:10,position,api_position_matched,Matched,196.0,5.13
43,2026-05-22 11:56:10,position,api_position_matched,Matched,201.0,4.83
44,2026-05-22 12:18:24,trade,exact,Matched,212.0,5.26
44,2026-05-22 12:18:24,trade,exact,Matched,211.0,5.11
44,2026-05-22 12:18:24,trade,exact,Matched,210.0,5.07
44,2026-05-22 12:18:24,trade,exact,Matched,209.0,2.5
44,2026-05-22 12:18:24,trade,exact,Matched,208.0,2.57
44,2026-05-22 12:18:24,trade,exact,Matched,207.0,5.25
44,2026-05-22 12:18:24,trade,exact,Matched,206.0,5.26
44,2026-05-22 12:18:24,trade,exact,Matched,205.0,1.96
44,2026-05-22 12:18:24,trade,exact,Matched,204.0,4.41
44,2026-05-22 12:18:24,trade,exact,Matched,203.0,1.73
44,2026-05-22 12:18:24,trade,exact,Matched,202.0,1.8
44,2026-05-22 12:18:24,trade,exact,Matched,201.0,4.5
44,2026-05-22 12:18:24,trade,exact,Matched,200.0,4.5
44,2026-05-22 12:18:24,trade,exact,Matched,199.0,4.5
44,2026-05-22 12:18:24,trade,exact,Matched,198.0,4.73
44,2026-05-22 12:18:24,trade,exact,Matched,197.0,4.74
44,2026-05-22 12:18:24,trade,exact,Matched,196.0,4.68
44,2026-05-22 12:18:24,trade,exact,Matched,195.0,4.74
44,2026-05-22 12:18:24,trade,exact,Matched,194.0,1.85
44,2026-05-22 12:18:24,trade,exact,Matched,193.0,2.75
44,2026-05-22 12:18:24,trade,exact,Matched,192.0,5.0
44,2026-05-22 12:18:24,position,api_position_matched,Matched,205.0,9.76
44,2026-05-22 12:18:24,position,api_position_matched,Matched,203.0,0.19
44,2026-05-22 12:18:24,position,api_position_matched,Matched,202.0,1.0
44,2026-05-22 12:18:24,position,api_position_matched,Matched,207.0,6.18
44,2026-05-22 12:18:24,position,api_position_matched,Matched,206.0,5.32
44,2026-05-22 12:18:24,position,api_position_matched,Matched,204.0,4.68
44,2026-05-22 12:18:24,position,api_position_matched,Matched,210.0,4.55
44,2026-05-22 12:18:24,position,api_position_matched,Matched,208.0,5.19
44,2026-05-22 12:18:24,position,api_position_matched,Matched,211.0,5.12
44,2026-05-22 12:18:24,position,api_position_matched,Matched,197.0,0.44
44,2026-05-22 12:18:24,position,api_position_matched,Matched,212.0,5.15
44,2026-05-22 12:18:24,position,api_position_matched,Matched,200.0,4.45
44,2026-05-22 12:18:24,position,api_position_matched,Matched,196.0,5.13
44,2026-05-22 12:18:24,position,api_position_matched,Matched,201.0,4.83
45,2026-05-22 12:18:26,trade,exact,Matched,212.0,5.26
45,2026-05-22 12:18:26,trade,exact,Matched,211.0,5.11
45,2026-05-22 12:18:26,trade,exact,Matched,210.0,5.07
45,2026-05-22 12:18:26,trade,exact,Matched,209.0,2.5
45,2026-05-22 12:18:26,trade,exact,Matched,208.0,2.57
45,2026-05-22 12:18:26,trade,exact,Matched,207.0,5.25
45,2026-05-22 12:18:26,trade,exact,Matched,206.0,5.26
45,2026-05-22 12:18:26,trade,exact,Matched,205.0,1.96
45,2026-05-22 12:18:26,trade,exact,Matched,204.0,4.41
45,2026-05-22 12:18:26,trade,exact,Matched,203.0,1.73
45,2026-05-22 12:18:26,trade,exact,Matched,202.0,1.8
45,2026-05-22 12:18:26,trade,exact,Matched,201.0,4.5
45,2026-05-22 12:18:26,trade,exact,Matched,200.0,4.5
45,2026-05-22 12:18:26,trade,exact,Matched,199.0,4.5
45,2026-05-22 12:18:26,trade,exact,Matched,198.0,4.73
45,2026-05-22 12:18:26,trade,exact,Matched,197.0,4.74
45,2026-05-22 12:18:26,trade,exact,Matched,196.0,4.68
45,2026-05-22 12:18:26,trade,exact,Matched,195.0,4.74
45,2026-05-22 12:18:26,trade,exact,Matched,194.0,1.85
45,2026-05-22 12:18:26,trade,exact,Matched,193.0,2.75
45,2026-05-22 12:18:26,trade,exact,Matched,192.0,5.0
45,2026-05-22 12:18:26,position,api_position_matched,Matched,205.0,9.76
45,2026-05-22 12:18:26,position,api_position_matched,Matched,203.0,0.19
45,2026-05-22 12:18:26,position,api_position_matched,Matched,202.0,1.0
45,2026-05-22 12:18:26,position,api_position_matched,Matched,207.0,6.18
45,2026-05-22 12:18:26,position,api_position_matched,Matched,206.0,5.32
45,2026-05-22 12:18:26,position,api_position_matched,Matched,204.0,4.68
45,2026-05-22 12:18:26,position,api_position_matched,Matched,210.0,4.55
45,2026-05-22 12:18:26,position,api_position_matched,Matched,208.0,5.19
45,2026-05-22 12:18:26,position,api_position_matched,Matched,211.0,5.12
45,2026-05-22 12:18:26,position,api_position_matched,Matched,197.0,0.44
45,2026-05-22 12:18:26,position,api_position_matched,Matched,212.0,5.15
45,2026-05-22 12:18:26,position,api_position_matched,Matched,200.0,4.45
45,2026-05-22 12:18:26,position,api_position_matched,Matched,196.0,5.13
45,2026-05-22 12:18:26,position,api_position_matched,Matched,201.0,4.83
46,2026-05-22 12:18:26,trade,exact,Matched,212.0,5.26
46,2026-05-22 12:18:26,trade,exact,Matched,211.0,5.11
46,2026-05-22 12:18:26,trade,exact,Matched,210.0,5.07
46,2026-05-22 12:18:26,trade,exact,Matched,209.0,2.5
46,2026-05-22 12:18:26,trade,exact,Matched,208.0,2.57
46,2026-05-22 12:18:26,trade,exact,Matched,207.0,5.25
46,2026-05-22 12:18:26,trade,exact,Matched,206.0,5.26
46,2026-05-22 12:18:26,trade,exact,Matched,205.0,1.96
46,2026-05-22 12:18:26,trade,exact,Matched,204.0,4.41
46,2026-05-22 12:18:26,trade,exact,Matched,203.0,1.73
46,2026-05-22 12:18:26,trade,exact,Matched,202.0,1.8
46,2026-05-22 12:18:26,trade,exact,Matched,201.0,4.5
46,2026-05-22 12:18:26,trade,exact,Matched,200.0,4.5
46,2026-05-22 12:18:26,trade,exact,Matched,199.0,4.5
46,2026-05-22 12:18:26,trade,exact,Matched,198.0,4.73
46,2026-05-22 12:18:26,trade,exact,Matched,197.0,4.74
46,2026-05-22 12:18:26,trade,exact,Matched,196.0,4.68
46,2026-05-22 12:18:26,trade,exact,Matched,195.0,4.74
46,2026-05-22 12:18:26,trade,exact,Matched,194.0,1.85
46,2026-05-22 12:18:26,trade,exact,Matched,193.0,2.75
46,2026-05-22 12:18:26,trade,exact,Matched,192.0,5.0
46,2026-05-22 12:18:26,position,api_position_matched,Matched,205.0,9.76
46,2026-05-22 12:18:26,position,api_position_matched,Matched,203.0,0.19
46,2026-05-22 12:18:26,position,api_position_matched,Matched,202.0,1.0
46,2026-05-22 12:18:26,position,api_position_matched,Matched,207.0,6.18
46,2026-05-22 12:18:26,position,api_position_matched,Matched,206.0,5.32
46,2026-05-22 12:18:26,position,api_position_matched,Matched,204.0,4.68
46,2026-05-22 12:18:26,position,api_position_matched,Matched,210.0,4.55
46,2026-05-22 12:18:26,position,api_position_matched,Matched,208.0,5.19
46,2026-05-22 12:18:26,position,api_position_matched,Matched,211.0,5.12
46,2026-05-22 12:18:26,position,api_position_matched,Matched,197.0,0.44
46,2026-05-22 12:18:26,position,api_position_matched,Matched,212.0,5.15
46,2026-05-22 12:18:26,position,api_position_matched,Matched,200.0,4.45
46,2026-05-22 12:18:26,position,api_position_matched,Matched,196.0,5.13
46,2026-05-22 12:18:26,position,api_position_matched,Matched,201.0,4.83
47,2026-05-22 12:22:26,trade,exact,Matched,212.0,5.26
47,2026-05-22 12:22:26,trade,exact,Matched,211.0,5.11
47,2026-05-22 12:22:26,trade,exact,Matched,210.0,5.07
47,2026-05-22 12:22:26,trade,exact,Matched,209.0,2.5
47,2026-05-22 12:22:26,trade,exact,Matched,208.0,2.57
47,2026-05-22 12:22:26,trade,exact,Matched,207.0,5.25
47,2026-05-22 12:22:26,trade,exact,Matched,206.0,5.26
47,2026-05-22 12:22:26,trade,exact,Matched,205.0,1.96
47,2026-05-22 12:22:26,trade,exact,Matched,204.0,4.41
47,2026-05-22 12:22:26,trade,exact,Matched,203.0,1.73
47,2026-05-22 12:22:26,trade,exact,Matched,202.0,1.8
47,2026-05-22 12:22:26,trade,exact,Matched,201.0,4.5
47,2026-05-22 12:22:26,trade,exact,Matched,200.0,4.5
47,2026-05-22 12:22:26,trade,exact,Matched,199.0,4.5
47,2026-05-22 12:22:26,trade,exact,Matched,198.0,4.73
47,2026-05-22 12:22:26,trade,exact,Matched,197.0,4.74
47,2026-05-22 12:22:26,trade,exact,Matched,196.0,4.68
47,2026-05-22 12:22:26,trade,exact,Matched,195.0,4.74
47,2026-05-22 12:22:26,trade,exact,Matched,194.0,1.85
47,2026-05-22 12:22:26,trade,exact,Matched,193.0,2.75
47,2026-05-22 12:22:26,trade,exact,Matched,192.0,5.0
47,2026-05-22 12:22:26,position,api_position_matched,Matched,205.0,9.76
47,2026-05-22 12:22:26,position,api_position_matched,Matched,203.0,0.19
47,2026-05-22 12:22:26,position,api_position_matched,Matched,202.0,1.11
47,2026-05-22 12:22:26,position,api_position_matched,Matched,207.0,6.18
47,2026-05-22 12:22:26,position,api_position_matched,Matched,206.0,5.32
47,2026-05-22 12:22:26,position,api_position_matched,Matched,204.0,4.68
47,2026-05-22 12:22:26,position,api_position_matched,Matched,210.0,4.55
47,2026-05-22 12:22:26,position,api_position_matched,Matched,208.0,5.19
47,2026-05-22 12:22:26,position,api_position_matched,Matched,211.0,5.12
47,2026-05-22 12:22:26,position,api_position_matched,Matched,197.0,0.44
47,2026-05-22 12:22:26,position,api_position_matched,Matched,212.0,5.15
47,2026-05-22 12:22:26,position,api_position_matched,Matched,200.0,4.45
47,2026-05-22 12:22:26,position,api_position_matched,Matched,196.0,5.13
47,2026-05-22 12:22:26,position,api_position_matched,Matched,201.0,4.88
48,2026-05-22 12:24:42,trade,exact,Matched,212.0,5.26
48,2026-05-22 12:24:42,trade,exact,Matched,211.0,5.11
48,2026-05-22 12:24:42,trade,exact,Matched,210.0,5.07
48,2026-05-22 12:24:42,trade,exact,Matched,209.0,2.5
48,2026-05-22 12:24:42,trade,exact,Matched,208.0,2.57
48,2026-05-22 12:24:42,trade,exact,Matched,207.0,5.25
48,2026-05-22 12:24:42,trade,exact,Matched,206.0,5.26
48,2026-05-22 12:24:42,trade,exact,Matched,205.0,1.96
48,2026-05-22 12:24:42,trade,exact,Matched,204.0,4.41
48,2026-05-22 12:24:42,trade,exact,Matched,203.0,1.73
48,2026-05-22 12:24:42,trade,exact,Matched,202.0,1.8
48,2026-05-22 12:24:42,trade,exact,Matched,201.0,4.5
48,2026-05-22 12:24:42,trade,exact,Matched,200.0,4.5
48,2026-05-22 12:24:42,trade,exact,Matched,199.0,4.5
48,2026-05-22 12:24:42,trade,exact,Matched,198.0,4.73
48,2026-05-22 12:24:42,trade,exact,Matched,197.0,4.74
48,2026-05-22 12:24:42,trade,exact,Matched,196.0,4.68
48,2026-05-22 12:24:42,trade,exact,Matched,195.0,4.74
48,2026-05-22 12:24:42,trade,exact,Matched,194.0,1.85
48,2026-05-22 12:24:42,trade,exact,Matched,193.0,2.75
48,2026-05-22 12:24:42,trade,exact,Matched,192.0,5.0
48,2026-05-22 12:24:42,position,api_position_matched,Matched,205.0,9.76
48,2026-05-22 12:24:42,position,api_position_matched,Matched,203.0,0.19
48,2026-05-22 12:24:42,position,api_position_matched,Matched,202.0,1.11
48,2026-05-22 12:24:42,position,api_position_matched,Matched,207.0,6.18
48,2026-05-22 12:24:42,position,api_position_matched,Matched,206.0,5.32
48,2026-05-22 12:24:42,position,api_position_matched,Matched,204.0,4.68
48,2026-05-22 12:24:42,position,api_position_matched,Matched,210.0,4.58
48,2026-05-22 12:24:42,position,api_position_matched,Matched,208.0,5.25
48,2026-05-22 12:24:42,position,api_position_matched,Matched,211.0,5.12
48,2026-05-22 12:24:42,position,api_position_matched,Matched,197.0,0.44
48,2026-05-22 12:24:42,position,api_position_matched,Matched,212.0,5.15
48,2026-05-22 12:24:42,position,api_position_matched,Matched,200.0,4.42
48,2026-05-22 12:24:42,position,api_position_matched,Matched,196.0,5.13
48,2026-05-22 12:24:42,position,api_position_matched,Matched,201.0,4.88
49,2026-05-22 12:24:43,trade,exact,Matched,212.0,5.26
49,2026-05-22 12:24:43,trade,exact,Matched,211.0,5.11
49,2026-05-22 12:24:43,trade,exact,Matched,210.0,5.07
49,2026-05-22 12:24:43,trade,exact,Matched,209.0,2.5
49,2026-05-22 12:24:43,trade,exact,Matched,208.0,2.57
49,2026-05-22 12:24:43,trade,exact,Matched,207.0,5.25
49,2026-05-22 12:24:43,trade,exact,Matched,206.0,5.26
49,2026-05-22 12:24:43,trade,exact,Matched,205.0,1.96
49,2026-05-22 12:24:43,trade,exact,Matched,204.0,4.41
49,2026-05-22 12:24:43,trade,exact,Matched,203.0,1.73
49,2026-05-22 12:24:43,trade,exact,Matched,202.0,1.8
49,2026-05-22 12:24:43,trade,exact,Matched,201.0,4.5
49,2026-05-22 12:24:43,trade,exact,Matched,200.0,4.5
49,2026-05-22 12:24:43,trade,exact,Matched,199.0,4.5
49,2026-05-22 12:24:43,trade,exact,Matched,198.0,4.73
49,2026-05-22 12:24:43,trade,exact,Matched,197.0,4.74
49,2026-05-22 12:24:43,trade,exact,Matched,196.0,4.68
49,2026-05-22 12:24:43,trade,exact,Matched,195.0,4.74
49,2026-05-22 12:24:43,trade,exact,Matched,194.0,1.85
49,2026-05-22 12:24:43,trade,exact,Matched,193.0,2.75
49,2026-05-22 12:24:43,trade,exact,Matched,192.0,5.0
49,2026-05-22 12:24:43,position,api_position_matched,Matched,205.0,9.76
49,2026-05-22 12:24:43,position,api_position_matched,Matched,203.0,0.19
49,2026-05-22 12:24:43,position,api_position_matched,Matched,202.0,1.11
49,2026-05-22 12:24:43,position,api_position_matched,Matched,207.0,6.18
49,2026-05-22 12:24:43,position,api_position_matched,Matched,206.0,5.32
49,2026-05-22 12:24:43,position,api_position_matched,Matched,204.0,4.68
49,2026-05-22 12:24:43,position,api_position_matched,Matched,210.0,4.58
49,2026-05-22 12:24:43,position,api_position_matched,Matched,208.0,5.25
49,2026-05-22 12:24:43,position,api_position_matched,Matched,211.0,5.12
49,2026-05-22 12:24:43,position,api_position_matched,Matched,197.0,0.44
49,2026-05-22 12:24:43,position,api_position_matched,Matched,212.0,5.15
49,2026-05-22 12:24:43,position,api_position_matched,Matched,200.0,4.42
49,2026-05-22 12:24:43,position,api_position_matched,Matched,196.0,5.13
49,2026-05-22 12:24:43,position,api_position_matched,Matched,201.0,4.88
50,2026-05-22 12:24:43,trade,exact,Matched,212.0,5.26
50,2026-05-22 12:24:43,trade,exact,Matched,211.0,5.11
50,2026-05-22 12:24:43,trade,exact,Matched,210.0,5.07
50,2026-05-22 12:24:43,trade,exact,Matched,209.0,2.5
50,2026-05-22 12:24:43,trade,exact,Matched,208.0,2.57
50,2026-05-22 12:24:43,trade,exact,Matched,207.0,5.25
50,2026-05-22 12:24:43,trade,exact,Matched,206.0,5.26
50,2026-05-22 12:24:43,trade,exact,Matched,205.0,1.96
50,2026-05-22 12:24:43,trade,exact,Matched,204.0,4.41
50,2026-05-22 12:24:43,trade,exact,Matched,203.0,1.73
50,2026-05-22 12:24:43,trade,exact,Matched,202.0,1.8
50,2026-05-22 12:24:43,trade,exact,Matched,201.0,4.5
50,2026-05-22 12:24:43,trade,exact,Matched,200.0,4.5
50,2026-05-22 12:24:43,trade,exact,Matched,199.0,4.5
50,2026-05-22 12:24:43,trade,exact,Matched,198.0,4.73
50,2026-05-22 12:24:43,trade,exact,Matched,197.0,4.74
50,2026-05-22 12:24:43,trade,exact,Matched,196.0,4.68
50,2026-05-22 12:24:43,trade,exact,Matched,195.0,4.74
50,2026-05-22 12:24:43,trade,exact,Matched,194.0,1.85
50,2026-05-22 12:24:43,trade,exact,Matched,193.0,2.75
50,2026-05-22 12:24:43,trade,exact,Matched,192.0,5.0
50,2026-05-22 12:24:43,position,api_position_matched,Matched,205.0,9.76
50,2026-05-22 12:24:43,position,api_position_matched,Matched,203.0,0.19
50,2026-05-22 12:24:43,position,api_position_matched,Matched,202.0,1.11
50,2026-05-22 12:24:43,position,api_position_matched,Matched,207.0,6.18
50,2026-05-22 12:24:43,position,api_position_matched,Matched,206.0,5.32
50,2026-05-22 12:24:43,position,api_position_matched,Matched,204.0,4.68
50,2026-05-22 12:24:43,position,api_position_matched,Matched,210.0,4.58
50,2026-05-22 12:24:43,position,api_position_matched,Matched,208.0,5.25
50,2026-05-22 12:24:43,position,api_position_matched,Matched,211.0,5.12
50,2026-05-22 12:24:43,position,api_position_matched,Matched,197.0,0.44
50,2026-05-22 12:24:43,position,api_position_matched,Matched,212.0,5.15
50,2026-05-22 12:24:43,position,api_position_matched,Matched,200.0,4.42
50,2026-05-22 12:24:43,position,api_position_matched,Matched,196.0,5.13
50,2026-05-22 12:24:43,position,api_position_matched,Matched,201.0,4.88
51,2026-05-22 12:28:44,trade,exact,Matched,212.0,5.26
51,2026-05-22 12:28:44,trade,exact,Matched,211.0,5.11
51,2026-05-22 12:28:44,trade,exact,Matched,210.0,5.07
51,2026-05-22 12:28:44,trade,exact,Matched,209.0,2.5
51,2026-05-22 12:28:44,trade,exact,Matched,208.0,2.57
51,2026-05-22 12:28:44,trade,exact,Matched,207.0,5.25
51,2026-05-22 12:28:44,trade,exact,Matched,206.0,5.26
51,2026-05-22 12:28:44,trade,exact,Matched,205.0,1.96
51,2026-05-22 12:28:44,trade,exact,Matched,204.0,4.41
51,2026-05-22 12:28:44,trade,exact,Matched,203.0,1.73
51,2026-05-22 12:28:44,trade,exact,Matched,202.0,1.8
51,2026-05-22 12:28:44,trade,exact,Matched,201.0,4.5
51,2026-05-22 12:28:44,trade,exact,Matched,200.0,4.5
51,2026-05-22 12:28:44,trade,exact,Matched,199.0,4.5
51,2026-05-22 12:28:44,trade,exact,Matched,198.0,4.73
51,2026-05-22 12:28:44,trade,exact,Matched,197.0,4.74
51,2026-05-22 12:28:44,trade,exact,Matched,196.0,4.68
51,2026-05-22 12:28:44,trade,exact,Matched,195.0,4.74
51,2026-05-22 12:28:44,trade,exact,Matched,194.0,1.85
51,2026-05-22 12:28:44,trade,exact,Matched,193.0,2.75
51,2026-05-22 12:28:44,trade,exact,Matched,192.0,5.0
51,2026-05-22 12:28:44,position,api_position_matched,Matched,205.0,9.76
51,2026-05-22 12:28:44,position,api_position_matched,Matched,203.0,0.19
51,2026-05-22 12:28:44,position,api_position_matched,Matched,202.0,1.11
51,2026-05-22 12:28:44,position,api_position_matched,Matched,207.0,6.14
51,2026-05-22 12:28:44,position,api_position_matched,Matched,206.0,5.32
51,2026-05-22 12:28:44,position,api_position_matched,Matched,204.0,4.68
51,2026-05-22 12:28:44,position,api_position_matched,Matched,210.0,4.58
51,2026-05-22 12:28:44,position,api_position_matched,Matched,208.0,5.25
51,2026-05-22 12:28:44,position,api_position_matched,Matched,211.0,5.12
51,2026-05-22 12:28:44,position,api_position_matched,Matched,197.0,0.38
51,2026-05-22 12:28:44,position,api_position_matched,Matched,212.0,5.13
51,2026-05-22 12:28:44,position,api_position_matched,Matched,200.0,4.42
51,2026-05-22 12:28:44,position,api_position_matched,Matched,196.0,5.13
51,2026-05-22 12:28:44,position,api_position_matched,Matched,201.0,4.88
52,2026-05-22 12:32:44,trade,exact,Matched,212.0,5.26
52,2026-05-22 12:32:44,trade,exact,Matched,211.0,5.11
52,2026-05-22 12:32:44,trade,exact,Matched,210.0,5.07
52,2026-05-22 12:32:44,trade,exact,Matched,209.0,2.5
52,2026-05-22 12:32:44,trade,exact,Matched,208.0,2.57
52,2026-05-22 12:32:44,trade,exact,Matched,207.0,5.25
52,2026-05-22 12:32:44,trade,exact,Matched,206.0,5.26
52,2026-05-22 12:32:44,trade,exact,Matched,205.0,1.96
52,2026-05-22 12:32:44,trade,exact,Matched,204.0,4.41
52,2026-05-22 12:32:44,trade,exact,Matched,203.0,1.73
52,2026-05-22 12:32:44,trade,exact,Matched,202.0,1.8
52,2026-05-22 12:32:44,trade,exact,Matched,201.0,4.5
52,2026-05-22 12:32:44,trade,exact,Matched,200.0,4.5
52,2026-05-22 12:32:44,trade,exact,Matched,199.0,4.5
52,2026-05-22 12:32:44,trade,exact,Matched,198.0,4.73
52,2026-05-22 12:32:44,trade,exact,Matched,197.0,4.74
52,2026-05-22 12:32:44,trade,exact,Matched,196.0,4.68
52,2026-05-22 12:32:44,trade,exact,Matched,195.0,4.74
52,2026-05-22 12:32:44,trade,exact,Matched,194.0,1.85
52,2026-05-22 12:32:44,trade,exact,Matched,193.0,2.75
52,2026-05-22 12:32:44,trade,exact,Matched,192.0,5.0
52,2026-05-22 12:32:44,position,api_position_matched,Matched,205.0,9.76
52,2026-05-22 12:32:44,position,api_position_matched,Matched,203.0,0.19
52,2026-05-22 12:32:44,position,api_position_matched,Matched,202.0,1.11
52,2026-05-22 12:32:44,position,api_position_matched,Matched,207.0,6.14
52,2026-05-22 12:32:44,position,api_position_matched,Matched,206.0,5.32
52,2026-05-22 12:32:44,position,api_position_matched,Matched,204.0,4.68
52,2026-05-22 12:32:44,position,api_position_matched,Matched,210.0,4.58
52,2026-05-22 12:32:44,position,api_position_matched,Matched,208.0,5.25
52,2026-05-22 12:32:44,position,api_position_matched,Matched,211.0,5.12
52,2026-05-22 12:32:44,position,api_position_matched,Matched,197.0,0.38
52,2026-05-22 12:32:44,position,api_position_matched,Matched,212.0,5.13
52,2026-05-22 12:32:44,position,api_position_matched,Matched,200.0,4.42
52,2026-05-22 12:32:44,position,api_position_matched,Matched,196.0,5.13
52,2026-05-22 12:32:44,position,api_position_matched,Matched,201.0,4.88
53,2026-05-22 12:36:44,trade,exact,Matched,212.0,5.26
53,2026-05-22 12:36:44,trade,exact,Matched,211.0,5.11
53,2026-05-22 12:36:44,trade,exact,Matched,210.0,5.07
53,2026-05-22 12:36:44,trade,exact,Matched,209.0,2.5
53,2026-05-22 12:36:44,trade,exact,Matched,208.0,2.57
53,2026-05-22 12:36:44,trade,exact,Matched,207.0,5.25
53,2026-05-22 12:36:44,trade,exact,Matched,206.0,5.26
53,2026-05-22 12:36:44,trade,exact,Matched,205.0,1.96
53,2026-05-22 12:36:44,trade,exact,Matched,204.0,4.41
53,2026-05-22 12:36:44,trade,exact,Matched,203.0,1.73
53,2026-05-22 12:36:44,trade,exact,Matched,202.0,1.8
53,2026-05-22 12:36:44,trade,exact,Matched,201.0,4.5
53,2026-05-22 12:36:44,trade,exact,Matched,200.0,4.5
53,2026-05-22 12:36:44,trade,exact,Matched,199.0,4.5
53,2026-05-22 12:36:44,trade,exact,Matched,198.0,4.73
53,2026-05-22 12:36:44,trade,exact,Matched,197.0,4.74
53,2026-05-22 12:36:44,trade,exact,Matched,196.0,4.68
53,2026-05-22 12:36:44,trade,exact,Matched,195.0,4.74
53,2026-05-22 12:36:44,trade,exact,Matched,194.0,1.85
53,2026-05-22 12:36:44,trade,exact,Matched,193.0,2.75
53,2026-05-22 12:36:44,trade,exact,Matched,192.0,5.0
53,2026-05-22 12:36:44,position,api_position_matched,Matched,205.0,10.33
53,2026-05-22 12:36:44,position,api_position_matched,Matched,203.0,0.19
53,2026-05-22 12:36:44,position,api_position_matched,Matched,202.0,1.11
53,2026-05-22 12:36:44,position,api_position_matched,Matched,207.0,6.14
53,2026-05-22 12:36:44,position,api_position_matched,Matched,206.0,5.29
53,2026-05-22 12:36:44,position,api_position_matched,Matched,204.0,4.68
53,2026-05-22 12:36:44,position,api_position_matched,Matched,210.0,4.7
53,2026-05-22 12:36:44,position,api_position_matched,Matched,208.0,5.22
53,2026-05-22 12:36:44,position,api_position_matched,Matched,211.0,5.07
53,2026-05-22 12:36:44,position,api_position_matched,Matched,197.0,0.38
53,2026-05-22 12:36:44,position,api_position_matched,Matched,212.0,5.13
53,2026-05-22 12:36:44,position,api_position_matched,Matched,200.0,4.59
53,2026-05-22 12:36:44,position,api_position_matched,Matched,196.0,5.13
53,2026-05-22 12:36:44,position,api_position_matched,Matched,201.0,4.88
54,2026-05-22 12:40:44,trade,exact,Matched,212.0,5.26
54,2026-05-22 12:40:44,trade,exact,Matched,211.0,5.11
54,2026-05-22 12:40:44,trade,exact,Matched,210.0,5.07
54,2026-05-22 12:40:44,trade,exact,Matched,209.0,2.5
54,2026-05-22 12:40:44,trade,exact,Matched,208.0,2.57
54,2026-05-22 12:40:44,trade,exact,Matched,207.0,5.25
54,2026-05-22 12:40:44,trade,exact,Matched,206.0,5.26
54,2026-05-22 12:40:44,trade,exact,Matched,205.0,1.96
54,2026-05-22 12:40:44,trade,exact,Matched,204.0,4.41
54,2026-05-22 12:40:44,trade,exact,Matched,203.0,1.73
54,2026-05-22 12:40:44,trade,exact,Matched,202.0,1.8
54,2026-05-22 12:40:44,trade,exact,Matched,201.0,4.5
54,2026-05-22 12:40:44,trade,exact,Matched,200.0,4.5
54,2026-05-22 12:40:44,trade,exact,Matched,199.0,4.5
54,2026-05-22 12:40:44,trade,exact,Matched,198.0,4.73
54,2026-05-22 12:40:44,trade,exact,Matched,197.0,4.74
54,2026-05-22 12:40:44,trade,exact,Matched,196.0,4.68
54,2026-05-22 12:40:44,trade,exact,Matched,195.0,4.74
54,2026-05-22 12:40:44,trade,exact,Matched,194.0,1.85
54,2026-05-22 12:40:44,trade,exact,Matched,193.0,2.75
54,2026-05-22 12:40:44,trade,exact,Matched,192.0,5.0
54,2026-05-22 12:40:44,position,api_position_matched,Matched,205.0,10.33
54,2026-05-22 12:40:44,position,api_position_matched,Matched,203.0,0.16
54,2026-05-22 12:40:44,position,api_position_matched,Matched,202.0,1.11
54,2026-05-22 12:40:44,position,api_position_matched,Matched,207.0,6.18
54,2026-05-22 12:40:44,position,api_position_matched,Matched,206.0,5.29
54,2026-05-22 12:40:44,position,api_position_matched,Matched,204.0,4.74
54,2026-05-22 12:40:44,position,api_position_matched,Matched,210.0,4.7
54,2026-05-22 12:40:44,position,api_position_matched,Matched,208.0,5.22
54,2026-05-22 12:40:44,position,api_position_matched,Matched,211.0,5.07
54,2026-05-22 12:40:44,position,api_position_matched,Matched,197.0,0.26
54,2026-05-22 12:40:44,position,api_position_matched,Matched,212.0,5.13
54,2026-05-22 12:40:44,position,api_position_matched,Matched,200.0,4.59
54,2026-05-22 12:40:44,position,api_position_matched,Matched,196.0,5.1
54,2026-05-22 12:40:44,position,api_position_matched,Matched,201.0,4.9
55,2026-05-22 12:41:20,trade,exact,Matched,212.0,5.26
55,2026-05-22 12:41:20,trade,exact,Matched,211.0,5.11
55,2026-05-22 12:41:20,trade,exact,Matched,210.0,5.07
55,2026-05-22 12:41:20,trade,exact,Matched,209.0,2.5
55,2026-05-22 12:41:20,trade,exact,Matched,208.0,2.57
55,2026-05-22 12:41:20,trade,exact,Matched,207.0,5.25
55,2026-05-22 12:41:20,trade,exact,Matched,206.0,5.26
55,2026-05-22 12:41:20,trade,exact,Matched,205.0,1.96
55,2026-05-22 12:41:20,trade,exact,Matched,204.0,4.41
55,2026-05-22 12:41:20,trade,exact,Matched,203.0,1.73
55,2026-05-22 12:41:20,trade,exact,Matched,202.0,1.8
55,2026-05-22 12:41:20,trade,exact,Matched,201.0,4.5
55,2026-05-22 12:41:20,trade,exact,Matched,200.0,4.5
55,2026-05-22 12:41:20,trade,exact,Matched,199.0,4.5
55,2026-05-22 12:41:20,trade,exact,Matched,198.0,4.73
55,2026-05-22 12:41:20,trade,exact,Matched,197.0,4.74
55,2026-05-22 12:41:20,trade,exact,Matched,196.0,4.68
55,2026-05-22 12:41:20,trade,exact,Matched,195.0,4.74
55,2026-05-22 12:41:20,trade,exact,Matched,194.0,1.85
55,2026-05-22 12:41:20,trade,exact,Matched,193.0,2.75
55,2026-05-22 12:41:20,trade,exact,Matched,192.0,5.0
55,2026-05-22 12:41:20,position,api_position_matched,Matched,205.0,10.33
55,2026-05-22 12:41:20,position,api_position_matched,Matched,203.0,0.16
55,2026-05-22 12:41:20,position,api_position_matched,Matched,202.0,1.57
55,2026-05-22 12:41:20,position,api_position_matched,Matched,207.0,6.18
55,2026-05-22 12:41:20,position,api_position_matched,Matched,206.0,5.29
55,2026-05-22 12:41:20,position,api_position_matched,Matched,204.0,4.74
55,2026-05-22 12:41:20,position,api_position_matched,Matched,210.0,4.7
55,2026-05-22 12:41:20,position,api_position_matched,Matched,208.0,5.22
55,2026-05-22 12:41:20,position,api_position_matched,Matched,211.0,5.07
55,2026-05-22 12:41:20,position,api_position_matched,Matched,197.0,0.26
55,2026-05-22 12:41:20,position,api_position_matched,Matched,212.0,5.13
55,2026-05-22 12:41:20,position,api_position_matched,Matched,200.0,4.59
55,2026-05-22 12:41:20,position,api_position_matched,Matched,196.0,5.1
55,2026-05-22 12:41:20,position,api_position_matched,Matched,201.0,4.9
56,2026-05-22 12:41:21,trade,exact,Matched,212.0,5.26
56,2026-05-22 12:41:21,trade,exact,Matched,211.0,5.11
56,2026-05-22 12:41:21,trade,exact,Matched,210.0,5.07
56,2026-05-22 12:41:21,trade,exact,Matched,209.0,2.5
56,2026-05-22 12:41:21,trade,exact,Matched,208.0,2.57
56,2026-05-22 12:41:21,trade,exact,Matched,207.0,5.25
56,2026-05-22 12:41:21,trade,exact,Matched,206.0,5.26
56,2026-05-22 12:41:21,trade,exact,Matched,205.0,1.96
56,2026-05-22 12:41:21,trade,exact,Matched,204.0,4.41
56,2026-05-22 12:41:21,trade,exact,Matched,203.0,1.73
56,2026-05-22 12:41:21,trade,exact,Matched,202.0,1.8
56,2026-05-22 12:41:21,trade,exact,Matched,201.0,4.5
56,2026-05-22 12:41:21,trade,exact,Matched,200.0,4.5
56,2026-05-22 12:41:21,trade,exact,Matched,199.0,4.5
56,2026-05-22 12:41:21,trade,exact,Matched,198.0,4.73
56,2026-05-22 12:41:21,trade,exact,Matched,197.0,4.74
56,2026-05-22 12:41:21,trade,exact,Matched,196.0,4.68
56,2026-05-22 12:41:21,trade,exact,Matched,195.0,4.74
56,2026-05-22 12:41:21,trade,exact,Matched,194.0,1.85
56,2026-05-22 12:41:21,trade,exact,Matched,193.0,2.75
56,2026-05-22 12:41:21,trade,exact,Matched,192.0,5.0
56,2026-05-22 12:41:21,position,api_position_matched,Matched,205.0,10.33
56,2026-05-22 12:41:21,position,api_position_matched,Matched,203.0,0.16
56,2026-05-22 12:41:21,position,api_position_matched,Matched,202.0,1.57
56,2026-05-22 12:41:21,position,api_position_matched,Matched,207.0,6.18
56,2026-05-22 12:41:21,position,api_position_matched,Matched,206.0,5.29
56,2026-05-22 12:41:21,position,api_position_matched,Matched,204.0,4.74
56,2026-05-22 12:41:21,position,api_position_matched,Matched,210.0,4.7
56,2026-05-22 12:41:21,position,api_position_matched,Matched,208.0,5.22
56,2026-05-22 12:41:21,position,api_position_matched,Matched,211.0,5.07
56,2026-05-22 12:41:21,position,api_position_matched,Matched,197.0,0.26
56,2026-05-22 12:41:21,position,api_position_matched,Matched,212.0,5.13
56,2026-05-22 12:41:21,position,api_position_matched,Matched,200.0,4.59
56,2026-05-22 12:41:21,position,api_position_matched,Matched,196.0,5.1
56,2026-05-22 12:41:21,position,api_position_matched,Matched,201.0,4.9
57,2026-05-22 12:51:22,trade,exact,Matched,212.0,5.26
57,2026-05-22 12:51:22,trade,exact,Matched,211.0,5.11
57,2026-05-22 12:51:22,trade,exact,Matched,210.0,5.07
57,2026-05-22 12:51:22,trade,exact,Matched,209.0,2.5
57,2026-05-22 12:51:22,trade,exact,Matched,208.0,2.57
57,2026-05-22 12:51:22,trade,exact,Matched,207.0,5.25
57,2026-05-22 12:51:22,trade,exact,Matched,206.0,5.26
57,2026-05-22 12:51:22,trade,exact,Matched,205.0,1.96
57,2026-05-22 12:51:22,trade,exact,Matched,204.0,4.41
57,2026-05-22 12:51:22,trade,exact,Matched,203.0,1.73
57,2026-05-22 12:51:22,trade,exact,Matched,202.0,1.8
57,2026-05-22 12:51:22,trade,exact,Matched,201.0,4.5
57,2026-05-22 12:51:22,trade,exact,Matched,200.0,4.5
57,2026-05-22 12:51:22,trade,exact,Matched,199.0,4.5
57,2026-05-22 12:51:22,trade,exact,Matched,198.0,4.73
57,2026-05-22 12:51:22,trade,exact,Matched,197.0,4.74
57,2026-05-22 12:51:22,trade,exact,Matched,196.0,4.68
57,2026-05-22 12:51:22,trade,exact,Matched,195.0,4.74
57,2026-05-22 12:51:22,trade,exact,Matched,194.0,1.85
57,2026-05-22 12:51:22,trade,exact,Matched,193.0,2.75
57,2026-05-22 12:51:22,trade,exact,Matched,192.0,5.0
57,2026-05-22 12:51:22,position,api_position_matched,Matched,205.0,8.13
57,2026-05-22 12:51:22,position,api_position_matched,Matched,203.0,0.16
57,2026-05-22 12:51:22,position,api_position_matched,Matched,202.0,1.57
57,2026-05-22 12:51:22,position,api_position_matched,Matched,207.0,6.43
57,2026-05-22 12:51:22,position,api_position_matched,Matched,206.0,5.32
57,2026-05-22 12:51:22,position,api_position_matched,Matched,204.0,4.68
57,2026-05-22 12:51:22,position,api_position_matched,Matched,210.0,4.8
57,2026-05-22 12:51:22,position,api_position_matched,Matched,208.0,5.19
57,2026-05-22 12:51:22,position,api_position_matched,Matched,211.0,5.25
57,2026-05-22 12:51:22,position,api_position_matched,Matched,197.0,0.15
57,2026-05-22 12:51:22,position,api_position_matched,Matched,212.0,5.12
57,2026-05-22 12:51:22,position,api_position_matched,Matched,200.0,4.5
57,2026-05-22 12:51:22,position,api_position_matched,Matched,196.0,5.13
57,2026-05-22 12:51:22,position,api_position_matched,Matched,201.0,4.96
58,2026-05-22 13:00:36,trade,exact,Matched,212.0,5.26
58,2026-05-22 13:00:36,trade,exact,Matched,211.0,5.11
58,2026-05-22 13:00:36,trade,exact,Matched,210.0,5.07
58,2026-05-22 13:00:36,trade,exact,Matched,209.0,2.5
58,2026-05-22 13:00:36,trade,exact,Matched,208.0,2.57
58,2026-05-22 13:00:36,trade,exact,Matched,207.0,5.25
58,2026-05-22 13:00:36,trade,exact,Matched,206.0,5.26
58,2026-05-22 13:00:36,trade,exact,Matched,205.0,1.96
58,2026-05-22 13:00:36,trade,exact,Matched,204.0,4.41
58,2026-05-22 13:00:36,trade,exact,Matched,203.0,1.73
58,2026-05-22 13:00:36,trade,exact,Matched,202.0,1.8
58,2026-05-22 13:00:36,trade,exact,Matched,201.0,4.5
58,2026-05-22 13:00:36,trade,exact,Matched,200.0,4.5
58,2026-05-22 13:00:36,trade,exact,Matched,199.0,4.5
58,2026-05-22 13:00:36,trade,exact,Matched,198.0,4.73
58,2026-05-22 13:00:36,trade,exact,Matched,197.0,4.74
58,2026-05-22 13:00:36,trade,exact,Matched,196.0,4.68
58,2026-05-22 13:00:36,trade,exact,Matched,195.0,4.74
58,2026-05-22 13:00:36,trade,exact,Matched,194.0,1.85
58,2026-05-22 13:00:36,trade,exact,Matched,193.0,2.75
58,2026-05-22 13:00:36,trade,exact,Matched,192.0,5.0
58,2026-05-22 13:00:36,position,api_position_matched,Matched,205.0,8.74
58,2026-05-22 13:00:36,position,api_position_matched,Matched,203.0,0.1
58,2026-05-22 13:00:36,position,api_position_matched,Matched,202.0,2.04
58,2026-05-22 13:00:36,position,api_position_matched,Matched,207.0,6.43
58,2026-05-22 13:00:36,position,api_position_matched,Matched,206.0,5.32
58,2026-05-22 13:00:36,position,api_position_matched,Matched,204.0,4.68
58,2026-05-22 13:00:36,position,api_position_matched,Matched,210.0,4.86
58,2026-05-22 13:00:36,position,api_position_matched,Matched,208.0,5.22
58,2026-05-22 13:00:36,position,api_position_matched,Matched,211.0,5.2
58,2026-05-22 13:00:36,position,api_position_matched,Matched,197.0,0.2
58,2026-05-22 13:00:36,position,api_position_matched,Matched,212.0,5.14
58,2026-05-22 13:00:36,position,api_position_matched,Matched,200.0,4.53
58,2026-05-22 13:00:36,position,api_position_matched,Matched,196.0,5.13
58,2026-05-22 13:00:36,position,api_position_matched,Matched,201.0,4.96
59,2026-05-22 13:00:37,trade,exact,Matched,212.0,5.26
59,2026-05-22 13:00:37,trade,exact,Matched,211.0,5.11
59,2026-05-22 13:00:37,trade,exact,Matched,210.0,5.07
59,2026-05-22 13:00:37,trade,exact,Matched,209.0,2.5
59,2026-05-22 13:00:37,trade,exact,Matched,208.0,2.57
59,2026-05-22 13:00:37,trade,exact,Matched,207.0,5.25
59,2026-05-22 13:00:37,trade,exact,Matched,206.0,5.26
59,2026-05-22 13:00:37,trade,exact,Matched,205.0,1.96
59,2026-05-22 13:00:37,trade,exact,Matched,204.0,4.41
59,2026-05-22 13:00:37,trade,exact,Matched,203.0,1.73
59,2026-05-22 13:00:37,trade,exact,Matched,202.0,1.8
59,2026-05-22 13:00:37,trade,exact,Matched,201.0,4.5
59,2026-05-22 13:00:37,trade,exact,Matched,200.0,4.5
59,2026-05-22 13:00:37,trade,exact,Matched,199.0,4.5
59,2026-05-22 13:00:37,trade,exact,Matched,198.0,4.73
59,2026-05-22 13:00:37,trade,exact,Matched,197.0,4.74
59,2026-05-22 13:00:37,trade,exact,Matched,196.0,4.68
59,2026-05-22 13:00:37,trade,exact,Matched,195.0,4.74
59,2026-05-22 13:00:37,trade,exact,Matched,194.0,1.85
59,2026-05-22 13:00:37,trade,exact,Matched,193.0,2.75
59,2026-05-22 13:00:37,trade,exact,Matched,192.0,5.0
59,2026-05-22 13:00:37,position,api_position_matched,Matched,205.0,8.74
59,2026-05-22 13:00:37,position,api_position_matched,Matched,203.0,0.1
59,2026-05-22 13:00:37,position,api_position_matched,Matched,202.0,2.04
59,2026-05-22 13:00:37,position,api_position_matched,Matched,207.0,6.43
59,2026-05-22 13:00:37,position,api_position_matched,Matched,206.0,5.32
59,2026-05-22 13:00:37,position,api_position_matched,Matched,204.0,4.68
59,2026-05-22 13:00:37,position,api_position_matched,Matched,210.0,4.86
59,2026-05-22 13:00:37,position,api_position_matched,Matched,208.0,5.22
59,2026-05-22 13:00:37,position,api_position_matched,Matched,211.0,5.2
59,2026-05-22 13:00:37,position,api_position_matched,Matched,197.0,0.2
59,2026-05-22 13:00:37,position,api_position_matched,Matched,212.0,5.14
59,2026-05-22 13:00:37,position,api_position_matched,Matched,200.0,4.53
59,2026-05-22 13:00:37,position,api_position_matched,Matched,196.0,5.13
59,2026-05-22 13:00:37,position,api_position_matched,Matched,201.0,4.96
60,2026-05-22 13:10:38,trade,exact,Matched,212.0,5.26
60,2026-05-22 13:10:38,trade,exact,Matched,211.0,5.11
60,2026-05-22 13:10:38,trade,exact,Matched,210.0,5.07
60,2026-05-22 13:10:38,trade,exact,Matched,209.0,2.5
60,2026-05-22 13:10:38,trade,exact,Matched,208.0,2.57
60,2026-05-22 13:10:38,trade,exact,Matched,207.0,5.25
60,2026-05-22 13:10:38,trade,exact,Matched,206.0,5.26
60,2026-05-22 13:10:38,trade,exact,Matched,205.0,1.96
60,2026-05-22 13:10:38,trade,exact,Matched,204.0,4.41
60,2026-05-22 13:10:38,trade,exact,Matched,203.0,1.73
60,2026-05-22 13:10:38,trade,exact,Matched,202.0,1.8
60,2026-05-22 13:10:38,trade,exact,Matched,201.0,4.5
60,2026-05-22 13:10:38,trade,exact,Matched,200.0,4.5
60,2026-05-22 13:10:38,trade,exact,Matched,199.0,4.5
60,2026-05-22 13:10:38,trade,exact,Matched,198.0,4.73
60,2026-05-22 13:10:38,trade,exact,Matched,197.0,4.74
60,2026-05-22 13:10:38,trade,exact,Matched,196.0,4.68
60,2026-05-22 13:10:38,trade,exact,Matched,195.0,4.74
60,2026-05-22 13:10:38,trade,exact,Matched,194.0,1.85
60,2026-05-22 13:10:38,trade,exact,Matched,193.0,2.75
60,2026-05-22 13:10:38,trade,exact,Matched,192.0,5.0
60,2026-05-22 13:10:38,position,api_position_matched,Matched,205.0,10.37
60,2026-05-22 13:10:38,position,api_position_matched,Matched,203.0,0.1
60,2026-05-22 13:10:38,position,api_position_matched,Matched,202.0,2.29
60,2026-05-22 13:10:38,position,api_position_matched,Matched,207.0,6.39
60,2026-05-22 13:10:38,position,api_position_matched,Matched,206.0,5.32
60,2026-05-22 13:10:38,position,api_position_matched,Matched,204.0,4.65
60,2026-05-22 13:10:38,position,api_position_matched,Matched,210.0,4.83
60,2026-05-22 13:10:38,position,api_position_matched,Matched,208.0,5.22
60,2026-05-22 13:10:38,position,api_position_matched,Matched,211.0,5.06
60,2026-05-22 13:10:38,position,api_position_matched,Matched,197.0,0.11
60,2026-05-22 13:10:38,position,api_position_matched,Matched,212.0,5.14
60,2026-05-22 13:10:38,position,api_position_matched,Matched,200.0,4.39
60,2026-05-22 13:10:38,position,api_position_matched,Matched,196.0,5.13
60,2026-05-22 13:10:38,position,api_position_matched,Matched,201.0,4.91
61,2026-05-22 13:19:46,trade,exact,Matched,212.0,5.26
61,2026-05-22 13:19:46,trade,exact,Matched,211.0,5.11
61,2026-05-22 13:19:46,trade,exact,Matched,210.0,5.07
61,2026-05-22 13:19:46,trade,exact,Matched,209.0,2.5
61,2026-05-22 13:19:46,trade,exact,Matched,208.0,2.57
61,2026-05-22 13:19:46,trade,exact,Matched,207.0,5.25
61,2026-05-22 13:19:46,trade,exact,Matched,206.0,5.26
61,2026-05-22 13:19:46,trade,exact,Matched,205.0,1.96
61,2026-05-22 13:19:46,trade,exact,Matched,204.0,4.41
61,2026-05-22 13:19:46,trade,exact,Matched,203.0,1.73
61,2026-05-22 13:19:46,trade,exact,Matched,202.0,1.8
61,2026-05-22 13:19:46,trade,exact,Matched,201.0,4.5
61,2026-05-22 13:19:46,trade,exact,Matched,200.0,4.5
61,2026-05-22 13:19:46,trade,exact,Matched,199.0,4.5
61,2026-05-22 13:19:46,trade,exact,Matched,198.0,4.73
61,2026-05-22 13:19:46,trade,exact,Matched,197.0,4.74
61,2026-05-22 13:19:46,trade,exact,Matched,196.0,4.68
61,2026-05-22 13:19:46,trade,exact,Matched,195.0,4.74
61,2026-05-22 13:19:46,trade,exact,Matched,194.0,1.85
61,2026-05-22 13:19:46,trade,exact,Matched,193.0,2.75
61,2026-05-22 13:19:46,trade,exact,Matched,192.0,5.0
61,2026-05-22 13:19:46,position,api_position_matched,Matched,205.0,10.37
61,2026-05-22 13:19:46,position,api_position_matched,Matched,203.0,0.1
61,2026-05-22 13:19:46,position,api_position_matched,Matched,202.0,3.25
61,2026-05-22 13:19:46,position,api_position_matched,Matched,207.0,6.39
61,2026-05-22 13:19:46,position,api_position_matched,Matched,206.0,5.09
61,2026-05-22 13:19:46,position,api_position_matched,Matched,204.0,4.65
61,2026-05-22 13:19:46,position,api_position_matched,Matched,210.0,4.7
61,2026-05-22 13:19:46,position,api_position_matched,Matched,208.0,5.22
61,2026-05-22 13:19:46,position,api_position_matched,Matched,211.0,5.06
61,2026-05-22 13:19:46,position,api_position_matched,Matched,197.0,0.11
61,2026-05-22 13:19:46,position,api_position_matched,Matched,212.0,5.14
61,2026-05-22 13:19:46,position,api_position_matched,Matched,200.0,4.39
61,2026-05-22 13:19:46,position,api_position_matched,Matched,196.0,5.1
61,2026-05-22 13:19:46,position,api_position_matched,Matched,201.0,4.88
62,2026-05-22 13:19:47,trade,exact,Matched,212.0,5.26
62,2026-05-22 13:19:47,trade,exact,Matched,211.0,5.11
62,2026-05-22 13:19:47,trade,exact,Matched,210.0,5.07
62,2026-05-22 13:19:47,trade,exact,Matched,209.0,2.5
62,2026-05-22 13:19:47,trade,exact,Matched,208.0,2.57
62,2026-05-22 13:19:47,trade,exact,Matched,207.0,5.25
62,2026-05-22 13:19:47,trade,exact,Matched,206.0,5.26
62,2026-05-22 13:19:47,trade,exact,Matched,205.0,1.96
62,2026-05-22 13:19:47,trade,exact,Matched,204.0,4.41
62,2026-05-22 13:19:47,trade,exact,Matched,203.0,1.73
62,2026-05-22 13:19:47,trade,exact,Matched,202.0,1.8
62,2026-05-22 13:19:47,trade,exact,Matched,201.0,4.5
62,2026-05-22 13:19:47,trade,exact,Matched,200.0,4.5
62,2026-05-22 13:19:47,trade,exact,Matched,199.0,4.5
62,2026-05-22 13:19:47,trade,exact,Matched,198.0,4.73
62,2026-05-22 13:19:47,trade,exact,Matched,197.0,4.74
62,2026-05-22 13:19:47,trade,exact,Matched,196.0,4.68
62,2026-05-22 13:19:47,trade,exact,Matched,195.0,4.74
62,2026-05-22 13:19:47,trade,exact,Matched,194.0,1.85
62,2026-05-22 13:19:47,trade,exact,Matched,193.0,2.75
62,2026-05-22 13:19:47,trade,exact,Matched,192.0,5.0
62,2026-05-22 13:19:47,position,api_position_matched,Matched,205.0,10.37
62,2026-05-22 13:19:47,position,api_position_matched,Matched,203.0,0.1
62,2026-05-22 13:19:47,position,api_position_matched,Matched,202.0,3.25
62,2026-05-22 13:19:47,position,api_position_matched,Matched,207.0,6.39
62,2026-05-22 13:19:47,position,api_position_matched,Matched,206.0,5.09
62,2026-05-22 13:19:47,position,api_position_matched,Matched,204.0,4.65
62,2026-05-22 13:19:47,position,api_position_matched,Matched,210.0,4.7
62,2026-05-22 13:19:47,position,api_position_matched,Matched,208.0,5.22
62,2026-05-22 13:19:47,position,api_position_matched,Matched,211.0,5.06
62,2026-05-22 13:19:47,position,api_position_matched,Matched,197.0,0.11
62,2026-05-22 13:19:47,position,api_position_matched,Matched,212.0,5.14
62,2026-05-22 13:19:47,position,api_position_matched,Matched,200.0,4.39
62,2026-05-22 13:19:47,position,api_position_matched,Matched,196.0,5.1
62,2026-05-22 13:19:47,position,api_position_matched,Matched,201.0,4.88
63,2026-05-22 13:29:48,trade,exact,Matched,212.0,5.26
63,2026-05-22 13:29:48,trade,exact,Matched,211.0,5.11
63,2026-05-22 13:29:48,trade,exact,Matched,210.0,5.07
63,2026-05-22 13:29:48,trade,exact,Matched,209.0,2.5
63,2026-05-22 13:29:48,trade,exact,Matched,208.0,2.57
63,2026-05-22 13:29:48,trade,exact,Matched,207.0,5.25
63,2026-05-22 13:29:48,trade,exact,Matched,206.0,5.26
63,2026-05-22 13:29:48,trade,exact,Matched,205.0,1.96
63,2026-05-22 13:29:48,trade,exact,Matched,204.0,4.41
63,2026-05-22 13:29:48,trade,exact,Matched,203.0,1.73
63,2026-05-22 13:29:48,trade,exact,Matched,202.0,1.8
63,2026-05-22 13:29:48,trade,exact,Matched,201.0,4.5
63,2026-05-22 13:29:48,trade,exact,Matched,200.0,4.5
63,2026-05-22 13:29:48,trade,exact,Matched,199.0,4.5
63,2026-05-22 13:29:48,trade,exact,Matched,198.0,4.73
63,2026-05-22 13:29:48,trade,exact,Matched,197.0,4.74
63,2026-05-22 13:29:48,trade,exact,Matched,196.0,4.68
63,2026-05-22 13:29:48,trade,exact,Matched,195.0,4.74
63,2026-05-22 13:29:48,trade,exact,Matched,194.0,1.85
63,2026-05-22 13:29:48,trade,exact,Matched,193.0,2.75
63,2026-05-22 13:29:48,trade,exact,Matched,192.0,5.0
63,2026-05-22 13:29:48,position,api_position_matched,Matched,205.0,9.87
63,2026-05-22 13:29:48,position,api_position_matched,Matched,203.0,0.1
63,2026-05-22 13:29:48,position,api_position_matched,Matched,202.0,1.23
63,2026-05-22 13:29:48,position,api_position_matched,Matched,207.0,6.35
63,2026-05-22 13:29:48,position,api_position_matched,Matched,206.0,4.87
63,2026-05-22 13:29:48,position,api_position_matched,Matched,204.0,4.71
63,2026-05-22 13:29:48,position,api_position_matched,Matched,210.0,4.7
63,2026-05-22 13:29:48,position,api_position_matched,Matched,208.0,5.22
63,2026-05-22 13:29:48,position,api_position_matched,Matched,211.0,5.11
63,2026-05-22 13:29:48,position,api_position_matched,Matched,197.0,0.03
63,2026-05-22 13:29:48,position,api_position_matched,Matched,212.0,5.15
63,2026-05-22 13:29:48,position,api_position_matched,Matched,200.0,4.56
63,2026-05-22 13:29:48,position,api_position_matched,Matched,196.0,5.0
63,2026-05-22 13:29:48,position,api_position_matched,Matched,201.0,4.93
64,2026-05-22 13:35:54,trade,exact,Matched,212.0,5.26
64,2026-05-22 13:35:54,trade,exact,Matched,211.0,5.11
64,2026-05-22 13:35:54,trade,exact,Matched,210.0,5.07
64,2026-05-22 13:35:54,trade,exact,Matched,209.0,2.5
64,2026-05-22 13:35:54,trade,exact,Matched,208.0,2.57
64,2026-05-22 13:35:54,trade,exact,Matched,207.0,5.25
64,2026-05-22 13:35:54,trade,exact,Matched,206.0,5.26
64,2026-05-22 13:35:54,trade,exact,Matched,205.0,1.96
64,2026-05-22 13:35:54,trade,exact,Matched,204.0,4.41
64,2026-05-22 13:35:54,trade,exact,Matched,203.0,1.73
64,2026-05-22 13:35:54,trade,exact,Matched,202.0,1.8
64,2026-05-22 13:35:54,trade,exact,Matched,201.0,4.5
64,2026-05-22 13:35:54,trade,exact,Matched,200.0,4.5
64,2026-05-22 13:35:54,trade,exact,Matched,199.0,4.5
64,2026-05-22 13:35:54,trade,exact,Matched,198.0,4.73
64,2026-05-22 13:35:54,trade,exact,Matched,197.0,4.74
64,2026-05-22 13:35:54,trade,exact,Matched,196.0,4.68
64,2026-05-22 13:35:54,trade,exact,Matched,195.0,4.74
64,2026-05-22 13:35:54,trade,exact,Matched,194.0,1.85
64,2026-05-22 13:35:54,trade,exact,Matched,193.0,2.75
64,2026-05-22 13:35:54,trade,exact,Matched,192.0,5.0
64,2026-05-22 13:35:54,position,api_position_matched,Matched,205.0,9.87
64,2026-05-22 13:35:54,position,api_position_matched,Matched,203.0,0.1
64,2026-05-22 13:35:54,position,api_position_matched,Matched,202.0,1.23
64,2026-05-22 13:35:54,position,api_position_matched,Matched,207.0,6.43
64,2026-05-22 13:35:54,position,api_position_matched,Matched,206.0,4.87
64,2026-05-22 13:35:54,position,api_position_matched,Matched,204.0,4.71
64,2026-05-22 13:35:54,position,api_position_matched,Matched,210.0,4.83
64,2026-05-22 13:35:54,position,api_position_matched,Matched,208.0,5.25
64,2026-05-22 13:35:54,position,api_position_matched,Matched,211.0,5.11
64,2026-05-22 13:35:54,position,api_position_matched,Matched,197.0,0.03
64,2026-05-22 13:35:54,position,api_position_matched,Matched,212.0,5.07
64,2026-05-22 13:35:54,position,api_position_matched,Matched,200.0,4.56
64,2026-05-22 13:35:54,position,api_position_matched,Matched,196.0,5.0
64,2026-05-22 13:35:54,position,api_position_matched,Matched,201.0,4.93
65,2026-05-22 13:35:56,trade,exact,Matched,212.0,5.26
65,2026-05-22 13:35:56,trade,exact,Matched,211.0,5.11
65,2026-05-22 13:35:56,trade,exact,Matched,210.0,5.07
65,2026-05-22 13:35:56,trade,exact,Matched,209.0,2.5
65,2026-05-22 13:35:56,trade,exact,Matched,208.0,2.57
65,2026-05-22 13:35:56,trade,exact,Matched,207.0,5.25
65,2026-05-22 13:35:56,trade,exact,Matched,206.0,5.26
65,2026-05-22 13:35:56,trade,exact,Matched,205.0,1.96
65,2026-05-22 13:35:56,trade,exact,Matched,204.0,4.41
65,2026-05-22 13:35:56,trade,exact,Matched,203.0,1.73
65,2026-05-22 13:35:56,trade,exact,Matched,202.0,1.8
65,2026-05-22 13:35:56,trade,exact,Matched,201.0,4.5
65,2026-05-22 13:35:56,trade,exact,Matched,200.0,4.5
65,2026-05-22 13:35:56,trade,exact,Matched,199.0,4.5
65,2026-05-22 13:35:56,trade,exact,Matched,198.0,4.73
65,2026-05-22 13:35:56,trade,exact,Matched,197.0,4.74
65,2026-05-22 13:35:56,trade,exact,Matched,196.0,4.68
65,2026-05-22 13:35:56,trade,exact,Matched,195.0,4.74
65,2026-05-22 13:35:56,trade,exact,Matched,194.0,1.85
65,2026-05-22 13:35:56,trade,exact,Matched,193.0,2.75
65,2026-05-22 13:35:56,trade,exact,Matched,192.0,5.0
65,2026-05-22 13:35:56,position,api_position_matched,Matched,205.0,9.87
65,2026-05-22 13:35:56,position,api_position_matched,Matched,203.0,0.1
65,2026-05-22 13:35:56,position,api_position_matched,Matched,202.0,1.23
65,2026-05-22 13:35:56,position,api_position_matched,Matched,207.0,6.43
65,2026-05-22 13:35:56,position,api_position_matched,Matched,206.0,4.87
65,2026-05-22 13:35:56,position,api_position_matched,Matched,204.0,4.71
65,2026-05-22 13:35:56,position,api_position_matched,Matched,210.0,4.83
65,2026-05-22 13:35:56,position,api_position_matched,Matched,208.0,5.25
65,2026-05-22 13:35:56,position,api_position_matched,Matched,211.0,5.11
65,2026-05-22 13:35:56,position,api_position_matched,Matched,197.0,0.03
65,2026-05-22 13:35:56,position,api_position_matched,Matched,212.0,5.07
65,2026-05-22 13:35:56,position,api_position_matched,Matched,200.0,4.56
65,2026-05-22 13:35:56,position,api_position_matched,Matched,196.0,5.0
65,2026-05-22 13:35:56,position,api_position_matched,Matched,201.0,4.93
66,2026-05-22 13:45:42,trade,exact,Matched,212.0,5.26
66,2026-05-22 13:45:42,trade,exact,Matched,211.0,5.11
66,2026-05-22 13:45:42,trade,exact,Matched,210.0,5.07
66,2026-05-22 13:45:42,trade,exact,Matched,209.0,2.5
66,2026-05-22 13:45:42,trade,exact,Matched,208.0,2.57
66,2026-05-22 13:45:42,trade,exact,Matched,207.0,5.25
66,2026-05-22 13:45:42,trade,exact,Matched,206.0,5.26
66,2026-05-22 13:45:42,trade,exact,Matched,205.0,1.96
66,2026-05-22 13:45:42,trade,exact,Matched,204.0,4.41
66,2026-05-22 13:45:42,trade,exact,Matched,203.0,1.73
66,2026-05-22 13:45:42,trade,exact,Matched,202.0,1.8
66,2026-05-22 13:45:42,trade,exact,Matched,201.0,4.5
66,2026-05-22 13:45:42,trade,exact,Matched,200.0,4.5
66,2026-05-22 13:45:42,trade,exact,Matched,199.0,4.5
66,2026-05-22 13:45:42,trade,exact,Matched,198.0,4.73
66,2026-05-22 13:45:42,trade,exact,Matched,197.0,4.74
66,2026-05-22 13:45:42,trade,exact,Matched,196.0,4.68
66,2026-05-22 13:45:42,trade,exact,Matched,195.0,4.74
66,2026-05-22 13:45:42,trade,exact,Matched,194.0,1.85
66,2026-05-22 13:45:42,trade,exact,Matched,193.0,2.75
66,2026-05-22 13:45:42,trade,exact,Matched,192.0,5.0
66,2026-05-22 13:45:42,position,api_position_matched,Matched,205.0,11.86
66,2026-05-22 13:45:42,position,api_position_matched,Matched,203.0,0.1
66,2026-05-22 13:45:42,position,api_position_matched,Matched,202.0,0.82
66,2026-05-22 13:45:42,position,api_position_matched,Matched,207.0,6.43
66,2026-05-22 13:45:42,position,api_position_matched,Matched,206.0,4.8
66,2026-05-22 13:45:42,position,api_position_matched,Matched,204.0,4.77
66,2026-05-22 13:45:42,position,api_position_matched,Matched,210.0,5.04
66,2026-05-22 13:45:42,position,api_position_matched,Matched,208.0,5.22
66,2026-05-22 13:45:42,position,api_position_matched,Matched,211.0,4.94
66,2026-05-22 13:45:42,position,api_position_matched,Matched,197.0,0.03
66,2026-05-22 13:45:42,position,api_position_matched,Matched,212.0,5.08
66,2026-05-22 13:45:42,position,api_position_matched,Matched,200.0,4.59
66,2026-05-22 13:45:42,position,api_position_matched,Matched,196.0,4.94
66,2026-05-22 13:45:42,position,api_position_matched,Matched,201.0,4.83
67,2026-05-22 13:45:44,trade,exact,Matched,212.0,5.26
67,2026-05-22 13:45:44,trade,exact,Matched,211.0,5.11
67,2026-05-22 13:45:44,trade,exact,Matched,210.0,5.07
67,2026-05-22 13:45:44,trade,exact,Matched,209.0,2.5
67,2026-05-22 13:45:44,trade,exact,Matched,208.0,2.57
67,2026-05-22 13:45:44,trade,exact,Matched,207.0,5.25
67,2026-05-22 13:45:44,trade,exact,Matched,206.0,5.26
67,2026-05-22 13:45:44,trade,exact,Matched,205.0,1.96
67,2026-05-22 13:45:44,trade,exact,Matched,204.0,4.41
67,2026-05-22 13:45:44,trade,exact,Matched,203.0,1.73
67,2026-05-22 13:45:44,trade,exact,Matched,202.0,1.8
67,2026-05-22 13:45:44,trade,exact,Matched,201.0,4.5
67,2026-05-22 13:45:44,trade,exact,Matched,200.0,4.5
67,2026-05-22 13:45:44,trade,exact,Matched,199.0,4.5
67,2026-05-22 13:45:44,trade,exact,Matched,198.0,4.73
67,2026-05-22 13:45:44,trade,exact,Matched,197.0,4.74
67,2026-05-22 13:45:44,trade,exact,Matched,196.0,4.68
67,2026-05-22 13:45:44,trade,exact,Matched,195.0,4.74
67,2026-05-22 13:45:44,trade,exact,Matched,194.0,1.85
67,2026-05-22 13:45:44,trade,exact,Matched,193.0,2.75
67,2026-05-22 13:45:44,trade,exact,Matched,192.0,5.0
67,2026-05-22 13:45:44,position,api_position_matched,Matched,205.0,11.86
67,2026-05-22 13:45:44,position,api_position_matched,Matched,203.0,0.1
67,2026-05-22 13:45:44,position,api_position_matched,Matched,202.0,0.82
67,2026-05-22 13:45:44,position,api_position_matched,Matched,207.0,6.43
67,2026-05-22 13:45:44,position,api_position_matched,Matched,206.0,4.8
67,2026-05-22 13:45:44,position,api_position_matched,Matched,204.0,4.77
67,2026-05-22 13:45:44,position,api_position_matched,Matched,210.0,5.04
67,2026-05-22 13:45:44,position,api_position_matched,Matched,208.0,5.22
67,2026-05-22 13:45:44,position,api_position_matched,Matched,211.0,4.94
67,2026-05-22 13:45:44,position,api_position_matched,Matched,197.0,0.03
67,2026-05-22 13:45:44,position,api_position_matched,Matched,212.0,5.08
67,2026-05-22 13:45:44,position,api_position_matched,Matched,200.0,4.59
67,2026-05-22 13:45:44,position,api_position_matched,Matched,196.0,4.94
67,2026-05-22 13:45:44,position,api_position_matched,Matched,201.0,4.83
68,2026-05-22 13:55:44,trade,exact,Matched,212.0,5.26
68,2026-05-22 13:55:44,trade,exact,Matched,211.0,5.11
68,2026-05-22 13:55:44,trade,exact,Matched,210.0,5.07
68,2026-05-22 13:55:44,trade,exact,Matched,209.0,2.5
68,2026-05-22 13:55:44,trade,exact,Matched,208.0,2.57
68,2026-05-22 13:55:44,trade,exact,Matched,207.0,5.25
68,2026-05-22 13:55:44,trade,exact,Matched,206.0,5.26
68,2026-05-22 13:55:44,trade,exact,Matched,205.0,1.96
68,2026-05-22 13:55:44,trade,exact,Matched,204.0,4.41
68,2026-05-22 13:55:44,trade,exact,Matched,203.0,1.73
68,2026-05-22 13:55:44,trade,exact,Matched,202.0,1.8
68,2026-05-22 13:55:44,trade,exact,Matched,201.0,4.5
68,2026-05-22 13:55:44,trade,exact,Matched,200.0,4.5
68,2026-05-22 13:55:44,trade,exact,Matched,199.0,4.5
68,2026-05-22 13:55:44,trade,exact,Matched,198.0,4.73
68,2026-05-22 13:55:44,trade,exact,Matched,197.0,4.74
68,2026-05-22 13:55:44,trade,exact,Matched,196.0,4.68
68,2026-05-22 13:55:44,trade,exact,Matched,195.0,4.74
68,2026-05-22 13:55:44,trade,exact,Matched,194.0,1.85
68,2026-05-22 13:55:44,trade,exact,Matched,193.0,2.75
68,2026-05-22 13:55:44,trade,exact,Matched,192.0,5.0
68,2026-05-22 13:55:44,position,api_position_matched,Matched,205.0,11.79
68,2026-05-22 13:55:44,position,api_position_matched,Matched,203.0,0.1
68,2026-05-22 13:55:44,position,api_position_matched,Matched,202.0,0.56
68,2026-05-22 13:55:44,position,api_position_matched,Matched,207.0,6.43
68,2026-05-22 13:55:44,position,api_position_matched,Matched,206.0,5.06
68,2026-05-22 13:55:44,position,api_position_matched,Matched,204.0,4.77
68,2026-05-22 13:55:44,position,api_position_matched,Matched,210.0,4.95
68,2026-05-22 13:55:44,position,api_position_matched,Matched,208.0,5.19
68,2026-05-22 13:55:44,position,api_position_matched,Matched,211.0,4.95
68,2026-05-22 13:55:44,position,api_position_matched,Matched,197.0,0.0
68,2026-05-22 13:55:44,position,api_position_matched,Matched,212.0,5.08
68,2026-05-22 13:55:44,position,api_position_matched,Matched,200.0,4.42
68,2026-05-22 13:55:44,position,api_position_matched,Matched,196.0,5.07
68,2026-05-22 13:55:44,position,api_position_matched,Matched,201.0,4.83
69,2026-05-22 13:56:16,trade,exact,Matched,212.0,5.26
69,2026-05-22 13:56:16,trade,exact,Matched,211.0,5.11
69,2026-05-22 13:56:16,trade,exact,Matched,210.0,5.07
69,2026-05-22 13:56:16,trade,exact,Matched,209.0,2.5
69,2026-05-22 13:56:16,trade,exact,Matched,208.0,2.57
69,2026-05-22 13:56:16,trade,exact,Matched,207.0,5.25
69,2026-05-22 13:56:16,trade,exact,Matched,206.0,5.26
69,2026-05-22 13:56:16,trade,exact,Matched,205.0,1.96
69,2026-05-22 13:56:16,trade,exact,Matched,204.0,4.41
69,2026-05-22 13:56:16,trade,exact,Matched,203.0,1.73
69,2026-05-22 13:56:16,trade,exact,Matched,202.0,1.8
69,2026-05-22 13:56:16,trade,exact,Matched,201.0,4.5
69,2026-05-22 13:56:16,trade,exact,Matched,200.0,4.5
69,2026-05-22 13:56:16,trade,exact,Matched,199.0,4.5
69,2026-05-22 13:56:16,trade,exact,Matched,198.0,4.73
69,2026-05-22 13:56:16,trade,exact,Matched,197.0,4.74
69,2026-05-22 13:56:16,trade,exact,Matched,196.0,4.68
69,2026-05-22 13:56:16,trade,exact,Matched,195.0,4.74
69,2026-05-22 13:56:16,trade,exact,Matched,194.0,1.85
69,2026-05-22 13:56:16,trade,exact,Matched,193.0,2.75
69,2026-05-22 13:56:16,trade,exact,Matched,192.0,5.0
69,2026-05-22 13:56:16,position,api_position_matched,Matched,205.0,11.79
69,2026-05-22 13:56:16,position,api_position_matched,Matched,203.0,0.1
69,2026-05-22 13:56:16,position,api_position_matched,Matched,202.0,0.56
69,2026-05-22 13:56:16,position,api_position_matched,Matched,207.0,6.43
69,2026-05-22 13:56:16,position,api_position_matched,Matched,206.0,5.06
69,2026-05-22 13:56:16,position,api_position_matched,Matched,204.0,4.77
69,2026-05-22 13:56:16,position,api_position_matched,Matched,210.0,4.95
69,2026-05-22 13:56:16,position,api_position_matched,Matched,208.0,5.19
69,2026-05-22 13:56:16,position,api_position_matched,Matched,211.0,4.95
69,2026-05-22 13:56:16,position,api_position_matched,Matched,197.0,0.0
69,2026-05-22 13:56:16,position,api_position_matched,Matched,212.0,5.08
69,2026-05-22 13:56:16,position,api_position_matched,Matched,200.0,4.42
69,2026-05-22 13:56:16,position,api_position_matched,Matched,196.0,5.07
69,2026-05-22 13:56:16,position,api_position_matched,Matched,201.0,4.83
70,2026-05-22 13:56:17,trade,exact,Matched,212.0,5.26
70,2026-05-22 13:56:17,trade,exact,Matched,211.0,5.11
70,2026-05-22 13:56:17,trade,exact,Matched,210.0,5.07
70,2026-05-22 13:56:17,trade,exact,Matched,209.0,2.5
70,2026-05-22 13:56:17,trade,exact,Matched,208.0,2.57
70,2026-05-22 13:56:17,trade,exact,Matched,207.0,5.25
70,2026-05-22 13:56:17,trade,exact,Matched,206.0,5.26
70,2026-05-22 13:56:17,trade,exact,Matched,205.0,1.96
70,2026-05-22 13:56:17,trade,exact,Matched,204.0,4.41
70,2026-05-22 13:56:17,trade,exact,Matched,203.0,1.73
70,2026-05-22 13:56:17,trade,exact,Matched,202.0,1.8
70,2026-05-22 13:56:17,trade,exact,Matched,201.0,4.5
70,2026-05-22 13:56:17,trade,exact,Matched,200.0,4.5
70,2026-05-22 13:56:17,trade,exact,Matched,199.0,4.5
70,2026-05-22 13:56:17,trade,exact,Matched,198.0,4.73
70,2026-05-22 13:56:17,trade,exact,Matched,197.0,4.74
70,2026-05-22 13:56:17,trade,exact,Matched,196.0,4.68
70,2026-05-22 13:56:17,trade,exact,Matched,195.0,4.74
70,2026-05-22 13:56:17,trade,exact,Matched,194.0,1.85
70,2026-05-22 13:56:17,trade,exact,Matched,193.0,2.75
70,2026-05-22 13:56:17,trade,exact,Matched,192.0,5.0
70,2026-05-22 13:56:17,position,api_position_matched,Matched,205.0,11.79
70,2026-05-22 13:56:17,position,api_position_matched,Matched,203.0,0.1
70,2026-05-22 13:56:17,position,api_position_matched,Matched,202.0,0.56
70,2026-05-22 13:56:17,position,api_position_matched,Matched,207.0,6.43
70,2026-05-22 13:56:17,position,api_position_matched,Matched,206.0,5.06
70,2026-05-22 13:56:17,position,api_position_matched,Matched,204.0,4.77
70,2026-05-22 13:56:17,position,api_position_matched,Matched,210.0,4.95
70,2026-05-22 13:56:17,position,api_position_matched,Matched,208.0,5.19
70,2026-05-22 13:56:17,position,api_position_matched,Matched,211.0,4.95
70,2026-05-22 13:56:17,position,api_position_matched,Matched,197.0,0.0
70,2026-05-22 13:56:17,position,api_position_matched,Matched,212.0,5.08
70,2026-05-22 13:56:17,position,api_position_matched,Matched,200.0,4.42
70,2026-05-22 13:56:17,position,api_position_matched,Matched,196.0,5.07
70,2026-05-22 13:56:17,position,api_position_matched,Matched,201.0,4.83
71,2026-05-22 14:06:00,trade,exact,Matched,212.0,5.26
71,2026-05-22 14:06:00,trade,exact,Matched,211.0,5.11
71,2026-05-22 14:06:00,trade,exact,Matched,210.0,5.07
71,2026-05-22 14:06:00,trade,exact,Matched,209.0,2.5
71,2026-05-22 14:06:00,trade,exact,Matched,208.0,2.57
71,2026-05-22 14:06:00,trade,exact,Matched,207.0,5.25
71,2026-05-22 14:06:00,trade,exact,Matched,206.0,5.26
71,2026-05-22 14:06:00,trade,exact,Matched,205.0,1.96
71,2026-05-22 14:06:00,trade,exact,Matched,204.0,4.41
71,2026-05-22 14:06:00,trade,exact,Matched,203.0,1.73
71,2026-05-22 14:06:00,trade,exact,Matched,202.0,1.8
71,2026-05-22 14:06:00,trade,exact,Matched,201.0,4.5
71,2026-05-22 14:06:00,trade,exact,Matched,200.0,4.5
71,2026-05-22 14:06:00,trade,exact,Matched,199.0,4.5
71,2026-05-22 14:06:00,trade,exact,Matched,198.0,4.73
71,2026-05-22 14:06:00,trade,exact,Matched,197.0,4.74
71,2026-05-22 14:06:00,trade,exact,Matched,196.0,4.68
71,2026-05-22 14:06:00,trade,exact,Matched,195.0,4.74
71,2026-05-22 14:06:00,trade,exact,Matched,194.0,1.85
71,2026-05-22 14:06:00,trade,exact,Matched,193.0,2.75
71,2026-05-22 14:06:00,trade,exact,Matched,192.0,5.0
71,2026-05-22 14:06:00,position,api_position_matched,Matched,205.0,8.71
71,2026-05-22 14:06:00,position,api_position_matched,Matched,203.0,0.09
71,2026-05-22 14:06:00,position,api_position_matched,Matched,202.0,0.65
71,2026-05-22 14:06:00,position,api_position_matched,Matched,207.0,6.43
71,2026-05-22 14:06:00,position,api_position_matched,Matched,206.0,5.13
71,2026-05-22 14:06:00,position,api_position_matched,Matched,204.0,4.87
71,2026-05-22 14:06:00,position,api_position_matched,Matched,210.0,4.58
71,2026-05-22 14:06:00,position,api_position_matched,Matched,208.0,5.22
71,2026-05-22 14:06:00,position,api_position_matched,Matched,211.0,5.2
71,2026-05-22 14:06:00,position,api_position_matched,Matched,197.0,0.0
71,2026-05-22 14:06:00,position,api_position_matched,Matched,212.0,5.08
71,2026-05-22 14:06:00,position,api_position_matched,Matched,200.0,4.19
71,2026-05-22 14:06:00,position,api_position_matched,Matched,196.0,5.07
71,2026-05-22 14:06:00,position,api_position_matched,Matched,201.0,4.89
72,2026-05-22 14:06:02,trade,exact,Matched,212.0,5.26
72,2026-05-22 14:06:02,trade,exact,Matched,211.0,5.11
72,2026-05-22 14:06:02,trade,exact,Matched,210.0,5.07
72,2026-05-22 14:06:02,trade,exact,Matched,209.0,2.5
72,2026-05-22 14:06:02,trade,exact,Matched,208.0,2.57
72,2026-05-22 14:06:02,trade,exact,Matched,207.0,5.25
72,2026-05-22 14:06:02,trade,exact,Matched,206.0,5.26
72,2026-05-22 14:06:02,trade,exact,Matched,205.0,1.96
72,2026-05-22 14:06:02,trade,exact,Matched,204.0,4.41
72,2026-05-22 14:06:02,trade,exact,Matched,203.0,1.73
72,2026-05-22 14:06:02,trade,exact,Matched,202.0,1.8
72,2026-05-22 14:06:02,trade,exact,Matched,201.0,4.5
72,2026-05-22 14:06:02,trade,exact,Matched,200.0,4.5
72,2026-05-22 14:06:02,trade,exact,Matched,199.0,4.5
72,2026-05-22 14:06:02,trade,exact,Matched,198.0,4.73
72,2026-05-22 14:06:02,trade,exact,Matched,197.0,4.74
72,2026-05-22 14:06:02,trade,exact,Matched,196.0,4.68
72,2026-05-22 14:06:02,trade,exact,Matched,195.0,4.74
72,2026-05-22 14:06:02,trade,exact,Matched,194.0,1.85
72,2026-05-22 14:06:02,trade,exact,Matched,193.0,2.75
72,2026-05-22 14:06:02,trade,exact,Matched,192.0,5.0
72,2026-05-22 14:06:02,position,api_position_matched,Matched,205.0,8.71
72,2026-05-22 14:06:02,position,api_position_matched,Matched,203.0,0.09
72,2026-05-22 14:06:02,position,api_position_matched,Matched,202.0,0.65
72,2026-05-22 14:06:02,position,api_position_matched,Matched,207.0,6.43
72,2026-05-22 14:06:02,position,api_position_matched,Matched,206.0,5.13
72,2026-05-22 14:06:02,position,api_position_matched,Matched,204.0,4.87
72,2026-05-22 14:06:02,position,api_position_matched,Matched,210.0,4.58
72,2026-05-22 14:06:02,position,api_position_matched,Matched,208.0,5.22
72,2026-05-22 14:06:02,position,api_position_matched,Matched,211.0,5.2
72,2026-05-22 14:06:02,position,api_position_matched,Matched,197.0,0.0
72,2026-05-22 14:06:02,position,api_position_matched,Matched,212.0,5.08
72,2026-05-22 14:06:02,position,api_position_matched,Matched,200.0,4.19
72,2026-05-22 14:06:02,position,api_position_matched,Matched,196.0,5.07
72,2026-05-22 14:06:02,position,api_position_matched,Matched,201.0,4.89
73,2026-05-22 14:16:03,trade,exact,Matched,212.0,5.26
73,2026-05-22 14:16:03,trade,exact,Matched,211.0,5.11
73,2026-05-22 14:16:03,trade,exact,Matched,210.0,5.07
73,2026-05-22 14:16:03,trade,exact,Matched,209.0,2.5
73,2026-05-22 14:16:03,trade,exact,Matched,208.0,2.57
73,2026-05-22 14:16:03,trade,exact,Matched,207.0,5.25
73,2026-05-22 14:16:03,trade,exact,Matched,206.0,5.26
73,2026-05-22 14:16:03,trade,exact,Matched,205.0,1.96
73,2026-05-22 14:16:03,trade,exact,Matched,204.0,4.41
73,2026-05-22 14:16:03,trade,exact,Matched,203.0,1.73
73,2026-05-22 14:16:03,trade,exact,Matched,202.0,1.8
73,2026-05-22 14:16:03,trade,exact,Matched,201.0,4.5
73,2026-05-22 14:16:03,trade,exact,Matched,200.0,4.5
73,2026-05-22 14:16:03,trade,exact,Matched,199.0,4.5
73,2026-05-22 14:16:03,trade,exact,Matched,198.0,4.73
73,2026-05-22 14:16:03,trade,exact,Matched,197.0,4.74
73,2026-05-22 14:16:03,trade,exact,Matched,196.0,4.68
73,2026-05-22 14:16:03,trade,exact,Matched,195.0,4.74
73,2026-05-22 14:16:03,trade,exact,Matched,194.0,1.85
73,2026-05-22 14:16:03,trade,exact,Matched,193.0,2.75
73,2026-05-22 14:16:03,trade,exact,Matched,192.0,5.0
73,2026-05-22 14:16:03,position,api_position_matched,Matched,205.0,8.45
73,2026-05-22 14:16:03,position,api_position_matched,Matched,203.0,0.01
73,2026-05-22 14:16:03,position,api_position_matched,Matched,202.0,0.66
73,2026-05-22 14:16:03,position,api_position_matched,Matched,207.0,6.35
73,2026-05-22 14:16:03,position,api_position_matched,Matched,206.0,4.93
73,2026-05-22 14:16:03,position,api_position_matched,Matched,204.0,4.93
73,2026-05-22 14:16:03,position,api_position_matched,Matched,210.0,4.58
73,2026-05-22 14:16:03,position,api_position_matched,Matched,208.0,4.95
73,2026-05-22 14:16:03,position,api_position_matched,Matched,211.0,5.22
73,2026-05-22 14:16:03,position,api_position_matched,Matched,197.0,0.0
73,2026-05-22 14:16:03,position,api_position_matched,Matched,212.0,5.08
73,2026-05-22 14:16:03,position,api_position_matched,Matched,200.0,4.0
73,2026-05-22 14:16:03,position,api_position_matched,Matched,196.0,5.18
73,2026-05-22 14:16:03,position,api_position_matched,Matched,201.0,4.89
74,2026-05-22 14:26:03,trade,exact,Matched,212.0,5.26
74,2026-05-22 14:26:03,trade,exact,Matched,211.0,5.11
74,2026-05-22 14:26:03,trade,exact,Matched,210.0,5.07
74,2026-05-22 14:26:03,trade,exact,Matched,209.0,2.5
74,2026-05-22 14:26:03,trade,exact,Matched,208.0,2.57
74,2026-05-22 14:26:03,trade,exact,Matched,207.0,5.25
74,2026-05-22 14:26:03,trade,exact,Matched,206.0,5.26
74,2026-05-22 14:26:03,trade,exact,Matched,205.0,1.96
74,2026-05-22 14:26:03,trade,exact,Matched,204.0,4.41
74,2026-05-22 14:26:03,trade,exact,Matched,203.0,1.73
74,2026-05-22 14:26:03,trade,exact,Matched,202.0,1.8
74,2026-05-22 14:26:03,trade,exact,Matched,201.0,4.5
74,2026-05-22 14:26:03,trade,exact,Matched,200.0,4.5
74,2026-05-22 14:26:03,trade,exact,Matched,199.0,4.5
74,2026-05-22 14:26:03,trade,exact,Matched,198.0,4.73
74,2026-05-22 14:26:03,trade,exact,Matched,197.0,4.74
74,2026-05-22 14:26:03,trade,exact,Matched,196.0,4.68
74,2026-05-22 14:26:03,trade,exact,Matched,195.0,4.74
74,2026-05-22 14:26:03,trade,exact,Matched,194.0,1.85
74,2026-05-22 14:26:03,trade,exact,Matched,193.0,2.75
74,2026-05-22 14:26:03,trade,exact,Matched,192.0,5.0
74,2026-05-22 14:26:03,position,api_position_matched,Matched,205.0,9.25
74,2026-05-22 14:26:03,position,api_position_matched,Matched,203.0,0.01
74,2026-05-22 14:26:03,position,api_position_matched,Matched,202.0,0.34
74,2026-05-22 14:26:03,position,api_position_matched,Matched,207.0,6.5
74,2026-05-22 14:26:03,position,api_position_matched,Matched,206.0,5.16
74,2026-05-22 14:26:03,position,api_position_matched,Matched,204.0,4.99
74,2026-05-22 14:26:03,position,api_position_matched,Matched,210.0,4.37
74,2026-05-22 14:26:03,position,api_position_matched,Matched,208.0,5.07
74,2026-05-22 14:26:03,position,api_position_matched,Matched,211.0,5.16
74,2026-05-22 14:26:03,position,api_position_matched,Matched,197.0,0.02
74,2026-05-22 14:26:03,position,api_position_matched,Matched,212.0,5.17
74,2026-05-22 14:26:03,position,api_position_matched,Matched,200.0,4.03
74,2026-05-22 14:26:03,position,api_position_matched,Matched,196.0,5.16
74,2026-05-22 14:26:03,position,api_position_matched,Matched,201.0,4.83
75,2026-05-22 14:36:03,trade,exact,Matched,212.0,5.26
75,2026-05-22 14:36:03,trade,exact,Matched,211.0,5.11
75,2026-05-22 14:36:03,trade,exact,Matched,210.0,5.07
75,2026-05-22 14:36:03,trade,exact,Matched,209.0,2.5
75,2026-05-22 14:36:03,trade,exact,Matched,208.0,2.57
75,2026-05-22 14:36:03,trade,exact,Matched,207.0,5.25
75,2026-05-22 14:36:03,trade,exact,Matched,206.0,5.26
75,2026-05-22 14:36:03,trade,exact,Matched,205.0,1.96
75,2026-05-22 14:36:03,trade,exact,Matched,204.0,4.41
75,2026-05-22 14:36:03,trade,exact,Matched,203.0,1.73
75,2026-05-22 14:36:03,trade,exact,Matched,202.0,1.8
75,2026-05-22 14:36:03,trade,exact,Matched,201.0,4.5
75,2026-05-22 14:36:03,trade,exact,Matched,200.0,4.5
75,2026-05-22 14:36:03,trade,exact,Matched,199.0,4.5
75,2026-05-22 14:36:03,trade,exact,Matched,198.0,4.73
75,2026-05-22 14:36:03,trade,exact,Matched,197.0,4.74
75,2026-05-22 14:36:03,trade,exact,Matched,196.0,4.68
75,2026-05-22 14:36:03,trade,exact,Matched,195.0,4.74
75,2026-05-22 14:36:03,trade,exact,Matched,194.0,1.85
75,2026-05-22 14:36:03,trade,exact,Matched,193.0,2.75
75,2026-05-22 14:36:03,trade,exact,Matched,192.0,5.0
75,2026-05-22 14:36:03,position,api_position_matched,Matched,205.0,9.25
75,2026-05-22 14:36:03,position,api_position_matched,Matched,203.0,0.01
75,2026-05-22 14:36:03,position,api_position_matched,Matched,202.0,0.47
75,2026-05-22 14:36:03,position,api_position_matched,Matched,207.0,6.64
75,2026-05-22 14:36:03,position,api_position_matched,Matched,206.0,5.16
75,2026-05-22 14:36:03,position,api_position_matched,Matched,204.0,5.05
75,2026-05-22 14:36:03,position,api_position_matched,Matched,210.0,4.37
75,2026-05-22 14:36:03,position,api_position_matched,Matched,208.0,5.07
75,2026-05-22 14:36:03,position,api_position_matched,Matched,211.0,5.16
75,2026-05-22 14:36:03,position,api_position_matched,Matched,197.0,0.03
75,2026-05-22 14:36:03,position,api_position_matched,Matched,212.0,5.19
75,2026-05-22 14:36:03,position,api_position_matched,Matched,200.0,4.03
75,2026-05-22 14:36:03,position,api_position_matched,Matched,196.0,5.18
75,2026-05-22 14:36:03,position,api_position_matched,Matched,201.0,4.91
76,2026-05-22 14:46:03,trade,exact,Matched,212.0,5.26
76,2026-05-22 14:46:03,trade,exact,Matched,211.0,5.11
76,2026-05-22 14:46:03,trade,exact,Matched,210.0,5.07
76,2026-05-22 14:46:03,trade,exact,Matched,209.0,2.5
76,2026-05-22 14:46:03,trade,exact,Matched,208.0,2.57
76,2026-05-22 14:46:03,trade,exact,Matched,207.0,5.25
76,2026-05-22 14:46:03,trade,exact,Matched,206.0,5.26
76,2026-05-22 14:46:03,trade,exact,Matched,205.0,1.96
76,2026-05-22 14:46:03,trade,exact,Matched,204.0,4.41
76,2026-05-22 14:46:03,trade,exact,Matched,203.0,1.73
76,2026-05-22 14:46:03,trade,exact,Matched,202.0,1.8
76,2026-05-22 14:46:03,trade,exact,Matched,201.0,4.5
76,2026-05-22 14:46:03,trade,exact,Matched,200.0,4.5
76,2026-05-22 14:46:03,trade,exact,Matched,199.0,4.5
76,2026-05-22 14:46:03,trade,exact,Matched,198.0,4.73
76,2026-05-22 14:46:03,trade,exact,Matched,197.0,4.74
76,2026-05-22 14:46:03,trade,exact,Matched,196.0,4.68
76,2026-05-22 14:46:03,trade,exact,Matched,195.0,4.74
76,2026-05-22 14:46:03,trade,exact,Matched,194.0,1.85
76,2026-05-22 14:46:03,trade,exact,Matched,193.0,2.75
76,2026-05-22 14:46:03,trade,exact,Matched,192.0,5.0
76,2026-05-22 14:46:03,position,api_position_matched,Matched,205.0,9.76
76,2026-05-22 14:46:03,position,api_position_matched,Matched,203.0,0.01
76,2026-05-22 14:46:03,position,api_position_matched,Matched,202.0,0.39
76,2026-05-22 14:46:03,position,api_position_matched,Matched,207.0,6.57
76,2026-05-22 14:46:03,position,api_position_matched,Matched,206.0,5.16
76,2026-05-22 14:46:03,position,api_position_matched,Matched,204.0,4.99
76,2026-05-22 14:46:03,position,api_position_matched,Matched,210.0,4.43
76,2026-05-22 14:46:03,position,api_position_matched,Matched,208.0,5.13
76,2026-05-22 14:46:03,position,api_position_matched,Matched,211.0,5.12
76,2026-05-22 14:46:03,position,api_position_matched,Matched,197.0,0.03
76,2026-05-22 14:46:03,position,api_position_matched,Matched,212.0,5.21
76,2026-05-22 14:46:03,position,api_position_matched,Matched,200.0,4.03
76,2026-05-22 14:46:03,position,api_position_matched,Matched,196.0,5.19
76,2026-05-22 14:46:03,position,api_position_matched,Matched,201.0,4.92
77,2026-05-22 14:56:03,trade,exact,Matched,212.0,5.26
77,2026-05-22 14:56:03,trade,exact,Matched,211.0,5.11
77,2026-05-22 14:56:03,trade,exact,Matched,210.0,5.07
77,2026-05-22 14:56:03,trade,exact,Matched,209.0,2.5
77,2026-05-22 14:56:03,trade,exact,Matched,208.0,2.57
77,2026-05-22 14:56:03,trade,exact,Matched,207.0,5.25
77,2026-05-22 14:56:03,trade,exact,Matched,206.0,5.26
77,2026-05-22 14:56:03,trade,exact,Matched,205.0,1.96
77,2026-05-22 14:56:03,trade,exact,Matched,204.0,4.41
77,2026-05-22 14:56:03,trade,exact,Matched,203.0,1.73
77,2026-05-22 14:56:03,trade,exact,Matched,202.0,1.8
77,2026-05-22 14:56:03,trade,exact,Matched,201.0,4.5
77,2026-05-22 14:56:03,trade,exact,Matched,200.0,4.5
77,2026-05-22 14:56:03,trade,exact,Matched,199.0,4.5
77,2026-05-22 14:56:03,trade,exact,Matched,198.0,4.73
77,2026-05-22 14:56:03,trade,exact,Matched,197.0,4.74
77,2026-05-22 14:56:03,trade,exact,Matched,196.0,4.68
77,2026-05-22 14:56:03,trade,exact,Matched,195.0,4.74
77,2026-05-22 14:56:03,trade,exact,Matched,194.0,1.85
77,2026-05-22 14:56:03,trade,exact,Matched,193.0,2.75
77,2026-05-22 14:56:03,trade,exact,Matched,192.0,5.0
77,2026-05-22 14:56:03,position,api_position_matched,Matched,205.0,9.76
77,2026-05-22 14:56:03,position,api_position_matched,Matched,203.0,0.01
77,2026-05-22 14:56:03,position,api_position_matched,Matched,202.0,0.28
77,2026-05-22 14:56:03,position,api_position_matched,Matched,207.0,6.5
77,2026-05-22 14:56:03,position,api_position_matched,Matched,206.0,5.16
77,2026-05-22 14:56:03,position,api_position_matched,Matched,204.0,4.87
77,2026-05-22 14:56:03,position,api_position_matched,Matched,210.0,4.34
77,2026-05-22 14:56:03,position,api_position_matched,Matched,208.0,5.16
77,2026-05-22 14:56:03,position,api_position_matched,Matched,211.0,5.12
77,2026-05-22 14:56:03,position,api_position_matched,Matched,197.0,0.04
77,2026-05-22 14:56:03,position,api_position_matched,Matched,212.0,5.21
77,2026-05-22 14:56:03,position,api_position_matched,Matched,200.0,4.03
77,2026-05-22 14:56:03,position,api_position_matched,Matched,196.0,5.19
77,2026-05-22 14:56:03,position,api_position_matched,Matched,201.0,4.93
78,2026-05-22 15:06:03,trade,exact,Matched,212.0,5.26
78,2026-05-22 15:06:03,trade,exact,Matched,211.0,5.11
78,2026-05-22 15:06:03,trade,exact,Matched,210.0,5.07
78,2026-05-22 15:06:03,trade,exact,Matched,209.0,2.5
78,2026-05-22 15:06:03,trade,exact,Matched,208.0,2.57
78,2026-05-22 15:06:03,trade,exact,Matched,207.0,5.25
78,2026-05-22 15:06:03,trade,exact,Matched,206.0,5.26
78,2026-05-22 15:06:03,trade,exact,Matched,205.0,1.96
78,2026-05-22 15:06:03,trade,exact,Matched,204.0,4.41
78,2026-05-22 15:06:03,trade,exact,Matched,203.0,1.73
78,2026-05-22 15:06:03,trade,exact,Matched,202.0,1.8
78,2026-05-22 15:06:03,trade,exact,Matched,201.0,4.5
78,2026-05-22 15:06:03,trade,exact,Matched,200.0,4.5
78,2026-05-22 15:06:03,trade,exact,Matched,199.0,4.5
78,2026-05-22 15:06:03,trade,exact,Matched,198.0,4.73
78,2026-05-22 15:06:03,trade,exact,Matched,197.0,4.74
78,2026-05-22 15:06:03,trade,exact,Matched,196.0,4.68
78,2026-05-22 15:06:03,trade,exact,Matched,195.0,4.74
78,2026-05-22 15:06:03,trade,exact,Matched,194.0,1.85
78,2026-05-22 15:06:03,trade,exact,Matched,193.0,2.75
78,2026-05-22 15:06:03,trade,exact,Matched,192.0,5.0
78,2026-05-22 15:06:03,position,api_position_matched,Matched,205.0,9.76
78,2026-05-22 15:06:03,position,api_position_unmatched,Exception,,0.0
78,2026-05-22 15:06:03,position,api_position_matched,Matched,202.0,0.28
78,2026-05-22 15:06:03,position,api_position_matched,Matched,207.0,6.28
78,2026-05-22 15:06:03,position,api_position_matched,Matched,206.0,5.22
78,2026-05-22 15:06:03,position,api_position_matched,Matched,204.0,4.87
78,2026-05-22 15:06:03,position,api_position_matched,Matched,210.0,4.34
78,2026-05-22 15:06:03,position,api_position_matched,Matched,208.0,5.31
78,2026-05-22 15:06:03,position,api_position_matched,Matched,211.0,5.12
78,2026-05-22 15:06:03,position,api_position_matched,Matched,197.0,0.04
78,2026-05-22 15:06:03,position,api_position_matched,Matched,212.0,5.2
78,2026-05-22 15:06:03,position,api_position_matched,Matched,200.0,4.03
78,2026-05-22 15:06:03,position,api_position_matched,Matched,196.0,5.22
78,2026-05-22 15:06:03,position,api_position_matched,Matched,201.0,4.93
79,2026-05-22 15:06:05,trade,exact,Matched,212.0,5.26
79,2026-05-22 15:06:05,trade,exact,Matched,211.0,5.11
79,2026-05-22 15:06:05,trade,exact,Matched,210.0,5.07
79,2026-05-22 15:06:05,trade,exact,Matched,209.0,2.5
79,2026-05-22 15:06:05,trade,exact,Matched,208.0,2.57
79,2026-05-22 15:06:05,trade,exact,Matched,207.0,5.25
79,2026-05-22 15:06:05,trade,exact,Matched,206.0,5.26
79,2026-05-22 15:06:05,trade,exact,Matched,205.0,1.96
79,2026-05-22 15:06:05,trade,exact,Matched,204.0,4.41
79,2026-05-22 15:06:05,trade,exact,Matched,203.0,1.73
79,2026-05-22 15:06:05,trade,exact,Matched,202.0,1.8
79,2026-05-22 15:06:05,trade,exact,Matched,201.0,4.5
79,2026-05-22 15:06:05,trade,exact,Matched,200.0,4.5
79,2026-05-22 15:06:05,trade,exact,Matched,199.0,4.5
79,2026-05-22 15:06:05,trade,exact,Matched,198.0,4.73
79,2026-05-22 15:06:05,trade,exact,Matched,197.0,4.74
79,2026-05-22 15:06:05,trade,exact,Matched,196.0,4.68
79,2026-05-22 15:06:05,trade,exact,Matched,195.0,4.74
79,2026-05-22 15:06:05,trade,exact,Matched,194.0,1.85
79,2026-05-22 15:06:05,trade,exact,Matched,193.0,2.75
79,2026-05-22 15:06:05,trade,exact,Matched,192.0,5.0
79,2026-05-22 15:06:05,position,api_position_matched,Matched,205.0,9.76
79,2026-05-22 15:06:05,position,api_position_unmatched,Exception,,0.0
79,2026-05-22 15:06:05,position,api_position_matched,Matched,202.0,0.28
79,2026-05-22 15:06:05,position,api_position_matched,Matched,207.0,6.28
79,2026-05-22 15:06:05,position,api_position_matched,Matched,206.0,5.22
79,2026-05-22 15:06:05,position,api_position_matched,Matched,204.0,4.87
79,2026-05-22 15:06:05,position,api_position_matched,Matched,210.0,4.34
79,2026-05-22 15:06:05,position,api_position_matched,Matched,208.0,5.31
79,2026-05-22 15:06:05,position,api_position_matched,Matched,211.0,5.12
79,2026-05-22 15:06:05,position,api_position_matched,Matched,197.0,0.04
79,2026-05-22 15:06:05,position,api_position_matched,Matched,212.0,5.2
79,2026-05-22 15:06:05,position,api_position_matched,Matched,200.0,4.03
79,2026-05-22 15:06:05,position,api_position_matched,Matched,196.0,5.22
79,2026-05-22 15:06:05,position,api_position_matched,Matched,201.0,4.93
80,2026-05-22 15:16:03,trade,exact,Matched,212.0,5.26
80,2026-05-22 15:16:03,trade,exact,Matched,211.0,5.11
80,2026-05-22 15:16:03,trade,exact,Matched,210.0,5.07
80,2026-05-22 15:16:03,trade,exact,Matched,209.0,2.5
80,2026-05-22 15:16:03,trade,exact,Matched,208.0,2.57
80,2026-05-22 15:16:03,trade,exact,Matched,207.0,5.25
80,2026-05-22 15:16:03,trade,exact,Matched,206.0,5.26
80,2026-05-22 15:16:03,trade,exact,Matched,205.0,1.96
80,2026-05-22 15:16:03,trade,exact,Matched,204.0,4.41
80,2026-05-22 15:16:03,trade,exact,Matched,203.0,1.73
80,2026-05-22 15:16:03,trade,exact,Matched,202.0,1.8
80,2026-05-22 15:16:03,trade,exact,Matched,201.0,4.5
80,2026-05-22 15:16:03,trade,exact,Matched,200.0,4.5
80,2026-05-22 15:16:03,trade,exact,Matched,199.0,4.5
80,2026-05-22 15:16:03,trade,exact,Matched,198.0,4.73
80,2026-05-22 15:16:03,trade,exact,Matched,197.0,4.74
80,2026-05-22 15:16:03,trade,exact,Matched,196.0,4.68
80,2026-05-22 15:16:03,trade,exact,Matched,195.0,4.74
80,2026-05-22 15:16:03,trade,exact,Matched,194.0,1.85
80,2026-05-22 15:16:03,trade,exact,Matched,193.0,2.75
80,2026-05-22 15:16:03,trade,exact,Matched,192.0,5.0
80,2026-05-22 15:16:03,position,api_position_matched,Matched,205.0,9.14
80,2026-05-22 15:16:03,position,api_position_matched,Matched,202.0,0.12
80,2026-05-22 15:16:03,position,api_position_matched,Matched,207.0,6.21
80,2026-05-22 15:16:03,position,api_position_matched,Matched,206.0,5.48
80,2026-05-22 15:16:03,position,api_position_matched,Matched,204.0,4.74
80,2026-05-22 15:16:03,position,api_position_matched,Matched,210.0,4.15
80,2026-05-22 15:16:03,position,api_position_matched,Matched,208.0,5.25
80,2026-05-22 15:16:03,position,api_position_matched,Matched,211.0,5.17
80,2026-05-22 15:16:03,position,api_position_matched,Matched,197.0,0.05
80,2026-05-22 15:16:03,position,api_position_matched,Matched,212.0,5.39
80,2026-05-22 15:16:03,position,api_position_matched,Matched,200.0,4.53
80,2026-05-22 15:16:03,position,api_position_matched,Matched,196.0,5.23
80,2026-05-22 15:16:03,position,api_position_matched,Matched,201.0,4.98
81,2026-05-22 15:26:03,trade,exact,Matched,212.0,5.26
81,2026-05-22 15:26:03,trade,exact,Matched,211.0,5.11
81,2026-05-22 15:26:03,trade,exact,Matched,210.0,5.07
81,2026-05-22 15:26:03,trade,exact,Matched,209.0,2.5
81,2026-05-22 15:26:03,trade,exact,Matched,208.0,2.57
81,2026-05-22 15:26:03,trade,exact,Matched,207.0,5.25
81,2026-05-22 15:26:03,trade,exact,Matched,206.0,5.26
81,2026-05-22 15:26:03,trade,exact,Matched,205.0,1.96
81,2026-05-22 15:26:03,trade,exact,Matched,204.0,4.41
81,2026-05-22 15:26:03,trade,exact,Matched,203.0,1.73
81,2026-05-22 15:26:03,trade,exact,Matched,202.0,1.8
81,2026-05-22 15:26:03,trade,exact,Matched,201.0,4.5
81,2026-05-22 15:26:03,trade,exact,Matched,200.0,4.5
81,2026-05-22 15:26:03,trade,exact,Matched,199.0,4.5
81,2026-05-22 15:26:03,trade,exact,Matched,198.0,4.73
81,2026-05-22 15:26:03,trade,exact,Matched,197.0,4.74
81,2026-05-22 15:26:03,trade,exact,Matched,196.0,4.68
81,2026-05-22 15:26:03,trade,exact,Matched,195.0,4.74
81,2026-05-22 15:26:03,trade,exact,Matched,194.0,1.85
81,2026-05-22 15:26:03,trade,exact,Matched,193.0,2.75
81,2026-05-22 15:26:03,trade,exact,Matched,192.0,5.0
81,2026-05-22 15:26:03,position,api_position_matched,Matched,205.0,9.8
81,2026-05-22 15:26:03,position,api_position_matched,Matched,202.0,0.01
81,2026-05-22 15:26:03,position,api_position_matched,Matched,207.0,6.35
81,2026-05-22 15:26:03,position,api_position_matched,Matched,206.0,5.48
81,2026-05-22 15:26:03,position,api_position_matched,Matched,204.0,4.65
81,2026-05-22 15:26:03,position,api_position_matched,Matched,210.0,3.36
81,2026-05-22 15:26:03,position,api_position_matched,Matched,208.0,5.25
81,2026-05-22 15:26:03,position,api_position_matched,Matched,211.0,5.11
81,2026-05-22 15:26:03,position,api_position_matched,Matched,197.0,0.04
81,2026-05-22 15:26:03,position,api_position_matched,Matched,212.0,5.48
81,2026-05-22 15:26:03,position,api_position_matched,Matched,200.0,4.64
81,2026-05-22 15:26:03,position,api_position_matched,Matched,196.0,5.23
81,2026-05-22 15:26:03,position,api_position_matched,Matched,201.0,5.0
82,2026-05-22 15:36:03,trade,exact,Matched,212.0,5.26
82,2026-05-22 15:36:03,trade,exact,Matched,211.0,5.11
82,2026-05-22 15:36:03,trade,exact,Matched,210.0,5.07
82,2026-05-22 15:36:03,trade,exact,Matched,209.0,2.5
82,2026-05-22 15:36:03,trade,exact,Matched,208.0,2.57
82,2026-05-22 15:36:03,trade,exact,Matched,207.0,5.25
82,2026-05-22 15:36:03,trade,exact,Matched,206.0,5.26
82,2026-05-22 15:36:03,trade,exact,Matched,205.0,1.96
82,2026-05-22 15:36:03,trade,exact,Matched,204.0,4.41
82,2026-05-22 15:36:03,trade,exact,Matched,203.0,1.73
82,2026-05-22 15:36:03,trade,exact,Matched,202.0,1.8
82,2026-05-22 15:36:03,trade,exact,Matched,201.0,4.5
82,2026-05-22 15:36:03,trade,exact,Matched,200.0,4.5
82,2026-05-22 15:36:03,trade,exact,Matched,199.0,4.5
82,2026-05-22 15:36:03,trade,exact,Matched,198.0,4.73
82,2026-05-22 15:36:03,trade,exact,Matched,197.0,4.74
82,2026-05-22 15:36:03,trade,exact,Matched,196.0,4.68
82,2026-05-22 15:36:03,trade,exact,Matched,195.0,4.74
82,2026-05-22 15:36:03,trade,exact,Matched,194.0,1.85
82,2026-05-22 15:36:03,trade,exact,Matched,193.0,2.75
82,2026-05-22 15:36:03,trade,exact,Matched,192.0,5.0
82,2026-05-22 15:36:03,position,api_position_matched,Matched,205.0,9.8
82,2026-05-22 15:36:03,position,api_position_matched,Matched,202.0,0.01
82,2026-05-22 15:36:03,position,api_position_matched,Matched,207.0,6.35
82,2026-05-22 15:36:03,position,api_position_matched,Matched,206.0,5.55
82,2026-05-22 15:36:03,position,api_position_matched,Matched,204.0,4.77
82,2026-05-22 15:36:03,position,api_position_matched,Matched,210.0,3.42
82,2026-05-22 15:36:03,position,api_position_matched,Matched,208.0,5.22
82,2026-05-22 15:36:03,position,api_position_matched,Matched,211.0,5.11
82,2026-05-22 15:36:03,position,api_position_matched,Matched,197.0,0.04
82,2026-05-22 15:36:03,position,api_position_matched,Matched,212.0,5.49
82,2026-05-22 15:36:03,position,api_position_matched,Matched,200.0,4.64
82,2026-05-22 15:36:03,position,api_position_matched,Matched,196.0,5.23
82,2026-05-22 15:36:03,position,api_position_matched,Matched,201.0,4.98
83,2026-05-22 15:46:03,trade,exact,Matched,212.0,5.26
83,2026-05-22 15:46:03,trade,exact,Matched,211.0,5.11
83,2026-05-22 15:46:03,trade,exact,Matched,210.0,5.07
83,2026-05-22 15:46:03,trade,exact,Matched,209.0,2.5
83,2026-05-22 15:46:03,trade,exact,Matched,208.0,2.57
83,2026-05-22 15:46:03,trade,exact,Matched,207.0,5.25
83,2026-05-22 15:46:03,trade,exact,Matched,206.0,5.26
83,2026-05-22 15:46:03,trade,exact,Matched,205.0,1.96
83,2026-05-22 15:46:03,trade,exact,Matched,204.0,4.41
83,2026-05-22 15:46:03,trade,exact,Matched,203.0,1.73
83,2026-05-22 15:46:03,trade,exact,Matched,202.0,1.8
83,2026-05-22 15:46:03,trade,exact,Matched,201.0,4.5
83,2026-05-22 15:46:03,trade,exact,Matched,200.0,4.5
83,2026-05-22 15:46:03,trade,exact,Matched,199.0,4.5
83,2026-05-22 15:46:03,trade,exact,Matched,198.0,4.73
83,2026-05-22 15:46:03,trade,exact,Matched,197.0,4.74
83,2026-05-22 15:46:03,trade,exact,Matched,196.0,4.68
83,2026-05-22 15:46:03,trade,exact,Matched,195.0,4.74
83,2026-05-22 15:46:03,trade,exact,Matched,194.0,1.85
83,2026-05-22 15:46:03,trade,exact,Matched,193.0,2.75
83,2026-05-22 15:46:03,trade,exact,Matched,192.0,5.0
83,2026-05-22 15:46:03,position,api_position_matched,Matched,205.0,11.36
83,2026-05-22 15:46:03,position,api_position_matched,Matched,202.0,0.01
83,2026-05-22 15:46:03,position,api_position_matched,Matched,207.0,6.35
83,2026-05-22 15:46:03,position,api_position_matched,Matched,206.0,5.29
83,2026-05-22 15:46:03,position,api_position_matched,Matched,204.0,4.77
83,2026-05-22 15:46:03,position,api_position_matched,Matched,210.0,2.87
83,2026-05-22 15:46:03,position,api_position_matched,Matched,208.0,5.34
83,2026-05-22 15:46:03,position,api_position_matched,Matched,211.0,4.99
83,2026-05-22 15:46:03,position,api_position_matched,Matched,197.0,0.03
83,2026-05-22 15:46:03,position,api_position_matched,Matched,212.0,5.49
83,2026-05-22 15:46:03,position,api_position_matched,Matched,200.0,4.7
83,2026-05-22 15:46:03,position,api_position_matched,Matched,196.0,5.23
83,2026-05-22 15:46:03,position,api_position_matched,Matched,201.0,4.98
84,2026-05-22 15:56:03,trade,exact,Matched,212.0,5.26
84,2026-05-22 15:56:03,trade,exact,Matched,211.0,5.11
84,2026-05-22 15:56:03,trade,exact,Matched,210.0,5.07
84,2026-05-22 15:56:03,trade,exact,Matched,209.0,2.5
84,2026-05-22 15:56:03,trade,exact,Matched,208.0,2.57
84,2026-05-22 15:56:03,trade,exact,Matched,207.0,5.25
84,2026-05-22 15:56:03,trade,exact,Matched,206.0,5.26
84,2026-05-22 15:56:03,trade,exact,Matched,205.0,1.96
84,2026-05-22 15:56:03,trade,exact,Matched,204.0,4.41
84,2026-05-22 15:56:03,trade,exact,Matched,203.0,1.73
84,2026-05-22 15:56:03,trade,exact,Matched,202.0,1.8
84,2026-05-22 15:56:03,trade,exact,Matched,201.0,4.5
84,2026-05-22 15:56:03,trade,exact,Matched,200.0,4.5
84,2026-05-22 15:56:03,trade,exact,Matched,199.0,4.5
84,2026-05-22 15:56:03,trade,exact,Matched,198.0,4.73
84,2026-05-22 15:56:03,trade,exact,Matched,197.0,4.74
84,2026-05-22 15:56:03,trade,exact,Matched,196.0,4.68
84,2026-05-22 15:56:03,trade,exact,Matched,195.0,4.74
84,2026-05-22 15:56:03,trade,exact,Matched,194.0,1.85
84,2026-05-22 15:56:03,trade,exact,Matched,193.0,2.75
84,2026-05-22 15:56:03,trade,exact,Matched,192.0,5.0
84,2026-05-22 15:56:03,position,api_position_matched,Matched,205.0,10.56
84,2026-05-22 15:56:03,position,api_position_matched,Matched,202.0,0.01
84,2026-05-22 15:56:03,position,api_position_matched,Matched,207.0,6.35
84,2026-05-22 15:56:03,position,api_position_matched,Matched,206.0,4.96
84,2026-05-22 15:56:03,position,api_position_matched,Matched,204.0,4.8
84,2026-05-22 15:56:03,position,api_position_matched,Matched,210.0,2.75
84,2026-05-22 15:56:03,position,api_position_matched,Matched,208.0,5.34
84,2026-05-22 15:56:03,position,api_position_matched,Matched,211.0,5.05
84,2026-05-22 15:56:03,position,api_position_matched,Matched,197.0,0.03
84,2026-05-22 15:56:03,position,api_position_matched,Matched,212.0,5.56
84,2026-05-22 15:56:03,position,api_position_matched,Matched,200.0,4.7
84,2026-05-22 15:56:03,position,api_position_matched,Matched,196.0,5.25
84,2026-05-22 15:56:03,position,api_position_matched,Matched,201.0,4.98
85,2026-05-22 16:06:03,trade,exact,Matched,212.0,5.26
85,2026-05-22 16:06:03,trade,exact,Matched,211.0,5.11
85,2026-05-22 16:06:03,trade,exact,Matched,210.0,5.07
85,2026-05-22 16:06:03,trade,exact,Matched,209.0,2.5
85,2026-05-22 16:06:03,trade,exact,Matched,208.0,2.57
85,2026-05-22 16:06:03,trade,exact,Matched,207.0,5.25
85,2026-05-22 16:06:03,trade,exact,Matched,206.0,5.26
85,2026-05-22 16:06:03,trade,exact,Matched,205.0,1.96
85,2026-05-22 16:06:03,trade,exact,Matched,204.0,4.41
85,2026-05-22 16:06:03,trade,exact,Matched,203.0,1.73
85,2026-05-22 16:06:03,trade,exact,Matched,202.0,1.8
85,2026-05-22 16:06:03,trade,exact,Matched,201.0,4.5
85,2026-05-22 16:06:03,trade,exact,Matched,200.0,4.5
85,2026-05-22 16:06:03,trade,exact,Matched,199.0,4.5
85,2026-05-22 16:06:03,trade,exact,Matched,198.0,4.73
85,2026-05-22 16:06:03,trade,exact,Matched,197.0,4.74
85,2026-05-22 16:06:03,trade,exact,Matched,196.0,4.68
85,2026-05-22 16:06:03,trade,exact,Matched,195.0,4.74
85,2026-05-22 16:06:03,trade,exact,Matched,194.0,1.85
85,2026-05-22 16:06:03,trade,exact,Matched,193.0,2.75
85,2026-05-22 16:06:03,trade,exact,Matched,192.0,5.0
85,2026-05-22 16:06:03,position,api_position_matched,Matched,205.0,14.51
85,2026-05-22 16:06:03,position,api_position_matched,Matched,202.0,0.01
85,2026-05-22 16:06:03,position,api_position_matched,Matched,207.0,6.21
85,2026-05-22 16:06:03,position,api_position_matched,Matched,206.0,5.13
85,2026-05-22 16:06:03,position,api_position_matched,Matched,204.0,4.8
85,2026-05-22 16:06:03,position,api_position_matched,Matched,210.0,3.27
85,2026-05-22 16:06:03,position,api_position_matched,Matched,208.0,5.34
85,2026-05-22 16:06:03,position,api_position_matched,Matched,211.0,4.73
85,2026-05-22 16:06:03,position,api_position_matched,Matched,197.0,0.06
85,2026-05-22 16:06:03,position,api_position_matched,Matched,212.0,5.56
85,2026-05-22 16:06:03,position,api_position_matched,Matched,200.0,5.1
85,2026-05-22 16:06:03,position,api_position_matched,Matched,196.0,5.25
85,2026-05-22 16:06:03,position,api_position_matched,Matched,201.0,5.0
86,2026-05-22 16:16:03,trade,exact,Matched,212.0,5.26
86,2026-05-22 16:16:03,trade,exact,Matched,211.0,5.11
86,2026-05-22 16:16:03,trade,exact,Matched,210.0,5.07
86,2026-05-22 16:16:03,trade,exact,Matched,209.0,2.5
86,2026-05-22 16:16:03,trade,exact,Matched,208.0,2.57
86,2026-05-22 16:16:03,trade,exact,Matched,207.0,5.25
86,2026-05-22 16:16:03,trade,exact,Matched,206.0,5.26
86,2026-05-22 16:16:03,trade,exact,Matched,205.0,1.96
86,2026-05-22 16:16:03,trade,exact,Matched,204.0,4.41
86,2026-05-22 16:16:03,trade,exact,Matched,203.0,1.73
86,2026-05-22 16:16:03,trade,exact,Matched,202.0,1.8
86,2026-05-22 16:16:03,trade,exact,Matched,201.0,4.5
86,2026-05-22 16:16:03,trade,exact,Matched,200.0,4.5
86,2026-05-22 16:16:03,trade,exact,Matched,199.0,4.5
86,2026-05-22 16:16:03,trade,exact,Matched,198.0,4.73
86,2026-05-22 16:16:03,trade,exact,Matched,197.0,4.74
86,2026-05-22 16:16:03,trade,exact,Matched,196.0,4.68
86,2026-05-22 16:16:03,trade,exact,Matched,195.0,4.74
86,2026-05-22 16:16:03,trade,exact,Matched,194.0,1.85
86,2026-05-22 16:16:03,trade,exact,Matched,193.0,2.75
86,2026-05-22 16:16:03,trade,exact,Matched,192.0,5.0
86,2026-05-22 16:16:03,position,api_position_matched,Matched,205.0,10.92
86,2026-05-22 16:16:03,position,api_position_unmatched,Exception,,0.0
86,2026-05-22 16:16:03,position,api_position_matched,Matched,207.0,6.39
86,2026-05-22 16:16:03,position,api_position_matched,Matched,206.0,5.06
86,2026-05-22 16:16:03,position,api_position_matched,Matched,204.0,4.8
86,2026-05-22 16:16:03,position,api_position_matched,Matched,210.0,2.14
86,2026-05-22 16:16:03,position,api_position_matched,Matched,208.0,5.22
86,2026-05-22 16:16:03,position,api_position_matched,Matched,211.0,5.02
86,2026-05-22 16:16:03,position,api_position_matched,Matched,197.0,0.07
86,2026-05-22 16:16:03,position,api_position_matched,Matched,212.0,5.56
86,2026-05-22 16:16:03,position,api_position_matched,Matched,200.0,5.1
86,2026-05-22 16:16:03,position,api_position_matched,Matched,196.0,5.25
86,2026-05-22 16:16:03,position,api_position_matched,Matched,201.0,5.01
87,2026-05-22 16:16:05,trade,exact,Matched,212.0,5.26
87,2026-05-22 16:16:05,trade,exact,Matched,211.0,5.11
87,2026-05-22 16:16:05,trade,exact,Matched,210.0,5.07
87,2026-05-22 16:16:05,trade,exact,Matched,209.0,2.5
87,2026-05-22 16:16:05,trade,exact,Matched,208.0,2.57
87,2026-05-22 16:16:05,trade,exact,Matched,207.0,5.25
87,2026-05-22 16:16:05,trade,exact,Matched,206.0,5.26
87,2026-05-22 16:16:05,trade,exact,Matched,205.0,1.96
87,2026-05-22 16:16:05,trade,exact,Matched,204.0,4.41
87,2026-05-22 16:16:05,trade,exact,Matched,203.0,1.73
87,2026-05-22 16:16:05,trade,exact,Matched,202.0,1.8
87,2026-05-22 16:16:05,trade,exact,Matched,201.0,4.5
87,2026-05-22 16:16:05,trade,exact,Matched,200.0,4.5
87,2026-05-22 16:16:05,trade,exact,Matched,199.0,4.5
87,2026-05-22 16:16:05,trade,exact,Matched,198.0,4.73
87,2026-05-22 16:16:05,trade,exact,Matched,197.0,4.74
87,2026-05-22 16:16:05,trade,exact,Matched,196.0,4.68
87,2026-05-22 16:16:05,trade,exact,Matched,195.0,4.74
87,2026-05-22 16:16:05,trade,exact,Matched,194.0,1.85
87,2026-05-22 16:16:05,trade,exact,Matched,193.0,2.75
87,2026-05-22 16:16:05,trade,exact,Matched,192.0,5.0
87,2026-05-22 16:16:05,position,api_position_matched,Matched,205.0,10.92
87,2026-05-22 16:16:05,position,api_position_unmatched,Exception,,0.0
87,2026-05-22 16:16:05,position,api_position_matched,Matched,207.0,6.39
87,2026-05-22 16:16:05,position,api_position_matched,Matched,206.0,5.06
87,2026-05-22 16:16:05,position,api_position_matched,Matched,204.0,4.8
87,2026-05-22 16:16:05,position,api_position_matched,Matched,210.0,2.14
87,2026-05-22 16:16:05,position,api_position_matched,Matched,208.0,5.22
87,2026-05-22 16:16:05,position,api_position_matched,Matched,211.0,5.02
87,2026-05-22 16:16:05,position,api_position_matched,Matched,197.0,0.07
87,2026-05-22 16:16:05,position,api_position_matched,Matched,212.0,5.56
87,2026-05-22 16:16:05,position,api_position_matched,Matched,200.0,5.1
87,2026-05-22 16:16:05,position,api_position_matched,Matched,196.0,5.25
87,2026-05-22 16:16:05,position,api_position_matched,Matched,201.0,5.01
88,2026-05-22 16:26:03,trade,exact,Matched,212.0,5.26
88,2026-05-22 16:26:03,trade,exact,Matched,211.0,5.11
88,2026-05-22 16:26:03,trade,exact,Matched,210.0,5.07
88,2026-05-22 16:26:03,trade,exact,Matched,209.0,2.5
88,2026-05-22 16:26:03,trade,exact,Matched,208.0,2.57
88,2026-05-22 16:26:03,trade,exact,Matched,207.0,5.25
88,2026-05-22 16:26:03,trade,exact,Matched,206.0,5.26
88,2026-05-22 16:26:03,trade,exact,Matched,205.0,1.96
88,2026-05-22 16:26:03,trade,exact,Matched,204.0,4.41
88,2026-05-22 16:26:03,trade,exact,Matched,203.0,1.73
88,2026-05-22 16:26:03,trade,exact,Matched,202.0,1.8
88,2026-05-22 16:26:03,trade,exact,Matched,201.0,4.5
88,2026-05-22 16:26:03,trade,exact,Matched,200.0,4.5
88,2026-05-22 16:26:03,trade,exact,Matched,199.0,4.5
88,2026-05-22 16:26:03,trade,exact,Matched,198.0,4.73
88,2026-05-22 16:26:03,trade,exact,Matched,197.0,4.74
88,2026-05-22 16:26:03,trade,exact,Matched,196.0,4.68
88,2026-05-22 16:26:03,trade,exact,Matched,195.0,4.74
88,2026-05-22 16:26:03,trade,exact,Matched,194.0,1.85
88,2026-05-22 16:26:03,trade,exact,Matched,193.0,2.75
88,2026-05-22 16:26:03,trade,exact,Matched,192.0,5.0
88,2026-05-22 16:26:03,position,api_position_matched,Matched,205.0,10.92
88,2026-05-22 16:26:03,position,api_position_matched,Matched,207.0,6.43
88,2026-05-22 16:26:03,position,api_position_matched,Matched,206.0,4.87
88,2026-05-22 16:26:03,position,api_position_matched,Matched,204.0,4.83
88,2026-05-22 16:26:03,position,api_position_matched,Matched,210.0,2.14
88,2026-05-22 16:26:03,position,api_position_matched,Matched,208.0,5.22
88,2026-05-22 16:26:03,position,api_position_matched,Matched,211.0,5.02
88,2026-05-22 16:26:03,position,api_position_matched,Matched,197.0,0.02
88,2026-05-22 16:26:03,position,api_position_matched,Matched,212.0,5.56
88,2026-05-22 16:26:03,position,api_position_matched,Matched,200.0,5.1
88,2026-05-22 16:26:03,position,api_position_matched,Matched,196.0,5.25
88,2026-05-22 16:26:03,position,api_position_matched,Matched,201.0,5.01
89,2026-05-22 16:36:03,trade,exact,Matched,212.0,5.26
89,2026-05-22 16:36:03,trade,exact,Matched,211.0,5.11
89,2026-05-22 16:36:03,trade,exact,Matched,210.0,5.07
89,2026-05-22 16:36:03,trade,exact,Matched,209.0,2.5
89,2026-05-22 16:36:03,trade,exact,Matched,208.0,2.57
89,2026-05-22 16:36:03,trade,exact,Matched,207.0,5.25
89,2026-05-22 16:36:03,trade,exact,Matched,206.0,5.26
89,2026-05-22 16:36:03,trade,exact,Matched,205.0,1.96
89,2026-05-22 16:36:03,trade,exact,Matched,204.0,4.41
89,2026-05-22 16:36:03,trade,exact,Matched,203.0,1.73
89,2026-05-22 16:36:03,trade,exact,Matched,202.0,1.8
89,2026-05-22 16:36:03,trade,exact,Matched,201.0,4.5
89,2026-05-22 16:36:03,trade,exact,Matched,200.0,4.5
89,2026-05-22 16:36:03,trade,exact,Matched,199.0,4.5
89,2026-05-22 16:36:03,trade,exact,Matched,198.0,4.73
89,2026-05-22 16:36:03,trade,exact,Matched,197.0,4.74
89,2026-05-22 16:36:03,trade,exact,Matched,196.0,4.68
89,2026-05-22 16:36:03,trade,exact,Matched,195.0,4.74
89,2026-05-22 16:36:03,trade,exact,Matched,194.0,1.85
89,2026-05-22 16:36:03,trade,exact,Matched,193.0,2.75
89,2026-05-22 16:36:03,trade,exact,Matched,192.0,5.0
89,2026-05-22 16:36:03,position,api_position_matched,Matched,205.0,11.97
89,2026-05-22 16:36:03,position,api_position_matched,Matched,207.0,6.39
89,2026-05-22 16:36:03,position,api_position_matched,Matched,206.0,4.87
89,2026-05-22 16:36:03,position,api_position_matched,Matched,204.0,4.99
89,2026-05-22 16:36:03,position,api_position_matched,Matched,210.0,1.8
89,2026-05-22 16:36:03,position,api_position_matched,Matched,208.0,5.22
89,2026-05-22 16:36:03,position,api_position_matched,Matched,211.0,4.93
89,2026-05-22 16:36:03,position,api_position_matched,Matched,197.0,0.04
89,2026-05-22 16:36:03,position,api_position_matched,Matched,212.0,5.53
89,2026-05-22 16:36:03,position,api_position_matched,Matched,200.0,5.12
89,2026-05-22 16:36:03,position,api_position_matched,Matched,196.0,5.25
89,2026-05-22 16:36:03,position,api_position_matched,Matched,201.0,4.99
90,2026-05-22 16:46:03,trade,exact,Matched,212.0,5.26
90,2026-05-22 16:46:03,trade,exact,Matched,211.0,5.11
90,2026-05-22 16:46:03,trade,exact,Matched,210.0,5.07
90,2026-05-22 16:46:03,trade,exact,Matched,209.0,2.5
90,2026-05-22 16:46:03,trade,exact,Matched,208.0,2.57
90,2026-05-22 16:46:03,trade,exact,Matched,207.0,5.25
90,2026-05-22 16:46:03,trade,exact,Matched,206.0,5.26
90,2026-05-22 16:46:03,trade,exact,Matched,205.0,1.96
90,2026-05-22 16:46:03,trade,exact,Matched,204.0,4.41
90,2026-05-22 16:46:03,trade,exact,Matched,203.0,1.73
90,2026-05-22 16:46:03,trade,exact,Matched,202.0,1.8
90,2026-05-22 16:46:03,trade,exact,Matched,201.0,4.5
90,2026-05-22 16:46:03,trade,exact,Matched,200.0,4.5
90,2026-05-22 16:46:03,trade,exact,Matched,199.0,4.5
90,2026-05-22 16:46:03,trade,exact,Matched,198.0,4.73
90,2026-05-22 16:46:03,trade,exact,Matched,197.0,4.74
90,2026-05-22 16:46:03,trade,exact,Matched,196.0,4.68
90,2026-05-22 16:46:03,trade,exact,Matched,195.0,4.74
90,2026-05-22 16:46:03,trade,exact,Matched,194.0,1.85
90,2026-05-22 16:46:03,trade,exact,Matched,193.0,2.75
90,2026-05-22 16:46:03,trade,exact,Matched,192.0,5.0
90,2026-05-22 16:46:03,position,api_position_matched,Matched,205.0,11.25
90,2026-05-22 16:46:03,position,api_position_matched,Matched,207.0,6.11
90,2026-05-22 16:46:03,position,api_position_matched,Matched,206.0,4.77
90,2026-05-22 16:46:03,position,api_position_matched,Matched,204.0,4.96
90,2026-05-22 16:46:03,position,api_position_matched,Matched,210.0,2.05
90,2026-05-22 16:46:03,position,api_position_matched,Matched,208.0,5.13
90,2026-05-22 16:46:03,position,api_position_matched,Matched,211.0,4.99
90,2026-05-22 16:46:03,position,api_position_matched,Matched,197.0,0.03
90,2026-05-22 16:46:03,position,api_position_matched,Matched,212.0,5.55
90,2026-05-22 16:46:03,position,api_position_matched,Matched,200.0,5.21
90,2026-05-22 16:46:03,position,api_position_matched,Matched,196.0,5.25
90,2026-05-22 16:46:03,position,api_position_matched,Matched,201.0,5.01
91,2026-05-22 16:56:03,trade,exact,Matched,212.0,5.26
91,2026-05-22 16:56:03,trade,exact,Matched,211.0,5.11
91,2026-05-22 16:56:03,trade,exact,Matched,210.0,5.07
91,2026-05-22 16:56:03,trade,exact,Matched,209.0,2.5
91,2026-05-22 16:56:03,trade,exact,Matched,208.0,2.57
91,2026-05-22 16:56:03,trade,exact,Matched,207.0,5.25
91,2026-05-22 16:56:03,trade,exact,Matched,206.0,5.26
91,2026-05-22 16:56:03,trade,exact,Matched,205.0,1.96
91,2026-05-22 16:56:03,trade,exact,Matched,204.0,4.41
91,2026-05-22 16:56:03,trade,exact,Matched,203.0,1.73
91,2026-05-22 16:56:03,trade,exact,Matched,202.0,1.8
91,2026-05-22 16:56:03,trade,exact,Matched,201.0,4.5
91,2026-05-22 16:56:03,trade,exact,Matched,200.0,4.5
91,2026-05-22 16:56:03,trade,exact,Matched,199.0,4.5
91,2026-05-22 16:56:03,trade,exact,Matched,198.0,4.73
91,2026-05-22 16:56:03,trade,exact,Matched,197.0,4.74
91,2026-05-22 16:56:03,trade,exact,Matched,196.0,4.68
91,2026-05-22 16:56:03,trade,exact,Matched,195.0,4.74
91,2026-05-22 16:56:03,trade,exact,Matched,194.0,1.85
91,2026-05-22 16:56:03,trade,exact,Matched,193.0,2.75
91,2026-05-22 16:56:03,trade,exact,Matched,192.0,5.0
91,2026-05-22 16:56:03,position,api_position_matched,Matched,205.0,8.71
91,2026-05-22 16:56:03,position,api_position_matched,Matched,207.0,5.79
91,2026-05-22 16:56:03,position,api_position_matched,Matched,206.0,4.74
91,2026-05-22 16:56:03,position,api_position_matched,Matched,204.0,5.17
91,2026-05-22 16:56:03,position,api_position_matched,Matched,210.0,2.05
91,2026-05-22 16:56:03,position,api_position_matched,Matched,208.0,5.13
91,2026-05-22 16:56:03,position,api_position_matched,Matched,211.0,5.2
91,2026-05-22 16:56:03,position,api_position_matched,Matched,197.0,0.03
91,2026-05-22 16:56:03,position,api_position_matched,Matched,212.0,5.62
91,2026-05-22 16:56:03,position,api_position_matched,Matched,200.0,5.12
91,2026-05-22 16:56:03,position,api_position_matched,Matched,196.0,5.25
91,2026-05-22 16:56:03,position,api_position_matched,Matched,201.0,5.01
92,2026-05-22 17:06:02,trade,exact,Matched,212.0,5.26
92,2026-05-22 17:06:02,trade,exact,Matched,211.0,5.11
92,2026-05-22 17:06:02,trade,exact,Matched,210.0,5.07
92,2026-05-22 17:06:02,trade,exact,Matched,209.0,2.5
92,2026-05-22 17:06:02,trade,exact,Matched,208.0,2.57
92,2026-05-22 17:06:02,trade,exact,Matched,207.0,5.25
92,2026-05-22 17:06:02,trade,exact,Matched,206.0,5.26
92,2026-05-22 17:06:02,trade,exact,Matched,205.0,1.96
92,2026-05-22 17:06:02,trade,exact,Matched,204.0,4.41
92,2026-05-22 17:06:02,trade,exact,Matched,203.0,1.73
92,2026-05-22 17:06:02,trade,exact,Matched,202.0,1.8
92,2026-05-22 17:06:02,trade,exact,Matched,201.0,4.5
92,2026-05-22 17:06:02,trade,exact,Matched,200.0,4.5
92,2026-05-22 17:06:02,trade,exact,Matched,199.0,4.5
92,2026-05-22 17:06:02,trade,exact,Matched,198.0,4.73
92,2026-05-22 17:06:02,trade,exact,Matched,197.0,4.74
92,2026-05-22 17:06:02,trade,exact,Matched,196.0,4.68
92,2026-05-22 17:06:02,trade,exact,Matched,195.0,4.74
92,2026-05-22 17:06:02,trade,exact,Matched,194.0,1.85
92,2026-05-22 17:06:02,trade,exact,Matched,193.0,2.75
92,2026-05-22 17:06:02,trade,exact,Matched,192.0,5.0
92,2026-05-22 17:06:02,position,api_position_matched,Matched,205.0,9.36
92,2026-05-22 17:06:02,position,api_position_matched,Matched,207.0,6.11
92,2026-05-22 17:06:02,position,api_position_matched,Matched,206.0,4.83
92,2026-05-22 17:06:02,position,api_position_matched,Matched,204.0,5.29
92,2026-05-22 17:06:02,position,api_position_matched,Matched,210.0,1.86
92,2026-05-22 17:06:02,position,api_position_matched,Matched,208.0,5.13
92,2026-05-22 17:06:02,position,api_position_matched,Matched,211.0,5.15
92,2026-05-22 17:06:02,position,api_position_matched,Matched,197.0,0.03
92,2026-05-22 17:06:02,position,api_position_matched,Matched,212.0,5.57
92,2026-05-22 17:06:02,position,api_position_matched,Matched,200.0,5.15
92,2026-05-22 17:06:02,position,api_position_matched,Matched,196.0,5.25
92,2026-05-22 17:06:02,position,api_position_matched,Matched,201.0,5.02
93,2026-05-22 17:16:02,trade,exact,Matched,212.0,5.26
93,2026-05-22 17:16:02,trade,exact,Matched,211.0,5.11
93,2026-05-22 17:16:02,trade,exact,Matched,210.0,5.07
93,2026-05-22 17:16:02,trade,exact,Matched,209.0,2.5
93,2026-05-22 17:16:02,trade,exact,Matched,208.0,2.57
93,2026-05-22 17:16:02,trade,exact,Matched,207.0,5.25
93,2026-05-22 17:16:02,trade,exact,Matched,206.0,5.26
93,2026-05-22 17:16:02,trade,exact,Matched,205.0,1.96
93,2026-05-22 17:16:02,trade,exact,Matched,204.0,4.41
93,2026-05-22 17:16:02,trade,exact,Matched,203.0,1.73
93,2026-05-22 17:16:02,trade,exact,Matched,202.0,1.8
93,2026-05-22 17:16:02,trade,exact,Matched,201.0,4.5
93,2026-05-22 17:16:02,trade,exact,Matched,200.0,4.5
93,2026-05-22 17:16:02,trade,exact,Matched,199.0,4.5
93,2026-05-22 17:16:02,trade,exact,Matched,198.0,4.73
93,2026-05-22 17:16:02,trade,exact,Matched,197.0,4.74
93,2026-05-22 17:16:02,trade,exact,Matched,196.0,4.68
93,2026-05-22 17:16:02,trade,exact,Matched,195.0,4.74
93,2026-05-22 17:16:02,trade,exact,Matched,194.0,1.85
93,2026-05-22 17:16:02,trade,exact,Matched,193.0,2.75
93,2026-05-22 17:16:02,trade,exact,Matched,192.0,5.0
93,2026-05-22 17:16:02,position,api_position_matched,Matched,205.0,9.47
93,2026-05-22 17:16:02,position,api_position_matched,Matched,207.0,6.46
93,2026-05-22 17:16:02,position,api_position_matched,Matched,206.0,5.0
93,2026-05-22 17:16:02,position,api_position_matched,Matched,204.0,5.23
93,2026-05-22 17:16:02,position,api_position_matched,Matched,210.0,0.34
93,2026-05-22 17:16:02,position,api_position_matched,Matched,208.0,5.1
93,2026-05-22 17:16:02,position,api_position_matched,Matched,211.0,5.14
93,2026-05-22 17:16:02,position,api_position_matched,Matched,197.0,0.02
93,2026-05-22 17:16:02,position,api_position_matched,Matched,212.0,5.14
93,2026-05-22 17:16:02,position,api_position_matched,Matched,200.0,5.38
93,2026-05-22 17:16:02,position,api_position_matched,Matched,196.0,5.25
93,2026-05-22 17:16:02,position,api_position_matched,Matched,201.0,5.02
94,2026-05-22 17:26:02,trade,exact,Matched,212.0,5.26
94,2026-05-22 17:26:02,trade,exact,Matched,211.0,5.11
94,2026-05-22 17:26:02,trade,exact,Matched,210.0,5.07
94,2026-05-22 17:26:02,trade,exact,Matched,209.0,2.5
94,2026-05-22 17:26:02,trade,exact,Matched,208.0,2.57
94,2026-05-22 17:26:02,trade,exact,Matched,207.0,5.25
94,2026-05-22 17:26:02,trade,exact,Matched,206.0,5.26
94,2026-05-22 17:26:02,trade,exact,Matched,205.0,1.96
94,2026-05-22 17:26:02,trade,exact,Matched,204.0,4.41
94,2026-05-22 17:26:02,trade,exact,Matched,203.0,1.73
94,2026-05-22 17:26:02,trade,exact,Matched,202.0,1.8
94,2026-05-22 17:26:02,trade,exact,Matched,201.0,4.5
94,2026-05-22 17:26:02,trade,exact,Matched,200.0,4.5
94,2026-05-22 17:26:02,trade,exact,Matched,199.0,4.5
94,2026-05-22 17:26:02,trade,exact,Matched,198.0,4.73
94,2026-05-22 17:26:02,trade,exact,Matched,197.0,4.74
94,2026-05-22 17:26:02,trade,exact,Matched,196.0,4.68
94,2026-05-22 17:26:02,trade,exact,Matched,195.0,4.74
94,2026-05-22 17:26:02,trade,exact,Matched,194.0,1.85
94,2026-05-22 17:26:02,trade,exact,Matched,193.0,2.75
94,2026-05-22 17:26:02,trade,exact,Matched,192.0,5.0
94,2026-05-22 17:26:02,position,api_position_matched,Matched,205.0,9.11
94,2026-05-22 17:26:02,position,api_position_matched,Matched,207.0,6.64
94,2026-05-22 17:26:02,position,api_position_matched,Matched,206.0,5.03
94,2026-05-22 17:26:02,position,api_position_matched,Matched,204.0,5.39
94,2026-05-22 17:26:02,position,api_position_matched,Matched,210.0,0.34
94,2026-05-22 17:26:02,position,api_position_matched,Matched,208.0,5.25
94,2026-05-22 17:26:02,position,api_position_matched,Matched,211.0,5.17
94,2026-05-22 17:26:02,position,api_position_matched,Matched,197.0,0.02
94,2026-05-22 17:26:02,position,api_position_matched,Matched,212.0,5.11
94,2026-05-22 17:26:02,position,api_position_matched,Matched,200.0,5.43
94,2026-05-22 17:26:02,position,api_position_matched,Matched,196.0,5.25
94,2026-05-22 17:26:02,position,api_position_matched,Matched,201.0,5.04
95,2026-05-22 17:36:02,trade,exact,Matched,212.0,5.26
95,2026-05-22 17:36:02,trade,exact,Matched,211.0,5.11
95,2026-05-22 17:36:02,trade,exact,Matched,210.0,5.07
95,2026-05-22 17:36:02,trade,exact,Matched,209.0,2.5
95,2026-05-22 17:36:02,trade,exact,Matched,208.0,2.57
95,2026-05-22 17:36:02,trade,exact,Matched,207.0,5.25
95,2026-05-22 17:36:02,trade,exact,Matched,206.0,5.26
95,2026-05-22 17:36:02,trade,exact,Matched,205.0,1.96
95,2026-05-22 17:36:02,trade,exact,Matched,204.0,4.41
95,2026-05-22 17:36:02,trade,exact,Matched,203.0,1.73
95,2026-05-22 17:36:02,trade,exact,Matched,202.0,1.8
95,2026-05-22 17:36:02,trade,exact,Matched,201.0,4.5
95,2026-05-22 17:36:02,trade,exact,Matched,200.0,4.5
95,2026-05-22 17:36:02,trade,exact,Matched,199.0,4.5
95,2026-05-22 17:36:02,trade,exact,Matched,198.0,4.73
95,2026-05-22 17:36:02,trade,exact,Matched,197.0,4.74
95,2026-05-22 17:36:02,trade,exact,Matched,196.0,4.68
95,2026-05-22 17:36:02,trade,exact,Matched,195.0,4.74
95,2026-05-22 17:36:02,trade,exact,Matched,194.0,1.85
95,2026-05-22 17:36:02,trade,exact,Matched,193.0,2.75
95,2026-05-22 17:36:02,trade,exact,Matched,192.0,5.0
95,2026-05-22 17:36:02,position,api_position_matched,Matched,205.0,5.95
95,2026-05-22 17:36:02,position,api_position_matched,Matched,207.0,6.64
95,2026-05-22 17:36:02,position,api_position_matched,Matched,206.0,5.16
95,2026-05-22 17:36:02,position,api_position_matched,Matched,204.0,5.39
95,2026-05-22 17:36:02,position,api_position_matched,Matched,210.0,0.58
95,2026-05-22 17:36:02,position,api_position_matched,Matched,208.0,5.31
95,2026-05-22 17:36:02,position,api_position_matched,Matched,211.0,5.43
95,2026-05-22 17:36:02,position,api_position_matched,Matched,197.0,0.02
95,2026-05-22 17:36:02,position,api_position_matched,Matched,212.0,5.11
95,2026-05-22 17:36:02,position,api_position_matched,Matched,200.0,5.43
95,2026-05-22 17:36:02,position,api_position_matched,Matched,196.0,5.25
95,2026-05-22 17:36:02,position,api_position_matched,Matched,201.0,5.05
96,2026-05-22 17:46:03,trade,exact,Matched,212.0,5.26
96,2026-05-22 17:46:03,trade,exact,Matched,211.0,5.11
96,2026-05-22 17:46:03,trade,exact,Matched,210.0,5.07
96,2026-05-22 17:46:03,trade,exact,Matched,209.0,2.5
96,2026-05-22 17:46:03,trade,exact,Matched,208.0,2.57
96,2026-05-22 17:46:03,trade,exact,Matched,207.0,5.25
96,2026-05-22 17:46:03,trade,exact,Matched,206.0,5.26
96,2026-05-22 17:46:03,trade,exact,Matched,205.0,1.96
96,2026-05-22 17:46:03,trade,exact,Matched,204.0,4.41
96,2026-05-22 17:46:03,trade,exact,Matched,203.0,1.73
96,2026-05-22 17:46:03,trade,exact,Matched,202.0,1.8
96,2026-05-22 17:46:03,trade,exact,Matched,201.0,4.5
96,2026-05-22 17:46:03,trade,exact,Matched,200.0,4.5
96,2026-05-22 17:46:03,trade,exact,Matched,199.0,4.5
96,2026-05-22 17:46:03,trade,exact,Matched,198.0,4.73
96,2026-05-22 17:46:03,trade,exact,Matched,197.0,4.74
96,2026-05-22 17:46:03,trade,exact,Matched,196.0,4.68
96,2026-05-22 17:46:03,trade,exact,Matched,195.0,4.74
96,2026-05-22 17:46:03,trade,exact,Matched,194.0,1.85
96,2026-05-22 17:46:03,trade,exact,Matched,193.0,2.75
96,2026-05-22 17:46:03,trade,exact,Matched,192.0,5.0
96,2026-05-22 17:46:03,position,api_position_matched,Matched,205.0,5.14
96,2026-05-22 17:46:03,position,api_position_matched,Matched,207.0,6.85
96,2026-05-22 17:46:03,position,api_position_matched,Matched,206.0,5.45
96,2026-05-22 17:46:03,position,api_position_matched,Matched,204.0,5.36
96,2026-05-22 17:46:03,position,api_position_matched,Matched,210.0,0.34
96,2026-05-22 17:46:03,position,api_position_matched,Matched,208.0,5.31
96,2026-05-22 17:46:03,position,api_position_matched,Matched,211.0,5.49
96,2026-05-22 17:46:03,position,api_position_matched,Matched,197.0,0.01
96,2026-05-22 17:46:03,position,api_position_matched,Matched,212.0,5.28
96,2026-05-22 17:46:03,position,api_position_matched,Matched,200.0,5.46
96,2026-05-22 17:46:03,position,api_position_matched,Matched,196.0,5.25
96,2026-05-22 17:46:03,position,api_position_matched,Matched,201.0,5.05
97,2026-05-22 17:56:03,trade,exact,Matched,212.0,5.26
97,2026-05-22 17:56:03,trade,exact,Matched,211.0,5.11
97,2026-05-22 17:56:03,trade,exact,Matched,210.0,5.07
97,2026-05-22 17:56:03,trade,exact,Matched,209.0,2.5
97,2026-05-22 17:56:03,trade,exact,Matched,208.0,2.57
97,2026-05-22 17:56:03,trade,exact,Matched,207.0,5.25
97,2026-05-22 17:56:03,trade,exact,Matched,206.0,5.26
97,2026-05-22 17:56:03,trade,exact,Matched,205.0,1.96
97,2026-05-22 17:56:03,trade,exact,Matched,204.0,4.41
97,2026-05-22 17:56:03,trade,exact,Matched,203.0,1.73
97,2026-05-22 17:56:03,trade,exact,Matched,202.0,1.8
97,2026-05-22 17:56:03,trade,exact,Matched,201.0,4.5
97,2026-05-22 17:56:03,trade,exact,Matched,200.0,4.5
97,2026-05-22 17:56:03,trade,exact,Matched,199.0,4.5
97,2026-05-22 17:56:03,trade,exact,Matched,198.0,4.73
97,2026-05-22 17:56:03,trade,exact,Matched,197.0,4.74
97,2026-05-22 17:56:03,trade,exact,Matched,196.0,4.68
97,2026-05-22 17:56:03,trade,exact,Matched,195.0,4.74
97,2026-05-22 17:56:03,trade,exact,Matched,194.0,1.85
97,2026-05-22 17:56:03,trade,exact,Matched,193.0,2.75
97,2026-05-22 17:56:03,trade,exact,Matched,192.0,5.0
97,2026-05-22 17:56:03,position,api_position_matched,Matched,205.0,8.09
97,2026-05-22 17:56:03,position,api_position_matched,Matched,207.0,6.85
97,2026-05-22 17:56:03,position,api_position_matched,Matched,206.0,5.71
97,2026-05-22 17:56:03,position,api_position_matched,Matched,204.0,5.36
97,2026-05-22 17:56:03,position,api_position_matched,Matched,210.0,0.34
97,2026-05-22 17:56:03,position,api_position_matched,Matched,208.0,5.04
97,2026-05-22 17:56:03,position,api_position_matched,Matched,211.0,5.25
97,2026-05-22 17:56:03,position,api_position_matched,Matched,197.0,0.01
97,2026-05-22 17:56:03,position,api_position_matched,Matched,212.0,5.26
97,2026-05-22 17:56:03,position,api_position_matched,Matched,200.0,5.52
97,2026-05-22 17:56:03,position,api_position_matched,Matched,196.0,5.26
97,2026-05-22 17:56:03,position,api_position_matched,Matched,201.0,5.06
98,2026-05-22 18:06:03,trade,exact,Matched,212.0,5.26
98,2026-05-22 18:06:03,trade,exact,Matched,211.0,5.11
98,2026-05-22 18:06:03,trade,exact,Matched,210.0,5.07
98,2026-05-22 18:06:03,trade,exact,Matched,209.0,2.5
98,2026-05-22 18:06:03,trade,exact,Matched,208.0,2.57
98,2026-05-22 18:06:03,trade,exact,Matched,207.0,5.25
98,2026-05-22 18:06:03,trade,exact,Matched,206.0,5.26
98,2026-05-22 18:06:03,trade,exact,Matched,205.0,1.96
98,2026-05-22 18:06:03,trade,exact,Matched,204.0,4.41
98,2026-05-22 18:06:03,trade,exact,Matched,203.0,1.73
98,2026-05-22 18:06:03,trade,exact,Matched,202.0,1.8
98,2026-05-22 18:06:03,trade,exact,Matched,201.0,4.5
98,2026-05-22 18:06:03,trade,exact,Matched,200.0,4.5
98,2026-05-22 18:06:03,trade,exact,Matched,199.0,4.5
98,2026-05-22 18:06:03,trade,exact,Matched,198.0,4.73
98,2026-05-22 18:06:03,trade,exact,Matched,197.0,4.74
98,2026-05-22 18:06:03,trade,exact,Matched,196.0,4.68
98,2026-05-22 18:06:03,trade,exact,Matched,195.0,4.74
98,2026-05-22 18:06:03,trade,exact,Matched,194.0,1.85
98,2026-05-22 18:06:03,trade,exact,Matched,193.0,2.75
98,2026-05-22 18:06:03,trade,exact,Matched,192.0,5.0
98,2026-05-22 18:06:03,position,api_position_matched,Matched,205.0,8.78
98,2026-05-22 18:06:03,position,api_position_matched,Matched,207.0,6.57
98,2026-05-22 18:06:03,position,api_position_matched,Matched,206.0,5.48
98,2026-05-22 18:06:03,position,api_position_matched,Matched,204.0,5.39
98,2026-05-22 18:06:03,position,api_position_matched,Matched,210.0,0.15
98,2026-05-22 18:06:03,position,api_position_matched,Matched,208.0,4.77
98,2026-05-22 18:06:03,position,api_position_matched,Matched,211.0,5.19
98,2026-05-22 18:06:03,position,api_position_matched,Matched,197.0,0.01
98,2026-05-22 18:06:03,position,api_position_matched,Matched,212.0,5.24
98,2026-05-22 18:06:03,position,api_position_matched,Matched,200.0,5.56
98,2026-05-22 18:06:03,position,api_position_matched,Matched,196.0,5.26
98,2026-05-22 18:06:03,position,api_position_matched,Matched,201.0,5.06
99,2026-05-22 18:16:02,trade,exact,Matched,212.0,5.26
99,2026-05-22 18:16:02,trade,exact,Matched,211.0,5.11
99,2026-05-22 18:16:02,trade,exact,Matched,210.0,5.07
99,2026-05-22 18:16:02,trade,exact,Matched,209.0,2.5
99,2026-05-22 18:16:02,trade,exact,Matched,208.0,2.57
99,2026-05-22 18:16:02,trade,exact,Matched,207.0,5.25
99,2026-05-22 18:16:02,trade,exact,Matched,206.0,5.26
99,2026-05-22 18:16:02,trade,exact,Matched,205.0,1.96
99,2026-05-22 18:16:02,trade,exact,Matched,204.0,4.41
99,2026-05-22 18:16:02,trade,exact,Matched,203.0,1.73
99,2026-05-22 18:16:02,trade,exact,Matched,202.0,1.8
99,2026-05-22 18:16:02,trade,exact,Matched,201.0,4.5
99,2026-05-22 18:16:02,trade,exact,Matched,200.0,4.5
99,2026-05-22 18:16:02,trade,exact,Matched,199.0,4.5
99,2026-05-22 18:16:02,trade,exact,Matched,198.0,4.73
99,2026-05-22 18:16:02,trade,exact,Matched,197.0,4.74
99,2026-05-22 18:16:02,trade,exact,Matched,196.0,4.68
99,2026-05-22 18:16:02,trade,exact,Matched,195.0,4.74
99,2026-05-22 18:16:02,trade,exact,Matched,194.0,1.85
99,2026-05-22 18:16:02,trade,exact,Matched,193.0,2.75
99,2026-05-22 18:16:02,trade,exact,Matched,192.0,5.0
99,2026-05-22 18:16:02,position,api_position_matched,Matched,205.0,6.02
99,2026-05-22 18:16:02,position,api_position_matched,Matched,207.0,7.1
99,2026-05-22 18:16:02,position,api_position_matched,Matched,206.0,5.61
99,2026-05-22 18:16:02,position,api_position_matched,Matched,204.0,5.32
99,2026-05-22 18:16:02,position,api_position_matched,Matched,210.0,0.07
99,2026-05-22 18:16:02,position,api_position_matched,Matched,208.0,4.86
99,2026-05-22 18:16:02,position,api_position_matched,Matched,211.0,5.42
99,2026-05-22 18:16:02,position,api_position_matched,Matched,197.0,0.01
99,2026-05-22 18:16:02,position,api_position_matched,Matched,212.0,5.05
99,2026-05-22 18:16:02,position,api_position_matched,Matched,200.0,5.48
99,2026-05-22 18:16:02,position,api_position_matched,Matched,196.0,5.26
99,2026-05-22 18:16:02,position,api_position_matched,Matched,201.0,5.05
100,2026-05-22 18:26:02,trade,exact,Matched,212.0,5.26
100,2026-05-22 18:26:02,trade,exact,Matched,211.0,5.11
100,2026-05-22 18:26:02,trade,exact,Matched,210.0,5.07
100,2026-05-22 18:26:02,trade,exact,Matched,209.0,2.5
100,2026-05-22 18:26:02,trade,exact,Matched,208.0,2.57
100,2026-05-22 18:26:02,trade,exact,Matched,207.0,5.25
100,2026-05-22 18:26:02,trade,exact,Matched,206.0,5.26
100,2026-05-22 18:26:02,trade,exact,Matched,205.0,1.96
100,2026-05-22 18:26:02,trade,exact,Matched,204.0,4.41
100,2026-05-22 18:26:02,trade,exact,Matched,203.0,1.73
100,2026-05-22 18:26:02,trade,exact,Matched,202.0,1.8
100,2026-05-22 18:26:02,trade,exact,Matched,201.0,4.5
100,2026-05-22 18:26:02,trade,exact,Matched,200.0,4.5
100,2026-05-22 18:26:02,trade,exact,Matched,199.0,4.5
100,2026-05-22 18:26:02,trade,exact,Matched,198.0,4.73
100,2026-05-22 18:26:02,trade,exact,Matched,197.0,4.74
100,2026-05-22 18:26:02,trade,exact,Matched,196.0,4.68
100,2026-05-22 18:26:02,trade,exact,Matched,195.0,4.74
100,2026-05-22 18:26:02,trade,exact,Matched,194.0,1.85
100,2026-05-22 18:26:02,trade,exact,Matched,193.0,2.75
100,2026-05-22 18:26:02,trade,exact,Matched,192.0,5.0
100,2026-05-22 18:26:02,position,api_position_matched,Matched,205.0,5.3
100,2026-05-22 18:26:02,position,api_position_matched,Matched,207.0,7.1
100,2026-05-22 18:26:02,position,api_position_matched,Matched,206.0,5.61
100,2026-05-22 18:26:02,position,api_position_matched,Matched,204.0,5.48
100,2026-05-22 18:26:02,position,api_position_matched,Matched,210.0,0.16
100,2026-05-22 18:26:02,position,api_position_matched,Matched,208.0,4.77
100,2026-05-22 18:26:02,position,api_position_matched,Matched,211.0,5.48
100,2026-05-22 18:26:02,position,api_position_matched,Matched,197.0,0.0
100,2026-05-22 18:26:02,position,api_position_matched,Matched,212.0,5.02
100,2026-05-22 18:26:02,position,api_position_matched,Matched,200.0,5.53
100,2026-05-22 18:26:02,position,api_position_matched,Matched,196.0,5.26
100,2026-05-22 18:26:02,position,api_position_matched,Matched,201.0,5.06
101,2026-05-22 18:36:02,trade,exact,Matched,212.0,5.26
101,2026-05-22 18:36:02,trade,exact,Matched,211.0,5.11
101,2026-05-22 18:36:02,trade,exact,Matched,210.0,5.07
101,2026-05-22 18:36:02,trade,exact,Matched,209.0,2.5
101,2026-05-22 18:36:02,trade,exact,Matched,208.0,2.57
101,2026-05-22 18:36:02,trade,exact,Matched,207.0,5.25
101,2026-05-22 18:36:02,trade,exact,Matched,206.0,5.26
101,2026-05-22 18:36:02,trade,exact,Matched,205.0,1.96
101,2026-05-22 18:36:02,trade,exact,Matched,204.0,4.41
101,2026-05-22 18:36:02,trade,exact,Matched,203.0,1.73
101,2026-05-22 18:36:02,trade,exact,Matched,202.0,1.8
101,2026-05-22 18:36:02,trade,exact,Matched,201.0,4.5
101,2026-05-22 18:36:02,trade,exact,Matched,200.0,4.5
101,2026-05-22 18:36:02,trade,exact,Matched,199.0,4.5
101,2026-05-22 18:36:02,trade,exact,Matched,198.0,4.73
101,2026-05-22 18:36:02,trade,exact,Matched,197.0,4.74
101,2026-05-22 18:36:02,trade,exact,Matched,196.0,4.68
101,2026-05-22 18:36:02,trade,exact,Matched,195.0,4.74
101,2026-05-22 18:36:02,trade,exact,Matched,194.0,1.85
101,2026-05-22 18:36:02,trade,exact,Matched,193.0,2.75
101,2026-05-22 18:36:02,trade,exact,Matched,192.0,5.0
101,2026-05-22 18:36:02,position,api_position_matched,Matched,205.0,4.79
101,2026-05-22 18:36:02,position,api_position_matched,Matched,207.0,7.1
101,2026-05-22 18:36:02,position,api_position_matched,Matched,206.0,5.55
101,2026-05-22 18:36:02,position,api_position_matched,Matched,204.0,5.39
101,2026-05-22 18:36:02,position,api_position_matched,Matched,210.0,0.08
101,2026-05-22 18:36:02,position,api_position_matched,Matched,208.0,4.54
101,2026-05-22 18:36:02,position,api_position_matched,Matched,211.0,5.52
101,2026-05-22 18:36:02,position,api_position_matched,Matched,197.0,0.0
101,2026-05-22 18:36:02,position,api_position_matched,Matched,212.0,5.11
101,2026-05-22 18:36:02,position,api_position_matched,Matched,200.0,5.51
101,2026-05-22 18:36:02,position,api_position_matched,Matched,196.0,5.26
101,2026-05-22 18:36:02,position,api_position_matched,Matched,201.0,5.06
102,2026-05-22 18:46:03,trade,exact,Matched,212.0,5.26
102,2026-05-22 18:46:03,trade,exact,Matched,211.0,5.11
102,2026-05-22 18:46:03,trade,exact,Matched,210.0,5.07
102,2026-05-22 18:46:03,trade,exact,Matched,209.0,2.5
102,2026-05-22 18:46:03,trade,exact,Matched,208.0,2.57
102,2026-05-22 18:46:03,trade,exact,Matched,207.0,5.25
102,2026-05-22 18:46:03,trade,exact,Matched,206.0,5.26
102,2026-05-22 18:46:03,trade,exact,Matched,205.0,1.96
102,2026-05-22 18:46:03,trade,exact,Matched,204.0,4.41
102,2026-05-22 18:46:03,trade,exact,Matched,203.0,1.73
102,2026-05-22 18:46:03,trade,exact,Matched,202.0,1.8
102,2026-05-22 18:46:03,trade,exact,Matched,201.0,4.5
102,2026-05-22 18:46:03,trade,exact,Matched,200.0,4.5
102,2026-05-22 18:46:03,trade,exact,Matched,199.0,4.5
102,2026-05-22 18:46:03,trade,exact,Matched,198.0,4.73
102,2026-05-22 18:46:03,trade,exact,Matched,197.0,4.74
102,2026-05-22 18:46:03,trade,exact,Matched,196.0,4.68
102,2026-05-22 18:46:03,trade,exact,Matched,195.0,4.74
102,2026-05-22 18:46:03,trade,exact,Matched,194.0,1.85
102,2026-05-22 18:46:03,trade,exact,Matched,193.0,2.75
102,2026-05-22 18:46:03,trade,exact,Matched,192.0,5.0
102,2026-05-22 18:46:03,position,api_position_matched,Matched,205.0,4.79
102,2026-05-22 18:46:03,position,api_position_matched,Matched,207.0,7.1
102,2026-05-22 18:46:03,position,api_position_matched,Matched,206.0,5.55
102,2026-05-22 18:46:03,position,api_position_matched,Matched,204.0,5.29
102,2026-05-22 18:46:03,position,api_position_matched,Matched,210.0,0.08
102,2026-05-22 18:46:03,position,api_position_matched,Matched,208.0,4.54
102,2026-05-22 18:46:03,position,api_position_matched,Matched,211.0,5.52
102,2026-05-22 18:46:03,position,api_position_matched,Matched,197.0,0.0
102,2026-05-22 18:46:03,position,api_position_matched,Matched,212.0,5.02
102,2026-05-22 18:46:03,position,api_position_matched,Matched,200.0,5.51
102,2026-05-22 18:46:03,position,api_position_matched,Matched,196.0,5.26
102,2026-05-22 18:46:03,position,api_position_matched,Matched,201.0,5.06
103,2026-05-22 18:56:02,trade,exact,Matched,212.0,5.26
103,2026-05-22 18:56:02,trade,exact,Matched,211.0,5.11
103,2026-05-22 18:56:02,trade,exact,Matched,210.0,5.07
103,2026-05-22 18:56:02,trade,exact,Matched,209.0,2.5
103,2026-05-22 18:56:02,trade,exact,Matched,208.0,2.57
103,2026-05-22 18:56:02,trade,exact,Matched,207.0,5.25
103,2026-05-22 18:56:02,trade,exact,Matched,206.0,5.26
103,2026-05-22 18:56:02,trade,exact,Matched,205.0,1.96
103,2026-05-22 18:56:02,trade,exact,Matched,204.0,4.41
103,2026-05-22 18:56:02,trade,exact,Matched,203.0,1.73
103,2026-05-22 18:56:02,trade,exact,Matched,202.0,1.8
103,2026-05-22 18:56:02,trade,exact,Matched,201.0,4.5
103,2026-05-22 18:56:02,trade,exact,Matched,200.0,4.5
103,2026-05-22 18:56:02,trade,exact,Matched,199.0,4.5
103,2026-05-22 18:56:02,trade,exact,Matched,198.0,4.73
103,2026-05-22 18:56:02,trade,exact,Matched,197.0,4.74
103,2026-05-22 18:56:02,trade,exact,Matched,196.0,4.68
103,2026-05-22 18:56:02,trade,exact,Matched,195.0,4.74
103,2026-05-22 18:56:02,trade,exact,Matched,194.0,1.85
103,2026-05-22 18:56:02,trade,exact,Matched,193.0,2.75
103,2026-05-22 18:56:02,trade,exact,Matched,192.0,5.0
103,2026-05-22 18:56:02,position,api_position_matched,Matched,205.0,4.54
103,2026-05-22 18:56:02,position,api_position_matched,Matched,207.0,7.1
103,2026-05-22 18:56:02,position,api_position_matched,Matched,206.0,5.48
103,2026-05-22 18:56:02,position,api_position_matched,Matched,204.0,5.45
103,2026-05-22 18:56:02,position,api_position_matched,Matched,210.0,0.07
103,2026-05-22 18:56:02,position,api_position_matched,Matched,208.0,4.45
103,2026-05-22 18:56:02,position,api_position_matched,Matched,211.0,5.54
103,2026-05-22 18:56:02,position,api_position_matched,Matched,197.0,0.0
103,2026-05-22 18:56:02,position,api_position_matched,Matched,212.0,5.16
103,2026-05-22 18:56:02,position,api_position_matched,Matched,200.0,5.52
103,2026-05-22 18:56:02,position,api_position_matched,Matched,196.0,5.26
103,2026-05-22 18:56:02,position,api_position_matched,Matched,201.0,5.06
104,2026-05-22 19:06:03,trade,exact,Matched,212.0,5.26
104,2026-05-22 19:06:03,trade,exact,Matched,211.0,5.11
104,2026-05-22 19:06:03,trade,exact,Matched,210.0,5.07
104,2026-05-22 19:06:03,trade,exact,Matched,209.0,2.5
104,2026-05-22 19:06:03,trade,exact,Matched,208.0,2.57
104,2026-05-22 19:06:03,trade,exact,Matched,207.0,5.25
104,2026-05-22 19:06:03,trade,exact,Matched,206.0,5.26
104,2026-05-22 19:06:03,trade,exact,Matched,205.0,1.96
104,2026-05-22 19:06:03,trade,exact,Matched,204.0,4.41
104,2026-05-22 19:06:03,trade,exact,Matched,203.0,1.73
104,2026-05-22 19:06:03,trade,exact,Matched,202.0,1.8
104,2026-05-22 19:06:03,trade,exact,Matched,201.0,4.5
104,2026-05-22 19:06:03,trade,exact,Matched,200.0,4.5
104,2026-05-22 19:06:03,trade,exact,Matched,199.0,4.5
104,2026-05-22 19:06:03,trade,exact,Matched,198.0,4.73
104,2026-05-22 19:06:03,trade,exact,Matched,197.0,4.74
104,2026-05-22 19:06:03,trade,exact,Matched,196.0,4.68
104,2026-05-22 19:06:03,trade,exact,Matched,195.0,4.74
104,2026-05-22 19:06:03,trade,exact,Matched,194.0,1.85
104,2026-05-22 19:06:03,trade,exact,Matched,193.0,2.75
104,2026-05-22 19:06:03,trade,exact,Matched,192.0,5.0
104,2026-05-22 19:06:03,position,api_position_matched,Matched,205.0,3.88
104,2026-05-22 19:06:03,position,api_position_matched,Matched,207.0,7.1
104,2026-05-22 19:06:03,position,api_position_matched,Matched,206.0,5.42
104,2026-05-22 19:06:03,position,api_position_matched,Matched,204.0,5.45
104,2026-05-22 19:06:03,position,api_position_matched,Matched,210.0,0.07
104,2026-05-22 19:06:03,position,api_position_matched,Matched,208.0,4.51
104,2026-05-22 19:06:03,position,api_position_matched,Matched,211.0,5.59
104,2026-05-22 19:06:03,position,api_position_matched,Matched,197.0,0.0
104,2026-05-22 19:06:03,position,api_position_matched,Matched,212.0,5.67
104,2026-05-22 19:06:03,position,api_position_matched,Matched,200.0,5.53
104,2026-05-22 19:06:03,position,api_position_matched,Matched,196.0,5.26
104,2026-05-22 19:06:03,position,api_position_matched,Matched,201.0,5.04
105,2026-05-22 19:16:02,trade,exact,Matched,212.0,5.26
105,2026-05-22 19:16:02,trade,exact,Matched,211.0,5.11
105,2026-05-22 19:16:02,trade,exact,Matched,210.0,5.07
105,2026-05-22 19:16:02,trade,exact,Matched,209.0,2.5
105,2026-05-22 19:16:02,trade,exact,Matched,208.0,2.57
105,2026-05-22 19:16:02,trade,exact,Matched,207.0,5.25
105,2026-05-22 19:16:02,trade,exact,Matched,206.0,5.26
105,2026-05-22 19:16:02,trade,exact,Matched,205.0,1.96
105,2026-05-22 19:16:02,trade,exact,Matched,204.0,4.41
105,2026-05-22 19:16:02,trade,exact,Matched,203.0,1.73
105,2026-05-22 19:16:02,trade,exact,Matched,202.0,1.8
105,2026-05-22 19:16:02,trade,exact,Matched,201.0,4.5
105,2026-05-22 19:16:02,trade,exact,Matched,200.0,4.5
105,2026-05-22 19:16:02,trade,exact,Matched,199.0,4.5
105,2026-05-22 19:16:02,trade,exact,Matched,198.0,4.73
105,2026-05-22 19:16:02,trade,exact,Matched,197.0,4.74
105,2026-05-22 19:16:02,trade,exact,Matched,196.0,4.68
105,2026-05-22 19:16:02,trade,exact,Matched,195.0,4.74
105,2026-05-22 19:16:02,trade,exact,Matched,194.0,1.85
105,2026-05-22 19:16:02,trade,exact,Matched,193.0,2.75
105,2026-05-22 19:16:02,trade,exact,Matched,192.0,5.0
105,2026-05-22 19:16:02,position,api_position_matched,Matched,205.0,5.04
105,2026-05-22 19:16:02,position,api_position_matched,Matched,207.0,7.1
105,2026-05-22 19:16:02,position,api_position_matched,Matched,206.0,5.55
105,2026-05-22 19:16:02,position,api_position_matched,Matched,204.0,5.66
105,2026-05-22 19:16:02,position,api_position_matched,Matched,210.0,0.08
105,2026-05-22 19:16:02,position,api_position_matched,Matched,208.0,4.33
105,2026-05-22 19:16:02,position,api_position_matched,Matched,211.0,5.5
105,2026-05-22 19:16:02,position,api_position_matched,Matched,197.0,0.0
105,2026-05-22 19:16:02,position,api_position_matched,Matched,212.0,5.67
105,2026-05-22 19:16:02,position,api_position_matched,Matched,200.0,5.62
105,2026-05-22 19:16:02,position,api_position_matched,Matched,196.0,5.26
105,2026-05-22 19:16:02,position,api_position_matched,Matched,201.0,5.06
106,2026-05-22 19:26:02,trade,exact,Matched,212.0,5.26
106,2026-05-22 19:26:02,trade,exact,Matched,211.0,5.11
106,2026-05-22 19:26:02,trade,exact,Matched,210.0,5.07
106,2026-05-22 19:26:02,trade,exact,Matched,209.0,2.5
106,2026-05-22 19:26:02,trade,exact,Matched,208.0,2.57
106,2026-05-22 19:26:02,trade,exact,Matched,207.0,5.25
106,2026-05-22 19:26:02,trade,exact,Matched,206.0,5.26
106,2026-05-22 19:26:02,trade,exact,Matched,205.0,1.96
106,2026-05-22 19:26:02,trade,exact,Matched,204.0,4.41
106,2026-05-22 19:26:02,trade,exact,Matched,203.0,1.73
106,2026-05-22 19:26:02,trade,exact,Matched,202.0,1.8
106,2026-05-22 19:26:02,trade,exact,Matched,201.0,4.5
106,2026-05-22 19:26:02,trade,exact,Matched,200.0,4.5
106,2026-05-22 19:26:02,trade,exact,Matched,199.0,4.5
106,2026-05-22 19:26:02,trade,exact,Matched,198.0,4.73
106,2026-05-22 19:26:02,trade,exact,Matched,197.0,4.74
106,2026-05-22 19:26:02,trade,exact,Matched,196.0,4.68
106,2026-05-22 19:26:02,trade,exact,Matched,195.0,4.74
106,2026-05-22 19:26:02,trade,exact,Matched,194.0,1.85
106,2026-05-22 19:26:02,trade,exact,Matched,193.0,2.75
106,2026-05-22 19:26:02,trade,exact,Matched,192.0,5.0
106,2026-05-22 19:26:02,position,api_position_matched,Matched,205.0,6.97
106,2026-05-22 19:26:02,position,api_position_unmatched,Exception,,7.1
106,2026-05-22 19:26:02,position,api_position_matched,Matched,206.0,5.71
106,2026-05-22 19:26:02,position,api_position_matched,Matched,204.0,5.75
106,2026-05-22 19:26:02,position,api_position_matched,Matched,210.0,0.02
106,2026-05-22 19:26:02,position,api_position_matched,Matched,208.0,4.51
106,2026-05-22 19:26:02,position,api_position_matched,Matched,211.0,5.34
106,2026-05-22 19:26:02,position,api_position_matched,Matched,197.0,0.0
106,2026-05-22 19:26:02,position,api_position_matched,Matched,212.0,5.67
106,2026-05-22 19:26:02,position,api_position_matched,Matched,200.0,5.62
106,2026-05-22 19:26:02,position,api_position_matched,Matched,196.0,5.26
106,2026-05-22 19:26:02,position,api_position_matched,Matched,201.0,5.06
107,2026-05-22 19:26:04,trade,exact,Matched,212.0,5.26
107,2026-05-22 19:26:04,trade,exact,Matched,211.0,5.11
107,2026-05-22 19:26:04,trade,exact,Matched,210.0,5.07
107,2026-05-22 19:26:04,trade,exact,Matched,209.0,2.5
107,2026-05-22 19:26:04,trade,exact,Matched,208.0,2.57
107,2026-05-22 19:26:04,trade,exact,Matched,207.0,5.25
107,2026-05-22 19:26:04,trade,exact,Matched,206.0,5.26
107,2026-05-22 19:26:04,trade,exact,Matched,205.0,1.96
107,2026-05-22 19:26:04,trade,exact,Matched,204.0,4.41
107,2026-05-22 19:26:04,trade,exact,Matched,203.0,1.73
107,2026-05-22 19:26:04,trade,exact,Matched,202.0,1.8
107,2026-05-22 19:26:04,trade,exact,Matched,201.0,4.5
107,2026-05-22 19:26:04,trade,exact,Matched,200.0,4.5
107,2026-05-22 19:26:04,trade,exact,Matched,199.0,4.5
107,2026-05-22 19:26:04,trade,exact,Matched,198.0,4.73
107,2026-05-22 19:26:04,trade,exact,Matched,197.0,4.74
107,2026-05-22 19:26:04,trade,exact,Matched,196.0,4.68
107,2026-05-22 19:26:04,trade,exact,Matched,195.0,4.74
107,2026-05-22 19:26:04,trade,exact,Matched,194.0,1.85
107,2026-05-22 19:26:04,trade,exact,Matched,193.0,2.75
107,2026-05-22 19:26:04,trade,exact,Matched,192.0,5.0
107,2026-05-22 19:26:04,position,api_position_matched,Matched,205.0,6.97
107,2026-05-22 19:26:04,position,api_position_unmatched,Exception,,7.1
107,2026-05-22 19:26:04,position,api_position_matched,Matched,206.0,5.71
107,2026-05-22 19:26:04,position,api_position_matched,Matched,204.0,5.75
107,2026-05-22 19:26:04,position,api_position_matched,Matched,210.0,0.02
107,2026-05-22 19:26:04,position,api_position_matched,Matched,208.0,4.51
107,2026-05-22 19:26:04,position,api_position_matched,Matched,211.0,5.34
107,2026-05-22 19:26:04,position,api_position_matched,Matched,197.0,0.0
107,2026-05-22 19:26:04,position,api_position_matched,Matched,212.0,5.67
107,2026-05-22 19:26:04,position,api_position_matched,Matched,200.0,5.62
107,2026-05-22 19:26:04,position,api_position_matched,Matched,196.0,5.26
107,2026-05-22 19:26:04,position,api_position_matched,Matched,201.0,5.06
108,2026-05-22 19:36:02,trade,exact,Matched,212.0,5.26
108,2026-05-22 19:36:02,trade,exact,Matched,211.0,5.11
108,2026-05-22 19:36:02,trade,exact,Matched,210.0,5.07
108,2026-05-22 19:36:02,trade,exact,Matched,209.0,2.5
108,2026-05-22 19:36:02,trade,exact,Matched,208.0,2.57
108,2026-05-22 19:36:02,trade,exact,Matched,207.0,5.25
108,2026-05-22 19:36:02,trade,exact,Matched,206.0,5.26
108,2026-05-22 19:36:02,trade,exact,Matched,205.0,1.96
108,2026-05-22 19:36:02,trade,exact,Matched,204.0,4.41
108,2026-05-22 19:36:02,trade,exact,Matched,203.0,1.73
108,2026-05-22 19:36:02,trade,exact,Matched,202.0,1.8
108,2026-05-22 19:36:02,trade,exact,Matched,201.0,4.5
108,2026-05-22 19:36:02,trade,exact,Matched,200.0,4.5
108,2026-05-22 19:36:02,trade,exact,Matched,199.0,4.5
108,2026-05-22 19:36:02,trade,exact,Matched,198.0,4.73
108,2026-05-22 19:36:02,trade,exact,Matched,197.0,4.74
108,2026-05-22 19:36:02,trade,exact,Matched,196.0,4.68
108,2026-05-22 19:36:02,trade,exact,Matched,195.0,4.74
108,2026-05-22 19:36:02,trade,exact,Matched,194.0,1.85
108,2026-05-22 19:36:02,trade,exact,Matched,193.0,2.75
108,2026-05-22 19:36:02,trade,exact,Matched,192.0,5.0
108,2026-05-22 19:36:02,position,api_position_matched,Matched,205.0,6.82
108,2026-05-22 19:36:02,position,api_position_matched,Matched,206.0,5.45
108,2026-05-22 19:36:02,position,api_position_matched,Matched,204.0,5.91
108,2026-05-22 19:36:02,position,api_position_matched,Matched,210.0,0.02
108,2026-05-22 19:36:02,position,api_position_matched,Matched,208.0,4.42
108,2026-05-22 19:36:02,position,api_position_matched,Matched,211.0,5.35
108,2026-05-22 19:36:02,position,api_position_matched,Matched,197.0,0.0
108,2026-05-22 19:36:02,position,api_position_matched,Matched,212.0,5.67
108,2026-05-22 19:36:02,position,api_position_matched,Matched,200.0,5.61
108,2026-05-22 19:36:02,position,api_position_matched,Matched,196.0,5.26
108,2026-05-22 19:36:02,position,api_position_matched,Matched,201.0,5.06
109,2026-05-22 19:46:02,trade,exact,Matched,212.0,5.26
109,2026-05-22 19:46:02,trade,exact,Matched,211.0,5.11
109,2026-05-22 19:46:02,trade,exact,Matched,210.0,5.07
109,2026-05-22 19:46:02,trade,exact,Matched,209.0,2.5
109,2026-05-22 19:46:02,trade,exact,Matched,208.0,2.57
109,2026-05-22 19:46:02,trade,exact,Matched,207.0,5.25
109,2026-05-22 19:46:02,trade,exact,Matched,206.0,5.26
109,2026-05-22 19:46:02,trade,exact,Matched,205.0,1.96
109,2026-05-22 19:46:02,trade,exact,Matched,204.0,4.41
109,2026-05-22 19:46:02,trade,exact,Matched,203.0,1.73
109,2026-05-22 19:46:02,trade,exact,Matched,202.0,1.8
109,2026-05-22 19:46:02,trade,exact,Matched,201.0,4.5
109,2026-05-22 19:46:02,trade,exact,Matched,200.0,4.5
109,2026-05-22 19:46:02,trade,exact,Matched,199.0,4.5
109,2026-05-22 19:46:02,trade,exact,Matched,198.0,4.73
109,2026-05-22 19:46:02,trade,exact,Matched,197.0,4.74
109,2026-05-22 19:46:02,trade,exact,Matched,196.0,4.68
109,2026-05-22 19:46:02,trade,exact,Matched,195.0,4.74
109,2026-05-22 19:46:02,trade,exact,Matched,194.0,1.85
109,2026-05-22 19:46:02,trade,exact,Matched,193.0,2.75
109,2026-05-22 19:46:02,trade,exact,Matched,192.0,5.0
109,2026-05-22 19:46:02,position,api_position_matched,Matched,205.0,9.11
109,2026-05-22 19:46:02,position,api_position_matched,Matched,206.0,5.35
109,2026-05-22 19:46:02,position,api_position_matched,Matched,204.0,5.85
109,2026-05-22 19:46:02,position,api_position_matched,Matched,210.0,0.02
109,2026-05-22 19:46:02,position,api_position_matched,Matched,208.0,4.36
109,2026-05-22 19:46:02,position,api_position_matched,Matched,211.0,5.17
109,2026-05-22 19:46:02,position,api_position_matched,Matched,197.0,0.0
109,2026-05-22 19:46:02,position,api_position_matched,Matched,212.0,5.67
109,2026-05-22 19:46:02,position,api_position_matched,Matched,200.0,5.6
109,2026-05-22 19:46:02,position,api_position_matched,Matched,196.0,5.26
109,2026-05-22 19:46:02,position,api_position_matched,Matched,201.0,5.06
110,2026-05-22 19:56:03,trade,exact,Matched,212.0,5.26
110,2026-05-22 19:56:03,trade,exact,Matched,211.0,5.11
110,2026-05-22 19:56:03,trade,exact,Matched,210.0,5.07
110,2026-05-22 19:56:03,trade,exact,Matched,209.0,2.5
110,2026-05-22 19:56:03,trade,exact,Matched,208.0,2.57
110,2026-05-22 19:56:03,trade,exact,Matched,207.0,5.25
110,2026-05-22 19:56:03,trade,exact,Matched,206.0,5.26
110,2026-05-22 19:56:03,trade,exact,Matched,205.0,1.96
110,2026-05-22 19:56:03,trade,exact,Matched,204.0,4.41
110,2026-05-22 19:56:03,trade,exact,Matched,203.0,1.73
110,2026-05-22 19:56:03,trade,exact,Matched,202.0,1.8
110,2026-05-22 19:56:03,trade,exact,Matched,201.0,4.5
110,2026-05-22 19:56:03,trade,exact,Matched,200.0,4.5
110,2026-05-22 19:56:03,trade,exact,Matched,199.0,4.5
110,2026-05-22 19:56:03,trade,exact,Matched,198.0,4.73
110,2026-05-22 19:56:03,trade,exact,Matched,197.0,4.74
110,2026-05-22 19:56:03,trade,exact,Matched,196.0,4.68
110,2026-05-22 19:56:03,trade,exact,Matched,195.0,4.74
110,2026-05-22 19:56:03,trade,exact,Matched,194.0,1.85
110,2026-05-22 19:56:03,trade,exact,Matched,193.0,2.75
110,2026-05-22 19:56:03,trade,exact,Matched,192.0,5.0
110,2026-05-22 19:56:03,position,api_position_matched,Matched,205.0,10.37
110,2026-05-22 19:56:03,position,api_position_matched,Matched,206.0,4.61
110,2026-05-22 19:56:03,position,api_position_matched,Matched,204.0,5.97
110,2026-05-22 19:56:03,position,api_position_matched,Matched,210.0,0.02
110,2026-05-22 19:56:03,position,api_position_matched,Matched,208.0,4.18
110,2026-05-22 19:56:03,position,api_position_matched,Matched,211.0,5.06
110,2026-05-22 19:56:03,position,api_position_matched,Matched,197.0,0.0
110,2026-05-22 19:56:03,position,api_position_matched,Matched,212.0,5.67
110,2026-05-22 19:56:03,position,api_position_matched,Matched,200.0,5.6
110,2026-05-22 19:56:03,position,api_position_matched,Matched,196.0,5.26
110,2026-05-22 19:56:03,position,api_position_matched,Matched,201.0,5.06
111,2026-05-22 20:06:03,trade,exact,Matched,212.0,5.26
111,2026-05-22 20:06:03,trade,exact,Matched,211.0,5.11
111,2026-05-22 20:06:03,trade,exact,Matched,210.0,5.07
111,2026-05-22 20:06:03,trade,exact,Matched,209.0,2.5
111,2026-05-22 20:06:03,trade,exact,Matched,208.0,2.57
111,2026-05-22 20:06:03,trade,exact,Matched,207.0,5.25
111,2026-05-22 20:06:03,trade,exact,Matched,206.0,5.26
111,2026-05-22 20:06:03,trade,exact,Matched,205.0,1.96
111,2026-05-22 20:06:03,trade,exact,Matched,204.0,4.41
111,2026-05-22 20:06:03,trade,exact,Matched,203.0,1.73
111,2026-05-22 20:06:03,trade,exact,Matched,202.0,1.8
111,2026-05-22 20:06:03,trade,exact,Matched,201.0,4.5
111,2026-05-22 20:06:03,trade,exact,Matched,200.0,4.5
111,2026-05-22 20:06:03,trade,exact,Matched,199.0,4.5
111,2026-05-22 20:06:03,trade,exact,Matched,198.0,4.73
111,2026-05-22 20:06:03,trade,exact,Matched,197.0,4.74
111,2026-05-22 20:06:03,trade,exact,Matched,196.0,4.68
111,2026-05-22 20:06:03,trade,exact,Matched,195.0,4.74
111,2026-05-22 20:06:03,trade,exact,Matched,194.0,1.85
111,2026-05-22 20:06:03,trade,exact,Matched,193.0,2.75
111,2026-05-22 20:06:03,trade,exact,Matched,192.0,5.0
111,2026-05-22 20:06:03,position,api_position_matched,Matched,205.0,17.41
111,2026-05-22 20:06:03,position,api_position_matched,Matched,206.0,4.51
111,2026-05-22 20:06:03,position,api_position_matched,Matched,204.0,5.99
111,2026-05-22 20:06:03,position,api_position_matched,Matched,210.0,0.02
111,2026-05-22 20:06:03,position,api_position_matched,Matched,208.0,3.68
111,2026-05-22 20:06:03,position,api_position_matched,Matched,211.0,4.49
111,2026-05-22 20:06:03,position,api_position_matched,Matched,197.0,0.0
111,2026-05-22 20:06:03,position,api_position_matched,Matched,212.0,5.67
111,2026-05-22 20:06:03,position,api_position_matched,Matched,200.0,5.6
111,2026-05-22 20:06:03,position,api_position_matched,Matched,196.0,5.26
111,2026-05-22 20:06:03,position,api_position_matched,Matched,201.0,5.06
112,2026-05-22 20:16:03,trade,exact,Matched,212.0,5.26
112,2026-05-22 20:16:03,trade,exact,Matched,211.0,5.11
112,2026-05-22 20:16:03,trade,exact,Matched,210.0,5.07
112,2026-05-22 20:16:03,trade,exact,Matched,209.0,2.5
112,2026-05-22 20:16:03,trade,exact,Matched,208.0,2.57
112,2026-05-22 20:16:03,trade,exact,Matched,207.0,5.25
112,2026-05-22 20:16:03,trade,exact,Matched,206.0,5.26
112,2026-05-22 20:16:03,trade,exact,Matched,205.0,1.96
112,2026-05-22 20:16:03,trade,exact,Matched,204.0,4.41
112,2026-05-22 20:16:03,trade,exact,Matched,203.0,1.73
112,2026-05-22 20:16:03,trade,exact,Matched,202.0,1.8
112,2026-05-22 20:16:03,trade,exact,Matched,201.0,4.5
112,2026-05-22 20:16:03,trade,exact,Matched,200.0,4.5
112,2026-05-22 20:16:03,trade,exact,Matched,199.0,4.5
112,2026-05-22 20:16:03,trade,exact,Matched,198.0,4.73
112,2026-05-22 20:16:03,trade,exact,Matched,197.0,4.74
112,2026-05-22 20:16:03,trade,exact,Matched,196.0,4.68
112,2026-05-22 20:16:03,trade,exact,Matched,195.0,4.74
112,2026-05-22 20:16:03,trade,exact,Matched,194.0,1.85
112,2026-05-22 20:16:03,trade,exact,Matched,193.0,2.75
112,2026-05-22 20:16:03,trade,exact,Matched,192.0,5.0
112,2026-05-22 20:16:03,position,api_position_matched,Matched,205.0,18.79
112,2026-05-22 20:16:03,position,api_position_matched,Matched,206.0,4.71
112,2026-05-22 20:16:03,position,api_position_matched,Matched,204.0,5.99
112,2026-05-22 20:16:03,position,api_position_matched,Matched,210.0,0.0
112,2026-05-22 20:16:03,position,api_position_matched,Matched,208.0,3.74
112,2026-05-22 20:16:03,position,api_position_matched,Matched,211.0,4.38
112,2026-05-22 20:16:03,position,api_position_matched,Matched,197.0,0.0
112,2026-05-22 20:16:03,position,api_position_matched,Matched,212.0,5.67
112,2026-05-22 20:16:03,position,api_position_matched,Matched,200.0,5.62
112,2026-05-22 20:16:03,position,api_position_matched,Matched,196.0,5.26
112,2026-05-22 20:16:03,position,api_position_matched,Matched,201.0,5.06
113,2026-05-22 20:26:02,trade,exact,Matched,212.0,5.26
113,2026-05-22 20:26:02,trade,exact,Matched,211.0,5.11
113,2026-05-22 20:26:02,trade,exact,Matched,210.0,5.07
113,2026-05-22 20:26:02,trade,exact,Matched,209.0,2.5
113,2026-05-22 20:26:02,trade,exact,Matched,208.0,2.57
113,2026-05-22 20:26:02,trade,exact,Matched,207.0,5.25
113,2026-05-22 20:26:02,trade,exact,Matched,206.0,5.26
113,2026-05-22 20:26:02,trade,exact,Matched,205.0,1.96
113,2026-05-22 20:26:02,trade,exact,Matched,204.0,4.41
113,2026-05-22 20:26:02,trade,exact,Matched,203.0,1.73
113,2026-05-22 20:26:02,trade,exact,Matched,202.0,1.8
113,2026-05-22 20:26:02,trade,exact,Matched,201.0,4.5
113,2026-05-22 20:26:02,trade,exact,Matched,200.0,4.5
113,2026-05-22 20:26:02,trade,exact,Matched,199.0,4.5
113,2026-05-22 20:26:02,trade,exact,Matched,198.0,4.73
113,2026-05-22 20:26:02,trade,exact,Matched,197.0,4.74
113,2026-05-22 20:26:02,trade,exact,Matched,196.0,4.68
113,2026-05-22 20:26:02,trade,exact,Matched,195.0,4.74
113,2026-05-22 20:26:02,trade,exact,Matched,194.0,1.85
113,2026-05-22 20:26:02,trade,exact,Matched,193.0,2.75
113,2026-05-22 20:26:02,trade,exact,Matched,192.0,5.0
113,2026-05-22 20:26:02,position,api_position_matched,Matched,205.0,23.4
113,2026-05-22 20:26:02,position,api_position_matched,Matched,206.0,4.12
113,2026-05-22 20:26:02,position,api_position_matched,Matched,204.0,6.04
113,2026-05-22 20:26:02,position,api_position_matched,Matched,210.0,0.0
113,2026-05-22 20:26:02,position,api_position_matched,Matched,208.0,4.45
113,2026-05-22 20:26:02,position,api_position_matched,Matched,211.0,4.0
113,2026-05-22 20:26:02,position,api_position_matched,Matched,197.0,0.0
113,2026-05-22 20:26:02,position,api_position_unmatched,Exception,,5.67
113,2026-05-22 20:26:02,position,api_position_matched,Matched,200.0,5.62
113,2026-05-22 20:26:02,position,api_position_matched,Matched,196.0,5.26
113,2026-05-22 20:26:02,position,api_position_matched,Matched,201.0,5.06
114,2026-05-22 20:26:04,trade,exact,Matched,212.0,5.26
114,2026-05-22 20:26:04,trade,exact,Matched,211.0,5.11
114,2026-05-22 20:26:04,trade,exact,Matched,210.0,5.07
114,2026-05-22 20:26:04,trade,exact,Matched,209.0,2.5
114,2026-05-22 20:26:04,trade,exact,Matched,208.0,2.57
114,2026-05-22 20:26:04,trade,exact,Matched,207.0,5.25
114,2026-05-22 20:26:04,trade,exact,Matched,206.0,5.26
114,2026-05-22 20:26:04,trade,exact,Matched,205.0,1.96
114,2026-05-22 20:26:04,trade,exact,Matched,204.0,4.41
114,2026-05-22 20:26:04,trade,exact,Matched,203.0,1.73
114,2026-05-22 20:26:04,trade,exact,Matched,202.0,1.8
114,2026-05-22 20:26:04,trade,exact,Matched,201.0,4.5
114,2026-05-22 20:26:04,trade,exact,Matched,200.0,4.5
114,2026-05-22 20:26:04,trade,exact,Matched,199.0,4.5
114,2026-05-22 20:26:04,trade,exact,Matched,198.0,4.73
114,2026-05-22 20:26:04,trade,exact,Matched,197.0,4.74
114,2026-05-22 20:26:04,trade,exact,Matched,196.0,4.68
114,2026-05-22 20:26:04,trade,exact,Matched,195.0,4.74
114,2026-05-22 20:26:04,trade,exact,Matched,194.0,1.85
114,2026-05-22 20:26:04,trade,exact,Matched,193.0,2.75
114,2026-05-22 20:26:04,trade,exact,Matched,192.0,5.0
114,2026-05-22 20:26:04,position,api_position_matched,Matched,205.0,23.4
114,2026-05-22 20:26:04,position,api_position_matched,Matched,206.0,4.12
114,2026-05-22 20:26:04,position,api_position_matched,Matched,204.0,6.04
114,2026-05-22 20:26:04,position,api_position_matched,Matched,210.0,0.0
114,2026-05-22 20:26:04,position,api_position_matched,Matched,208.0,4.45
114,2026-05-22 20:26:04,position,api_position_matched,Matched,211.0,4.0
114,2026-05-22 20:26:04,position,api_position_matched,Matched,197.0,0.0
114,2026-05-22 20:26:04,position,api_position_unmatched,Exception,,5.67
114,2026-05-22 20:26:04,position,api_position_matched,Matched,200.0,5.62
114,2026-05-22 20:26:04,position,api_position_matched,Matched,196.0,5.26
114,2026-05-22 20:26:04,position,api_position_matched,Matched,201.0,5.06
115,2026-05-22 20:36:02,trade,exact,Matched,212.0,5.26
115,2026-05-22 20:36:02,trade,exact,Matched,211.0,5.11
115,2026-05-22 20:36:02,trade,exact,Matched,210.0,5.07
115,2026-05-22 20:36:02,trade,exact,Matched,209.0,2.5
115,2026-05-22 20:36:02,trade,exact,Matched,208.0,2.57
115,2026-05-22 20:36:02,trade,exact,Matched,207.0,5.25
115,2026-05-22 20:36:02,trade,exact,Matched,206.0,5.26
115,2026-05-22 20:36:02,trade,exact,Matched,205.0,1.96
115,2026-05-22 20:36:02,trade,exact,Matched,204.0,4.41
115,2026-05-22 20:36:02,trade,exact,Matched,203.0,1.73
115,2026-05-22 20:36:02,trade,exact,Matched,202.0,1.8
115,2026-05-22 20:36:02,trade,exact,Matched,201.0,4.5
115,2026-05-22 20:36:02,trade,exact,Matched,200.0,4.5
115,2026-05-22 20:36:02,trade,exact,Matched,199.0,4.5
115,2026-05-22 20:36:02,trade,exact,Matched,198.0,4.73
115,2026-05-22 20:36:02,trade,exact,Matched,197.0,4.74
115,2026-05-22 20:36:02,trade,exact,Matched,196.0,4.68
115,2026-05-22 20:36:02,trade,exact,Matched,195.0,4.74
115,2026-05-22 20:36:02,trade,exact,Matched,194.0,1.85
115,2026-05-22 20:36:02,trade,exact,Matched,193.0,2.75
115,2026-05-22 20:36:02,trade,exact,Matched,192.0,5.0
115,2026-05-22 20:36:02,position,api_position_matched,Matched,205.0,17.96
115,2026-05-22 20:36:02,position,api_position_matched,Matched,206.0,3.02
115,2026-05-22 20:36:02,position,api_position_matched,Matched,204.0,6.1
115,2026-05-22 20:36:02,position,api_position_matched,Matched,210.0,0.0
115,2026-05-22 20:36:02,position,api_position_matched,Matched,208.0,5.9
115,2026-05-22 20:36:02,position,api_position_matched,Matched,211.0,4.45
115,2026-05-22 20:36:02,position,api_position_matched,Matched,197.0,0.0
115,2026-05-22 20:36:02,position,api_position_matched,Matched,200.0,5.62
115,2026-05-22 20:36:02,position,api_position_matched,Matched,196.0,5.26
115,2026-05-22 20:36:02,position,api_position_matched,Matched,201.0,5.06
116,2026-05-22 20:46:03,trade,exact,Matched,212.0,5.26
116,2026-05-22 20:46:03,trade,exact,Matched,211.0,5.11
116,2026-05-22 20:46:03,trade,exact,Matched,210.0,5.07
116,2026-05-22 20:46:03,trade,exact,Matched,209.0,2.5
116,2026-05-22 20:46:03,trade,exact,Matched,208.0,2.57
116,2026-05-22 20:46:03,trade,exact,Matched,207.0,5.25
116,2026-05-22 20:46:03,trade,exact,Matched,206.0,5.26
116,2026-05-22 20:46:03,trade,exact,Matched,205.0,1.96
116,2026-05-22 20:46:03,trade,exact,Matched,204.0,4.41
116,2026-05-22 20:46:03,trade,exact,Matched,203.0,1.73
116,2026-05-22 20:46:03,trade,exact,Matched,202.0,1.8
116,2026-05-22 20:46:03,trade,exact,Matched,201.0,4.5
116,2026-05-22 20:46:03,trade,exact,Matched,200.0,4.5
116,2026-05-22 20:46:03,trade,exact,Matched,199.0,4.5
116,2026-05-22 20:46:03,trade,exact,Matched,198.0,4.73
116,2026-05-22 20:46:03,trade,exact,Matched,197.0,4.74
116,2026-05-22 20:46:03,trade,exact,Matched,196.0,4.68
116,2026-05-22 20:46:03,trade,exact,Matched,195.0,4.74
116,2026-05-22 20:46:03,trade,exact,Matched,194.0,1.85
116,2026-05-22 20:46:03,trade,exact,Matched,193.0,2.75
116,2026-05-22 20:46:03,trade,exact,Matched,192.0,5.0
116,2026-05-22 20:46:03,position,api_position_matched,Matched,205.0,21.88
116,2026-05-22 20:46:03,position,api_position_matched,Matched,206.0,1.85
116,2026-05-22 20:46:03,position,api_position_matched,Matched,204.0,6.1
116,2026-05-22 20:46:03,position,api_position_matched,Matched,210.0,0.0
116,2026-05-22 20:46:03,position,api_position_matched,Matched,208.0,5.9
116,2026-05-22 20:46:03,position,api_position_matched,Matched,211.0,4.13
116,2026-05-22 20:46:03,position,api_position_matched,Matched,197.0,0.0
116,2026-05-22 20:46:03,position,api_position_matched,Matched,200.0,5.62
116,2026-05-22 20:46:03,position,api_position_matched,Matched,196.0,5.26
116,2026-05-22 20:46:03,position,api_position_matched,Matched,201.0,5.06
117,2026-05-22 20:56:02,trade,exact,Matched,212.0,5.26
117,2026-05-22 20:56:02,trade,exact,Matched,211.0,5.11
117,2026-05-22 20:56:02,trade,exact,Matched,210.0,5.07
117,2026-05-22 20:56:02,trade,exact,Matched,209.0,2.5
117,2026-05-22 20:56:02,trade,exact,Matched,208.0,2.57
117,2026-05-22 20:56:02,trade,exact,Matched,207.0,5.25
117,2026-05-22 20:56:02,trade,exact,Matched,206.0,5.26
117,2026-05-22 20:56:02,trade,exact,Matched,205.0,1.96
117,2026-05-22 20:56:02,trade,exact,Matched,204.0,4.41
117,2026-05-22 20:56:02,trade,exact,Matched,203.0,1.73
117,2026-05-22 20:56:02,trade,exact,Matched,202.0,1.8
117,2026-05-22 20:56:02,trade,exact,Matched,201.0,4.5
117,2026-05-22 20:56:02,trade,exact,Matched,200.0,4.5
117,2026-05-22 20:56:02,trade,exact,Matched,199.0,4.5
117,2026-05-22 20:56:02,trade,exact,Matched,198.0,4.73
117,2026-05-22 20:56:02,trade,exact,Matched,197.0,4.74
117,2026-05-22 20:56:02,trade,exact,Matched,196.0,4.68
117,2026-05-22 20:56:02,trade,exact,Matched,195.0,4.74
117,2026-05-22 20:56:02,trade,exact,Matched,194.0,1.85
117,2026-05-22 20:56:02,trade,exact,Matched,193.0,2.75
117,2026-05-22 20:56:02,trade,exact,Matched,192.0,5.0
117,2026-05-22 20:56:02,position,api_position_matched,Matched,205.0,21.88
117,2026-05-22 20:56:02,position,api_position_matched,Matched,206.0,1.85
117,2026-05-22 20:56:02,position,api_position_matched,Matched,204.0,6.1
117,2026-05-22 20:56:02,position,api_position_matched,Matched,210.0,0.0
117,2026-05-22 20:56:02,position,api_position_matched,Matched,208.0,5.93
117,2026-05-22 20:56:02,position,api_position_matched,Matched,211.0,4.13
117,2026-05-22 20:56:02,position,api_position_matched,Matched,197.0,0.0
117,2026-05-22 20:56:02,position,api_position_matched,Matched,200.0,5.62
117,2026-05-22 20:56:02,position,api_position_matched,Matched,196.0,5.26
117,2026-05-22 20:56:02,position,api_position_matched,Matched,201.0,5.06
118,2026-05-22 21:06:02,trade,exact,Matched,212.0,5.26
118,2026-05-22 21:06:02,trade,exact,Matched,211.0,5.11
118,2026-05-22 21:06:02,trade,exact,Matched,210.0,5.07
118,2026-05-22 21:06:02,trade,exact,Matched,209.0,2.5
118,2026-05-22 21:06:02,trade,exact,Matched,208.0,2.57
118,2026-05-22 21:06:02,trade,exact,Matched,207.0,5.25
118,2026-05-22 21:06:02,trade,exact,Matched,206.0,5.26
118,2026-05-22 21:06:02,trade,exact,Matched,205.0,1.96
118,2026-05-22 21:06:02,trade,exact,Matched,204.0,4.41
118,2026-05-22 21:06:02,trade,exact,Matched,203.0,1.73
118,2026-05-22 21:06:02,trade,exact,Matched,202.0,1.8
118,2026-05-22 21:06:02,trade,exact,Matched,201.0,4.5
118,2026-05-22 21:06:02,trade,exact,Matched,200.0,4.5
118,2026-05-22 21:06:02,trade,exact,Matched,199.0,4.5
118,2026-05-22 21:06:02,trade,exact,Matched,198.0,4.73
118,2026-05-22 21:06:02,trade,exact,Matched,197.0,4.74
118,2026-05-22 21:06:02,trade,exact,Matched,196.0,4.68
118,2026-05-22 21:06:02,trade,exact,Matched,195.0,4.74
118,2026-05-22 21:06:02,trade,exact,Matched,194.0,1.85
118,2026-05-22 21:06:02,trade,exact,Matched,193.0,2.75
118,2026-05-22 21:06:02,trade,exact,Matched,192.0,5.0
118,2026-05-22 21:06:02,position,api_position_matched,Matched,205.0,72.52
118,2026-05-22 21:06:02,position,api_position_matched,Matched,206.0,0.97
118,2026-05-22 21:06:02,position,api_position_matched,Matched,204.0,6.1
118,2026-05-22 21:06:02,position,api_position_matched,Matched,210.0,0.0
118,2026-05-22 21:06:02,position,api_position_matched,Matched,208.0,5.93
118,2026-05-22 21:06:02,position,api_position_matched,Matched,211.0,0.0
118,2026-05-22 21:06:02,position,api_position_matched,Matched,197.0,0.0
118,2026-05-22 21:06:02,position,api_position_matched,Matched,200.0,5.62
118,2026-05-22 21:06:02,position,api_position_matched,Matched,196.0,5.26
118,2026-05-22 21:06:02,position,api_position_matched,Matched,201.0,5.06
119,2026-05-22 21:16:03,trade,exact,Matched,212.0,5.26
119,2026-05-22 21:16:03,trade,exact,Matched,211.0,5.11
119,2026-05-22 21:16:03,trade,exact,Matched,210.0,5.07
119,2026-05-22 21:16:03,trade,exact,Matched,209.0,2.5
119,2026-05-22 21:16:03,trade,exact,Matched,208.0,2.57
119,2026-05-22 21:16:03,trade,exact,Matched,207.0,5.25
119,2026-05-22 21:16:03,trade,exact,Matched,206.0,5.26
119,2026-05-22 21:16:03,trade,exact,Matched,205.0,1.96
119,2026-05-22 21:16:03,trade,exact,Matched,204.0,4.41
119,2026-05-22 21:16:03,trade,exact,Matched,203.0,1.73
119,2026-05-22 21:16:03,trade,exact,Matched,202.0,1.8
119,2026-05-22 21:16:03,trade,exact,Matched,201.0,4.5
119,2026-05-22 21:16:03,trade,exact,Matched,200.0,4.5
119,2026-05-22 21:16:03,trade,exact,Matched,199.0,4.5
119,2026-05-22 21:16:03,trade,exact,Matched,198.0,4.73
119,2026-05-22 21:16:03,trade,exact,Matched,197.0,4.74
119,2026-05-22 21:16:03,trade,exact,Matched,196.0,4.68
119,2026-05-22 21:16:03,trade,exact,Matched,195.0,4.74
119,2026-05-22 21:16:03,trade,exact,Matched,194.0,1.85
119,2026-05-22 21:16:03,trade,exact,Matched,193.0,2.75
119,2026-05-22 21:16:03,trade,exact,Matched,192.0,5.0
119,2026-05-22 21:16:03,position,api_position_matched,Matched,205.0,72.52
119,2026-05-22 21:16:03,position,api_position_matched,Matched,206.0,0.75
119,2026-05-22 21:16:03,position,api_position_matched,Matched,204.0,6.11
119,2026-05-22 21:16:03,position,api_position_matched,Matched,210.0,0.0
119,2026-05-22 21:16:03,position,api_position_matched,Matched,208.0,5.93
119,2026-05-22 21:16:03,position,api_position_matched,Matched,211.0,0.0
119,2026-05-22 21:16:03,position,api_position_matched,Matched,197.0,0.0
119,2026-05-22 21:16:03,position,api_position_matched,Matched,200.0,5.62
119,2026-05-22 21:16:03,position,api_position_matched,Matched,196.0,5.26
119,2026-05-22 21:16:03,position,api_position_matched,Matched,201.0,5.06
120,2026-05-22 21:26:02,trade,exact,Matched,212.0,5.26
120,2026-05-22 21:26:02,trade,exact,Matched,211.0,5.11
120,2026-05-22 21:26:02,trade,exact,Matched,210.0,5.07
120,2026-05-22 21:26:02,trade,exact,Matched,209.0,2.5
120,2026-05-22 21:26:02,trade,exact,Matched,208.0,2.57
120,2026-05-22 21:26:02,trade,exact,Matched,207.0,5.25
120,2026-05-22 21:26:02,trade,exact,Matched,206.0,5.26
120,2026-05-22 21:26:02,trade,exact,Matched,205.0,1.96
120,2026-05-22 21:26:02,trade,exact,Matched,204.0,4.41
120,2026-05-22 21:26:02,trade,exact,Matched,203.0,1.73
120,2026-05-22 21:26:02,trade,exact,Matched,202.0,1.8
120,2026-05-22 21:26:02,trade,exact,Matched,201.0,4.5
120,2026-05-22 21:26:02,trade,exact,Matched,200.0,4.5
120,2026-05-22 21:26:02,trade,exact,Matched,199.0,4.5
120,2026-05-22 21:26:02,trade,exact,Matched,198.0,4.73
120,2026-05-22 21:26:02,trade,exact,Matched,197.0,4.74
120,2026-05-22 21:26:02,trade,exact,Matched,196.0,4.68
120,2026-05-22 21:26:02,trade,exact,Matched,195.0,4.74
120,2026-05-22 21:26:02,trade,exact,Matched,194.0,1.85
120,2026-05-22 21:26:02,trade,exact,Matched,193.0,2.75
120,2026-05-22 21:26:02,trade,exact,Matched,192.0,5.0
120,2026-05-22 21:26:02,position,api_position_matched,Matched,205.0,72.52
120,2026-05-22 21:26:02,position,api_position_matched,Matched,206.0,1.01
120,2026-05-22 21:26:02,position,api_position_matched,Matched,204.0,6.11
120,2026-05-22 21:26:02,position,api_position_matched,Matched,210.0,0.0
120,2026-05-22 21:26:02,position,api_position_matched,Matched,208.0,5.93
120,2026-05-22 21:26:02,position,api_position_matched,Matched,211.0,0.0
120,2026-05-22 21:26:02,position,api_position_matched,Matched,197.0,0.0
120,2026-05-22 21:26:02,position,api_position_matched,Matched,200.0,5.62
120,2026-05-22 21:26:02,position,api_position_matched,Matched,196.0,5.26
120,2026-05-22 21:26:02,position,api_position_matched,Matched,201.0,5.06
121,2026-05-22 21:36:03,trade,exact,Matched,212.0,5.26
121,2026-05-22 21:36:03,trade,exact,Matched,211.0,5.11
121,2026-05-22 21:36:03,trade,exact,Matched,210.0,5.07
121,2026-05-22 21:36:03,trade,exact,Matched,209.0,2.5
121,2026-05-22 21:36:03,trade,exact,Matched,208.0,2.57
121,2026-05-22 21:36:03,trade,exact,Matched,207.0,5.25
121,2026-05-22 21:36:03,trade,exact,Matched,206.0,5.26
121,2026-05-22 21:36:03,trade,exact,Matched,205.0,1.96
121,2026-05-22 21:36:03,trade,exact,Matched,204.0,4.41
121,2026-05-22 21:36:03,trade,exact,Matched,203.0,1.73
121,2026-05-22 21:36:03,trade,exact,Matched,202.0,1.8
121,2026-05-22 21:36:03,trade,exact,Matched,201.0,4.5
121,2026-05-22 21:36:03,trade,exact,Matched,200.0,4.5
121,2026-05-22 21:36:03,trade,exact,Matched,199.0,4.5
121,2026-05-22 21:36:03,trade,exact,Matched,198.0,4.73
121,2026-05-22 21:36:03,trade,exact,Matched,197.0,4.74
121,2026-05-22 21:36:03,trade,exact,Matched,196.0,4.68
121,2026-05-22 21:36:03,trade,exact,Matched,195.0,4.74
121,2026-05-22 21:36:03,trade,exact,Matched,194.0,1.85
121,2026-05-22 21:36:03,trade,exact,Matched,193.0,2.75
121,2026-05-22 21:36:03,trade,exact,Matched,192.0,5.0
121,2026-05-22 21:36:03,position,api_position_matched,Matched,205.0,72.52
121,2026-05-22 21:36:03,position,api_position_matched,Matched,206.0,0.36
121,2026-05-22 21:36:03,position,api_position_matched,Matched,204.0,6.12
121,2026-05-22 21:36:03,position,api_position_matched,Matched,210.0,0.0
121,2026-05-22 21:36:03,position,api_position_matched,Matched,208.0,5.93
121,2026-05-22 21:36:03,position,api_position_matched,Matched,211.0,0.0
121,2026-05-22 21:36:03,position,api_position_matched,Matched,197.0,0.0
121,2026-05-22 21:36:03,position,api_position_matched,Matched,200.0,5.62
121,2026-05-22 21:36:03,position,api_position_matched,Matched,196.0,5.26
121,2026-05-22 21:36:03,position,api_position_matched,Matched,201.0,5.06
122,2026-05-22 21:46:02,trade,exact,Matched,212.0,5.26
122,2026-05-22 21:46:02,trade,exact,Matched,211.0,5.11
122,2026-05-22 21:46:02,trade,exact,Matched,210.0,5.07
122,2026-05-22 21:46:02,trade,exact,Matched,209.0,2.5
122,2026-05-22 21:46:02,trade,exact,Matched,208.0,2.57
122,2026-05-22 21:46:02,trade,exact,Matched,207.0,5.25
122,2026-05-22 21:46:02,trade,exact,Matched,206.0,5.26
122,2026-05-22 21:46:02,trade,exact,Matched,205.0,1.96
122,2026-05-22 21:46:02,trade,exact,Matched,204.0,4.41
122,2026-05-22 21:46:02,trade,exact,Matched,203.0,1.73
122,2026-05-22 21:46:02,trade,exact,Matched,202.0,1.8
122,2026-05-22 21:46:02,trade,exact,Matched,201.0,4.5
122,2026-05-22 21:46:02,trade,exact,Matched,200.0,4.5
122,2026-05-22 21:46:02,trade,exact,Matched,199.0,4.5
122,2026-05-22 21:46:02,trade,exact,Matched,198.0,4.73
122,2026-05-22 21:46:02,trade,exact,Matched,197.0,4.74
122,2026-05-22 21:46:02,trade,exact,Matched,196.0,4.68
122,2026-05-22 21:46:02,trade,exact,Matched,195.0,4.74
122,2026-05-22 21:46:02,trade,exact,Matched,194.0,1.85
122,2026-05-22 21:46:02,trade,exact,Matched,193.0,2.75
122,2026-05-22 21:46:02,trade,exact,Matched,192.0,5.0
122,2026-05-22 21:46:02,position,api_position_matched,Matched,205.0,72.52
122,2026-05-22 21:46:02,position,api_position_matched,Matched,206.0,0.62
122,2026-05-22 21:46:02,position,api_position_matched,Matched,204.0,6.12
122,2026-05-22 21:46:02,position,api_position_matched,Matched,210.0,0.0
122,2026-05-22 21:46:02,position,api_position_matched,Matched,208.0,5.93
122,2026-05-22 21:46:02,position,api_position_matched,Matched,211.0,0.0
122,2026-05-22 21:46:02,position,api_position_matched,Matched,197.0,0.0
122,2026-05-22 21:46:02,position,api_position_matched,Matched,200.0,5.62
122,2026-05-22 21:46:02,position,api_position_matched,Matched,196.0,5.26
122,2026-05-22 21:46:02,position,api_position_matched,Matched,201.0,5.06
123,2026-05-22 21:56:03,trade,exact,Matched,212.0,5.26
123,2026-05-22 21:56:03,trade,exact,Matched,211.0,5.11
123,2026-05-22 21:56:03,trade,exact,Matched,210.0,5.07
123,2026-05-22 21:56:03,trade,exact,Matched,209.0,2.5
123,2026-05-22 21:56:03,trade,exact,Matched,208.0,2.57
123,2026-05-22 21:56:03,trade,exact,Matched,207.0,5.25
123,2026-05-22 21:56:03,trade,exact,Matched,206.0,5.26
123,2026-05-22 21:56:03,trade,exact,Matched,205.0,1.96
123,2026-05-22 21:56:03,trade,exact,Matched,204.0,4.41
123,2026-05-22 21:56:03,trade,exact,Matched,203.0,1.73
123,2026-05-22 21:56:03,trade,exact,Matched,202.0,1.8
123,2026-05-22 21:56:03,trade,exact,Matched,201.0,4.5
123,2026-05-22 21:56:03,trade,exact,Matched,200.0,4.5
123,2026-05-22 21:56:03,trade,exact,Matched,199.0,4.5
123,2026-05-22 21:56:03,trade,exact,Matched,198.0,4.73
123,2026-05-22 21:56:03,trade,exact,Matched,197.0,4.74
123,2026-05-22 21:56:03,trade,exact,Matched,196.0,4.68
123,2026-05-22 21:56:03,trade,exact,Matched,195.0,4.74
123,2026-05-22 21:56:03,trade,exact,Matched,194.0,1.85
123,2026-05-22 21:56:03,trade,exact,Matched,193.0,2.75
123,2026-05-22 21:56:03,trade,exact,Matched,192.0,5.0
123,2026-05-22 21:56:03,position,api_position_matched,Matched,205.0,72.52
123,2026-05-22 21:56:03,position,api_position_matched,Matched,206.0,0.52
123,2026-05-22 21:56:03,position,api_position_matched,Matched,204.0,6.12
123,2026-05-22 21:56:03,position,api_position_matched,Matched,210.0,0.0
123,2026-05-22 21:56:03,position,api_position_matched,Matched,208.0,5.93
123,2026-05-22 21:56:03,position,api_position_matched,Matched,211.0,0.0
123,2026-05-22 21:56:03,position,api_position_matched,Matched,197.0,0.0
123,2026-05-22 21:56:03,position,api_position_matched,Matched,200.0,5.62
123,2026-05-22 21:56:03,position,api_position_matched,Matched,196.0,5.26
123,2026-05-22 21:56:03,position,api_position_matched,Matched,201.0,5.06
124,2026-05-22 22:06:03,trade,exact,Matched,212.0,5.26
124,2026-05-22 22:06:03,trade,exact,Matched,211.0,5.11
124,2026-05-22 22:06:03,trade,exact,Matched,210.0,5.07
124,2026-05-22 22:06:03,trade,exact,Matched,209.0,2.5
124,2026-05-22 22:06:03,trade,exact,Matched,208.0,2.57
124,2026-05-22 22:06:03,trade,exact,Matched,207.0,5.25
124,2026-05-22 22:06:03,trade,exact,Matched,206.0,5.26
124,2026-05-22 22:06:03,trade,exact,Matched,205.0,1.96
124,2026-05-22 22:06:03,trade,exact,Matched,204.0,4.41
124,2026-05-22 22:06:03,trade,exact,Matched,203.0,1.73
124,2026-05-22 22:06:03,trade,exact,Matched,202.0,1.8
124,2026-05-22 22:06:03,trade,exact,Matched,201.0,4.5
124,2026-05-22 22:06:03,trade,exact,Matched,200.0,4.5
124,2026-05-22 22:06:03,trade,exact,Matched,199.0,4.5
124,2026-05-22 22:06:03,trade,exact,Matched,198.0,4.73
124,2026-05-22 22:06:03,trade,exact,Matched,197.0,4.74
124,2026-05-22 22:06:03,trade,exact,Matched,196.0,4.68
124,2026-05-22 22:06:03,trade,exact,Matched,195.0,4.74
124,2026-05-22 22:06:03,trade,exact,Matched,194.0,1.85
124,2026-05-22 22:06:03,trade,exact,Matched,193.0,2.75
124,2026-05-22 22:06:03,trade,exact,Matched,192.0,5.0
124,2026-05-22 22:06:03,position,api_position_matched,Matched,205.0,72.52
124,2026-05-22 22:06:03,position,api_position_matched,Matched,206.0,0.26
124,2026-05-22 22:06:03,position,api_position_matched,Matched,204.0,6.12
124,2026-05-22 22:06:03,position,api_position_matched,Matched,210.0,0.0
124,2026-05-22 22:06:03,position,api_position_matched,Matched,208.0,5.93
124,2026-05-22 22:06:03,position,api_position_matched,Matched,211.0,0.0
124,2026-05-22 22:06:03,position,api_position_matched,Matched,197.0,0.0
124,2026-05-22 22:06:03,position,api_position_matched,Matched,200.0,5.62
124,2026-05-22 22:06:03,position,api_position_matched,Matched,196.0,5.26
124,2026-05-22 22:06:03,position,api_position_matched,Matched,201.0,5.06
125,2026-05-22 22:16:03,trade,exact,Matched,212.0,5.26
125,2026-05-22 22:16:03,trade,exact,Matched,211.0,5.11
125,2026-05-22 22:16:03,trade,exact,Matched,210.0,5.07
125,2026-05-22 22:16:03,trade,exact,Matched,209.0,2.5
125,2026-05-22 22:16:03,trade,exact,Matched,208.0,2.57
125,2026-05-22 22:16:03,trade,exact,Matched,207.0,5.25
125,2026-05-22 22:16:03,trade,exact,Matched,206.0,5.26
125,2026-05-22 22:16:03,trade,exact,Matched,205.0,1.96
125,2026-05-22 22:16:03,trade,exact,Matched,204.0,4.41
125,2026-05-22 22:16:03,trade,exact,Matched,203.0,1.73
125,2026-05-22 22:16:03,trade,exact,Matched,202.0,1.8
125,2026-05-22 22:16:03,trade,exact,Matched,201.0,4.5
125,2026-05-22 22:16:03,trade,exact,Matched,200.0,4.5
125,2026-05-22 22:16:03,trade,exact,Matched,199.0,4.5
125,2026-05-22 22:16:03,trade,exact,Matched,198.0,4.73
125,2026-05-22 22:16:03,trade,exact,Matched,197.0,4.74
125,2026-05-22 22:16:03,trade,exact,Matched,196.0,4.68
125,2026-05-22 22:16:03,trade,exact,Matched,195.0,4.74
125,2026-05-22 22:16:03,trade,exact,Matched,194.0,1.85
125,2026-05-22 22:16:03,trade,exact,Matched,193.0,2.75
125,2026-05-22 22:16:03,trade,exact,Matched,192.0,5.0
125,2026-05-22 22:16:03,position,api_position_matched,Matched,205.0,72.52
125,2026-05-22 22:16:03,position,api_position_matched,Matched,206.0,0.26
125,2026-05-22 22:16:03,position,api_position_matched,Matched,204.0,6.12
125,2026-05-22 22:16:03,position,api_position_matched,Matched,210.0,0.0
125,2026-05-22 22:16:03,position,api_position_matched,Matched,208.0,5.93
125,2026-05-22 22:16:03,position,api_position_matched,Matched,211.0,0.0
125,2026-05-22 22:16:03,position,api_position_matched,Matched,197.0,0.0
125,2026-05-22 22:16:03,position,api_position_matched,Matched,200.0,5.62
125,2026-05-22 22:16:03,position,api_position_matched,Matched,196.0,5.26
125,2026-05-22 22:16:03,position,api_position_matched,Matched,201.0,5.06
126,2026-05-22 22:22:18,trade,exact,Matched,212.0,5.26
126,2026-05-22 22:22:18,trade,exact,Matched,211.0,5.11
126,2026-05-22 22:22:18,trade,exact,Matched,210.0,5.07
126,2026-05-22 22:22:18,trade,exact,Matched,209.0,2.5
126,2026-05-22 22:22:18,trade,exact,Matched,208.0,2.57
126,2026-05-22 22:22:18,trade,exact,Matched,207.0,5.25
126,2026-05-22 22:22:18,trade,exact,Matched,206.0,5.26
126,2026-05-22 22:22:18,trade,exact,Matched,205.0,1.96
126,2026-05-22 22:22:18,trade,exact,Matched,204.0,4.41
126,2026-05-22 22:22:18,trade,exact,Matched,203.0,1.73
126,2026-05-22 22:22:18,trade,exact,Matched,202.0,1.8
126,2026-05-22 22:22:18,trade,exact,Matched,201.0,4.5
126,2026-05-22 22:22:18,trade,exact,Matched,200.0,4.5
126,2026-05-22 22:22:18,trade,exact,Matched,199.0,4.5
126,2026-05-22 22:22:18,trade,exact,Matched,198.0,4.73
126,2026-05-22 22:22:18,trade,exact,Matched,197.0,4.74
126,2026-05-22 22:22:18,trade,exact,Matched,196.0,4.68
126,2026-05-22 22:22:18,trade,exact,Matched,195.0,4.74
126,2026-05-22 22:22:18,trade,exact,Matched,194.0,1.85
126,2026-05-22 22:22:18,trade,exact,Matched,193.0,2.75
126,2026-05-22 22:22:18,trade,exact,Matched,192.0,5.0
126,2026-05-22 22:22:18,position,api_position_matched,Matched,205.0,72.52
126,2026-05-22 22:22:18,position,api_position_matched,Matched,206.0,0.03
126,2026-05-22 22:22:18,position,api_position_matched,Matched,204.0,6.12
126,2026-05-22 22:22:18,position,api_position_matched,Matched,210.0,0.0
126,2026-05-22 22:22:18,position,api_position_matched,Matched,208.0,5.93
126,2026-05-22 22:22:18,position,api_position_matched,Matched,211.0,0.0
126,2026-05-22 22:22:18,position,api_position_matched,Matched,197.0,0.0
126,2026-05-22 22:22:18,position,api_position_matched,Matched,200.0,5.62
126,2026-05-22 22:22:18,position,api_position_matched,Matched,196.0,5.26
126,2026-05-22 22:22:18,position,api_position_matched,Matched,201.0,5.06
127,2026-05-22 22:22:19,trade,exact,Matched,212.0,5.26
127,2026-05-22 22:22:19,trade,exact,Matched,211.0,5.11
127,2026-05-22 22:22:19,trade,exact,Matched,210.0,5.07
127,2026-05-22 22:22:19,trade,exact,Matched,209.0,2.5
127,2026-05-22 22:22:19,trade,exact,Matched,208.0,2.57
127,2026-05-22 22:22:19,trade,exact,Matched,207.0,5.25
127,2026-05-22 22:22:19,trade,exact,Matched,206.0,5.26
127,2026-05-22 22:22:19,trade,exact,Matched,205.0,1.96
127,2026-05-22 22:22:19,trade,exact,Matched,204.0,4.41
127,2026-05-22 22:22:19,trade,exact,Matched,203.0,1.73
127,2026-05-22 22:22:19,trade,exact,Matched,202.0,1.8
127,2026-05-22 22:22:19,trade,exact,Matched,201.0,4.5
127,2026-05-22 22:22:19,trade,exact,Matched,200.0,4.5
127,2026-05-22 22:22:19,trade,exact,Matched,199.0,4.5
127,2026-05-22 22:22:19,trade,exact,Matched,198.0,4.73
127,2026-05-22 22:22:19,trade,exact,Matched,197.0,4.74
127,2026-05-22 22:22:19,trade,exact,Matched,196.0,4.68
127,2026-05-22 22:22:19,trade,exact,Matched,195.0,4.74
127,2026-05-22 22:22:19,trade,exact,Matched,194.0,1.85
127,2026-05-22 22:22:19,trade,exact,Matched,193.0,2.75
127,2026-05-22 22:22:19,trade,exact,Matched,192.0,5.0
127,2026-05-22 22:22:19,position,api_position_matched,Matched,205.0,72.52
127,2026-05-22 22:22:19,position,api_position_matched,Matched,206.0,0.03
127,2026-05-22 22:22:19,position,api_position_matched,Matched,204.0,6.12
127,2026-05-22 22:22:19,position,api_position_matched,Matched,210.0,0.0
127,2026-05-22 22:22:19,position,api_position_matched,Matched,208.0,5.93
127,2026-05-22 22:22:19,position,api_position_matched,Matched,211.0,0.0
127,2026-05-22 22:22:19,position,api_position_matched,Matched,197.0,0.0
127,2026-05-22 22:22:19,position,api_position_matched,Matched,200.0,5.62
127,2026-05-22 22:22:19,position,api_position_matched,Matched,196.0,5.26
127,2026-05-22 22:22:19,position,api_position_matched,Matched,201.0,5.06
128,2026-05-22 22:28:52,trade,exact,Matched,212.0,5.26
128,2026-05-22 22:28:52,trade,exact,Matched,211.0,5.11
128,2026-05-22 22:28:52,trade,exact,Matched,210.0,5.07
128,2026-05-22 22:28:52,trade,exact,Matched,209.0,2.5
128,2026-05-22 22:28:52,trade,exact,Matched,208.0,2.57
128,2026-05-22 22:28:52,trade,exact,Matched,207.0,5.25
128,2026-05-22 22:28:52,trade,exact,Matched,206.0,5.26
128,2026-05-22 22:28:52,trade,exact,Matched,205.0,1.96
128,2026-05-22 22:28:52,trade,exact,Matched,204.0,4.41
128,2026-05-22 22:28:52,trade,exact,Matched,203.0,1.73
128,2026-05-22 22:28:52,trade,exact,Matched,202.0,1.8
128,2026-05-22 22:28:52,trade,exact,Matched,201.0,4.5
128,2026-05-22 22:28:52,trade,exact,Matched,200.0,4.5
128,2026-05-22 22:28:52,trade,exact,Matched,199.0,4.5
128,2026-05-22 22:28:52,trade,exact,Matched,198.0,4.73
128,2026-05-22 22:28:52,trade,exact,Matched,197.0,4.74
128,2026-05-22 22:28:52,trade,exact,Matched,196.0,4.68
128,2026-05-22 22:28:52,trade,exact,Matched,195.0,4.74
128,2026-05-22 22:28:52,trade,exact,Matched,194.0,1.85
128,2026-05-22 22:28:52,trade,exact,Matched,193.0,2.75
128,2026-05-22 22:28:52,trade,exact,Matched,192.0,5.0
128,2026-05-22 22:28:52,position,api_position_matched,Matched,205.0,72.52
128,2026-05-22 22:28:52,position,api_position_matched,Matched,206.0,0.16
128,2026-05-22 22:28:52,position,api_position_matched,Matched,204.0,6.12
128,2026-05-22 22:28:52,position,api_position_matched,Matched,210.0,0.0
128,2026-05-22 22:28:52,position,api_position_matched,Matched,208.0,5.93
128,2026-05-22 22:28:52,position,api_position_matched,Matched,211.0,0.0
128,2026-05-22 22:28:52,position,api_position_matched,Matched,197.0,0.0
128,2026-05-22 22:28:52,position,api_position_matched,Matched,200.0,5.62
128,2026-05-22 22:28:52,position,api_position_matched,Matched,196.0,5.26
128,2026-05-22 22:28:52,position,api_position_matched,Matched,201.0,5.06
129,2026-05-22 22:28:53,trade,exact,Matched,212.0,5.26
129,2026-05-22 22:28:53,trade,exact,Matched,211.0,5.11
129,2026-05-22 22:28:53,trade,exact,Matched,210.0,5.07
129,2026-05-22 22:28:53,trade,exact,Matched,209.0,2.5
129,2026-05-22 22:28:53,trade,exact,Matched,208.0,2.57
129,2026-05-22 22:28:53,trade,exact,Matched,207.0,5.25
129,2026-05-22 22:28:53,trade,exact,Matched,206.0,5.26
129,2026-05-22 22:28:53,trade,exact,Matched,205.0,1.96
129,2026-05-22 22:28:53,trade,exact,Matched,204.0,4.41
129,2026-05-22 22:28:53,trade,exact,Matched,203.0,1.73
129,2026-05-22 22:28:53,trade,exact,Matched,202.0,1.8
129,2026-05-22 22:28:53,trade,exact,Matched,201.0,4.5
129,2026-05-22 22:28:53,trade,exact,Matched,200.0,4.5
129,2026-05-22 22:28:53,trade,exact,Matched,199.0,4.5
129,2026-05-22 22:28:53,trade,exact,Matched,198.0,4.73
129,2026-05-22 22:28:53,trade,exact,Matched,197.0,4.74
129,2026-05-22 22:28:53,trade,exact,Matched,196.0,4.68
129,2026-05-22 22:28:53,trade,exact,Matched,195.0,4.74
129,2026-05-22 22:28:53,trade,exact,Matched,194.0,1.85
129,2026-05-22 22:28:53,trade,exact,Matched,193.0,2.75
129,2026-05-22 22:28:53,trade,exact,Matched,192.0,5.0
129,2026-05-22 22:28:53,position,api_position_matched,Matched,205.0,72.52
129,2026-05-22 22:28:53,position,api_position_matched,Matched,206.0,0.16
129,2026-05-22 22:28:53,position,api_position_matched,Matched,204.0,6.12
129,2026-05-22 22:28:53,position,api_position_matched,Matched,210.0,0.0
129,2026-05-22 22:28:53,position,api_position_matched,Matched,208.0,5.93
129,2026-05-22 22:28:53,position,api_position_matched,Matched,211.0,0.0
129,2026-05-22 22:28:53,position,api_position_matched,Matched,197.0,0.0
129,2026-05-22 22:28:53,position,api_position_matched,Matched,200.0,5.62
129,2026-05-22 22:28:53,position,api_position_matched,Matched,196.0,5.26
129,2026-05-22 22:28:53,position,api_position_matched,Matched,201.0,5.06
130,2026-05-22 22:38:54,trade,exact,Matched,212.0,5.26
130,2026-05-22 22:38:54,trade,exact,Matched,211.0,5.11
130,2026-05-22 22:38:54,trade,exact,Matched,210.0,5.07
130,2026-05-22 22:38:54,trade,exact,Matched,209.0,2.5
130,2026-05-22 22:38:54,trade,exact,Matched,208.0,2.57
130,2026-05-22 22:38:54,trade,exact,Matched,207.0,5.25
130,2026-05-22 22:38:54,trade,exact,Matched,206.0,5.26
130,2026-05-22 22:38:54,trade,exact,Matched,205.0,1.96
130,2026-05-22 22:38:54,trade,exact,Matched,204.0,4.41
130,2026-05-22 22:38:54,trade,exact,Matched,203.0,1.73
130,2026-05-22 22:38:54,trade,exact,Matched,202.0,1.8
130,2026-05-22 22:38:54,trade,exact,Matched,201.0,4.5
130,2026-05-22 22:38:54,trade,exact,Matched,200.0,4.5
130,2026-05-22 22:38:54,trade,exact,Matched,199.0,4.5
130,2026-05-22 22:38:54,trade,exact,Matched,198.0,4.73
130,2026-05-22 22:38:54,trade,exact,Matched,197.0,4.74
130,2026-05-22 22:38:54,trade,exact,Matched,196.0,4.68
130,2026-05-22 22:38:54,trade,exact,Matched,195.0,4.74
130,2026-05-22 22:38:54,trade,exact,Matched,194.0,1.85
130,2026-05-22 22:38:54,trade,exact,Matched,193.0,2.75
130,2026-05-22 22:38:54,trade,exact,Matched,192.0,5.0
130,2026-05-22 22:38:54,position,api_position_matched,Matched,205.0,72.52
130,2026-05-22 22:38:54,position,api_position_matched,Matched,206.0,0.16
130,2026-05-22 22:38:54,position,api_position_matched,Matched,204.0,6.12
130,2026-05-22 22:38:54,position,api_position_matched,Matched,210.0,0.0
130,2026-05-22 22:38:54,position,api_position_matched,Matched,208.0,5.93
130,2026-05-22 22:38:54,position,api_position_matched,Matched,211.0,0.0
130,2026-05-22 22:38:54,position,api_position_matched,Matched,197.0,0.0
130,2026-05-22 22:38:54,position,api_position_matched,Matched,200.0,5.62
130,2026-05-22 22:38:54,position,api_position_matched,Matched,196.0,5.26
130,2026-05-22 22:38:54,position,api_position_matched,Matched,201.0,5.06
131,2026-05-22 22:44:21,trade,exact,Matched,212.0,5.26
131,2026-05-22 22:44:21,trade,exact,Matched,211.0,5.11
131,2026-05-22 22:44:21,trade,exact,Matched,210.0,5.07
131,2026-05-22 22:44:21,trade,exact,Matched,209.0,2.5
131,2026-05-22 22:44:21,trade,exact,Matched,208.0,2.57
131,2026-05-22 22:44:21,trade,exact,Matched,207.0,5.25
131,2026-05-22 22:44:21,trade,exact,Matched,206.0,5.26
131,2026-05-22 22:44:21,trade,exact,Matched,205.0,1.96
131,2026-05-22 22:44:21,trade,exact,Matched,204.0,4.41
131,2026-05-22 22:44:21,trade,exact,Matched,203.0,1.73
131,2026-05-22 22:44:21,trade,exact,Matched,202.0,1.8
131,2026-05-22 22:44:21,trade,exact,Matched,201.0,4.5
131,2026-05-22 22:44:21,trade,exact,Matched,200.0,4.5
131,2026-05-22 22:44:21,trade,exact,Matched,199.0,4.5
131,2026-05-22 22:44:21,trade,exact,Matched,198.0,4.73
131,2026-05-22 22:44:21,trade,exact,Matched,197.0,4.74
131,2026-05-22 22:44:21,trade,exact,Matched,196.0,4.68
131,2026-05-22 22:44:21,trade,exact,Matched,195.0,4.74
131,2026-05-22 22:44:21,trade,exact,Matched,194.0,1.85
131,2026-05-22 22:44:21,trade,exact,Matched,193.0,2.75
131,2026-05-22 22:44:21,trade,exact,Matched,192.0,5.0
131,2026-05-22 22:44:21,position,api_position_matched,Matched,205.0,72.52
131,2026-05-22 22:44:21,position,api_position_matched,Matched,206.0,0.15
131,2026-05-22 22:44:21,position,api_position_matched,Matched,204.0,6.12
131,2026-05-22 22:44:21,position,api_position_matched,Matched,210.0,0.0
131,2026-05-22 22:44:21,position,api_position_matched,Matched,208.0,5.93
131,2026-05-22 22:44:21,position,api_position_matched,Matched,211.0,0.0
131,2026-05-22 22:44:21,position,api_position_matched,Matched,197.0,0.0
131,2026-05-22 22:44:21,position,api_position_matched,Matched,200.0,5.62
131,2026-05-22 22:44:21,position,api_position_matched,Matched,196.0,5.26
131,2026-05-22 22:44:21,position,api_position_matched,Matched,201.0,5.06
132,2026-05-22 22:44:23,trade,exact,Matched,212.0,5.26
132,2026-05-22 22:44:23,trade,exact,Matched,211.0,5.11
132,2026-05-22 22:44:23,trade,exact,Matched,210.0,5.07
132,2026-05-22 22:44:23,trade,exact,Matched,209.0,2.5
132,2026-05-22 22:44:23,trade,exact,Matched,208.0,2.57
132,2026-05-22 22:44:23,trade,exact,Matched,207.0,5.25
132,2026-05-22 22:44:23,trade,exact,Matched,206.0,5.26
132,2026-05-22 22:44:23,trade,exact,Matched,205.0,1.96
132,2026-05-22 22:44:23,trade,exact,Matched,204.0,4.41
132,2026-05-22 22:44:23,trade,exact,Matched,203.0,1.73
132,2026-05-22 22:44:23,trade,exact,Matched,202.0,1.8
132,2026-05-22 22:44:23,trade,exact,Matched,201.0,4.5
132,2026-05-22 22:44:23,trade,exact,Matched,200.0,4.5
132,2026-05-22 22:44:23,trade,exact,Matched,199.0,4.5
132,2026-05-22 22:44:23,trade,exact,Matched,198.0,4.73
132,2026-05-22 22:44:23,trade,exact,Matched,197.0,4.74
132,2026-05-22 22:44:23,trade,exact,Matched,196.0,4.68
132,2026-05-22 22:44:23,trade,exact,Matched,195.0,4.74
132,2026-05-22 22:44:23,trade,exact,Matched,194.0,1.85
132,2026-05-22 22:44:23,trade,exact,Matched,193.0,2.75
132,2026-05-22 22:44:23,trade,exact,Matched,192.0,5.0
132,2026-05-22 22:44:23,position,api_position_matched,Matched,205.0,72.52
132,2026-05-22 22:44:23,position,api_position_matched,Matched,206.0,0.15
132,2026-05-22 22:44:23,position,api_position_matched,Matched,204.0,6.12
132,2026-05-22 22:44:23,position,api_position_matched,Matched,210.0,0.0
132,2026-05-22 22:44:23,position,api_position_matched,Matched,208.0,5.93
132,2026-05-22 22:44:23,position,api_position_matched,Matched,211.0,0.0
132,2026-05-22 22:44:23,position,api_position_matched,Matched,197.0,0.0
132,2026-05-22 22:44:23,position,api_position_matched,Matched,200.0,5.62
132,2026-05-22 22:44:23,position,api_position_matched,Matched,196.0,5.26
132,2026-05-22 22:44:23,position,api_position_matched,Matched,201.0,5.06
133,2026-05-22 22:54:23,trade,exact,Matched,212.0,5.26
133,2026-05-22 22:54:23,trade,exact,Matched,211.0,5.11
133,2026-05-22 22:54:23,trade,exact,Matched,210.0,5.07
133,2026-05-22 22:54:23,trade,exact,Matched,209.0,2.5
133,2026-05-22 22:54:23,trade,exact,Matched,208.0,2.57
133,2026-05-22 22:54:23,trade,exact,Matched,207.0,5.25
133,2026-05-22 22:54:23,trade,exact,Matched,206.0,5.26
133,2026-05-22 22:54:23,trade,exact,Matched,205.0,1.96
133,2026-05-22 22:54:23,trade,exact,Matched,204.0,4.41
133,2026-05-22 22:54:23,trade,exact,Matched,203.0,1.73
133,2026-05-22 22:54:23,trade,exact,Matched,202.0,1.8
133,2026-05-22 22:54:23,trade,exact,Matched,201.0,4.5
133,2026-05-22 22:54:23,trade,exact,Matched,200.0,4.5
133,2026-05-22 22:54:23,trade,exact,Matched,199.0,4.5
133,2026-05-22 22:54:23,trade,exact,Matched,198.0,4.73
133,2026-05-22 22:54:23,trade,exact,Matched,197.0,4.74
133,2026-05-22 22:54:23,trade,exact,Matched,196.0,4.68
133,2026-05-22 22:54:23,trade,exact,Matched,195.0,4.74
133,2026-05-22 22:54:23,trade,exact,Matched,194.0,1.85
133,2026-05-22 22:54:23,trade,exact,Matched,193.0,2.75
133,2026-05-22 22:54:23,trade,exact,Matched,192.0,5.0
133,2026-05-22 22:54:23,position,api_position_matched,Matched,205.0,72.52
133,2026-05-22 22:54:23,position,api_position_matched,Matched,206.0,0.07
133,2026-05-22 22:54:23,position,api_position_matched,Matched,204.0,6.12
133,2026-05-22 22:54:23,position,api_position_matched,Matched,210.0,0.0
133,2026-05-22 22:54:23,position,api_position_matched,Matched,208.0,5.93
133,2026-05-22 22:54:23,position,api_position_matched,Matched,211.0,0.0
133,2026-05-22 22:54:23,position,api_position_matched,Matched,197.0,0.0
133,2026-05-22 22:54:23,position,api_position_matched,Matched,200.0,5.62
133,2026-05-22 22:54:23,position,api_position_matched,Matched,196.0,5.26
133,2026-05-22 22:54:23,position,api_position_matched,Matched,201.0,5.06
134,2026-05-22 22:56:19,trade,exact,Matched,212.0,5.26
134,2026-05-22 22:56:19,trade,exact,Matched,211.0,5.11
134,2026-05-22 22:56:19,trade,exact,Matched,210.0,5.07
134,2026-05-22 22:56:19,trade,exact,Matched,209.0,2.5
134,2026-05-22 22:56:19,trade,exact,Matched,208.0,2.57
134,2026-05-22 22:56:19,trade,exact,Matched,207.0,5.25
134,2026-05-22 22:56:19,trade,exact,Matched,206.0,5.26
134,2026-05-22 22:56:19,trade,exact,Matched,205.0,1.96
134,2026-05-22 22:56:19,trade,exact,Matched,204.0,4.41
134,2026-05-22 22:56:19,trade,exact,Matched,203.0,1.73
134,2026-05-22 22:56:19,trade,exact,Matched,202.0,1.8
134,2026-05-22 22:56:19,trade,exact,Matched,201.0,4.5
134,2026-05-22 22:56:19,trade,exact,Matched,200.0,4.5
134,2026-05-22 22:56:19,trade,exact,Matched,199.0,4.5
134,2026-05-22 22:56:19,trade,exact,Matched,198.0,4.73
134,2026-05-22 22:56:19,trade,exact,Matched,197.0,4.74
134,2026-05-22 22:56:19,trade,exact,Matched,196.0,4.68
134,2026-05-22 22:56:19,trade,exact,Matched,195.0,4.74
134,2026-05-22 22:56:19,trade,exact,Matched,194.0,1.85
134,2026-05-22 22:56:19,trade,exact,Matched,193.0,2.75
134,2026-05-22 22:56:19,trade,exact,Matched,192.0,5.0
134,2026-05-22 22:56:19,position,api_position_matched,Matched,205.0,72.52
134,2026-05-22 22:56:19,position,api_position_matched,Matched,206.0,0.07
134,2026-05-22 22:56:19,position,api_position_matched,Matched,204.0,6.12
134,2026-05-22 22:56:19,position,api_position_matched,Matched,210.0,0.0
134,2026-05-22 22:56:19,position,api_position_matched,Matched,208.0,5.93
134,2026-05-22 22:56:19,position,api_position_matched,Matched,211.0,0.0
134,2026-05-22 22:56:19,position,api_position_matched,Matched,197.0,0.0
134,2026-05-22 22:56:19,position,api_position_matched,Matched,200.0,5.62
134,2026-05-22 22:56:19,position,api_position_matched,Matched,196.0,5.26
134,2026-05-22 22:56:19,position,api_position_matched,Matched,201.0,5.06
135,2026-05-22 22:56:20,trade,exact,Matched,212.0,5.26
135,2026-05-22 22:56:20,trade,exact,Matched,211.0,5.11
135,2026-05-22 22:56:20,trade,exact,Matched,210.0,5.07
135,2026-05-22 22:56:20,trade,exact,Matched,209.0,2.5
135,2026-05-22 22:56:20,trade,exact,Matched,208.0,2.57
135,2026-05-22 22:56:20,trade,exact,Matched,207.0,5.25
135,2026-05-22 22:56:20,trade,exact,Matched,206.0,5.26
135,2026-05-22 22:56:20,trade,exact,Matched,205.0,1.96
135,2026-05-22 22:56:20,trade,exact,Matched,204.0,4.41
135,2026-05-22 22:56:20,trade,exact,Matched,203.0,1.73
135,2026-05-22 22:56:20,trade,exact,Matched,202.0,1.8
135,2026-05-22 22:56:20,trade,exact,Matched,201.0,4.5
135,2026-05-22 22:56:20,trade,exact,Matched,200.0,4.5
135,2026-05-22 22:56:20,trade,exact,Matched,199.0,4.5
135,2026-05-22 22:56:20,trade,exact,Matched,198.0,4.73
135,2026-05-22 22:56:20,trade,exact,Matched,197.0,4.74
135,2026-05-22 22:56:20,trade,exact,Matched,196.0,4.68
135,2026-05-22 22:56:20,trade,exact,Matched,195.0,4.74
135,2026-05-22 22:56:20,trade,exact,Matched,194.0,1.85
135,2026-05-22 22:56:20,trade,exact,Matched,193.0,2.75
135,2026-05-22 22:56:20,trade,exact,Matched,192.0,5.0
135,2026-05-22 22:56:20,position,api_position_matched,Matched,205.0,72.52
135,2026-05-22 22:56:20,position,api_position_matched,Matched,206.0,0.07
135,2026-05-22 22:56:20,position,api_position_matched,Matched,204.0,6.12
135,2026-05-22 22:56:20,position,api_position_matched,Matched,210.0,0.0
135,2026-05-22 22:56:20,position,api_position_matched,Matched,208.0,5.93
135,2026-05-22 22:56:20,position,api_position_matched,Matched,211.0,0.0
135,2026-05-22 22:56:20,position,api_position_matched,Matched,197.0,0.0
135,2026-05-22 22:56:20,position,api_position_matched,Matched,200.0,5.62
135,2026-05-22 22:56:20,position,api_position_matched,Matched,196.0,5.26
135,2026-05-22 22:56:20,position,api_position_matched,Matched,201.0,5.06
136,2026-05-22 23:00:57,trade,exact,Matched,212.0,5.26
136,2026-05-22 23:00:57,trade,exact,Matched,211.0,5.11
136,2026-05-22 23:00:57,trade,exact,Matched,210.0,5.07
136,2026-05-22 23:00:57,trade,exact,Matched,209.0,2.5
136,2026-05-22 23:00:57,trade,exact,Matched,208.0,2.57
136,2026-05-22 23:00:57,trade,exact,Matched,207.0,5.25
136,2026-05-22 23:00:57,trade,exact,Matched,206.0,5.26
136,2026-05-22 23:00:57,trade,exact,Matched,205.0,1.96
136,2026-05-22 23:00:57,trade,exact,Matched,204.0,4.41
136,2026-05-22 23:00:57,trade,exact,Matched,203.0,1.73
136,2026-05-22 23:00:57,trade,exact,Matched,202.0,1.8
136,2026-05-22 23:00:57,trade,exact,Matched,201.0,4.5
136,2026-05-22 23:00:57,trade,exact,Matched,200.0,4.5
136,2026-05-22 23:00:57,trade,exact,Matched,199.0,4.5
136,2026-05-22 23:00:57,trade,exact,Matched,198.0,4.73
136,2026-05-22 23:00:57,trade,exact,Matched,197.0,4.74
136,2026-05-22 23:00:57,trade,exact,Matched,196.0,4.68
136,2026-05-22 23:00:57,trade,exact,Matched,195.0,4.74
136,2026-05-22 23:00:57,trade,exact,Matched,194.0,1.85
136,2026-05-22 23:00:57,trade,exact,Matched,193.0,2.75
136,2026-05-22 23:00:57,trade,exact,Matched,192.0,5.0
136,2026-05-22 23:00:57,position,api_position_matched,Matched,205.0,72.52
136,2026-05-22 23:00:57,position,api_position_matched,Matched,206.0,0.07
136,2026-05-22 23:00:57,position,api_position_matched,Matched,204.0,6.12
136,2026-05-22 23:00:57,position,api_position_matched,Matched,210.0,0.0
136,2026-05-22 23:00:57,position,api_position_matched,Matched,208.0,5.93
136,2026-05-22 23:00:57,position,api_position_matched,Matched,211.0,0.0
136,2026-05-22 23:00:57,position,api_position_matched,Matched,197.0,0.0
136,2026-05-22 23:00:57,position,api_position_matched,Matched,200.0,5.62
136,2026-05-22 23:00:57,position,api_position_matched,Matched,196.0,5.26
136,2026-05-22 23:00:57,position,api_position_matched,Matched,201.0,5.06
137,2026-05-22 23:00:59,trade,exact,Matched,212.0,5.26
137,2026-05-22 23:00:59,trade,exact,Matched,211.0,5.11
137,2026-05-22 23:00:59,trade,exact,Matched,210.0,5.07
137,2026-05-22 23:00:59,trade,exact,Matched,209.0,2.5
137,2026-05-22 23:00:59,trade,exact,Matched,208.0,2.57
137,2026-05-22 23:00:59,trade,exact,Matched,207.0,5.25
137,2026-05-22 23:00:59,trade,exact,Matched,206.0,5.26
137,2026-05-22 23:00:59,trade,exact,Matched,205.0,1.96
137,2026-05-22 23:00:59,trade,exact,Matched,204.0,4.41
137,2026-05-22 23:00:59,trade,exact,Matched,203.0,1.73
137,2026-05-22 23:00:59,trade,exact,Matched,202.0,1.8
137,2026-05-22 23:00:59,trade,exact,Matched,201.0,4.5
137,2026-05-22 23:00:59,trade,exact,Matched,200.0,4.5
137,2026-05-22 23:00:59,trade,exact,Matched,199.0,4.5
137,2026-05-22 23:00:59,trade,exact,Matched,198.0,4.73
137,2026-05-22 23:00:59,trade,exact,Matched,197.0,4.74
137,2026-05-22 23:00:59,trade,exact,Matched,196.0,4.68
137,2026-05-22 23:00:59,trade,exact,Matched,195.0,4.74
137,2026-05-22 23:00:59,trade,exact,Matched,194.0,1.85
137,2026-05-22 23:00:59,trade,exact,Matched,193.0,2.75
137,2026-05-22 23:00:59,trade,exact,Matched,192.0,5.0
137,2026-05-22 23:00:59,position,api_position_matched,Matched,205.0,72.52
137,2026-05-22 23:00:59,position,api_position_matched,Matched,206.0,0.07
137,2026-05-22 23:00:59,position,api_position_matched,Matched,204.0,6.12
137,2026-05-22 23:00:59,position,api_position_matched,Matched,210.0,0.0
137,2026-05-22 23:00:59,position,api_position_matched,Matched,208.0,5.93
137,2026-05-22 23:00:59,position,api_position_matched,Matched,211.0,0.0
137,2026-05-22 23:00:59,position,api_position_matched,Matched,197.0,0.0
137,2026-05-22 23:00:59,position,api_position_matched,Matched,200.0,5.62
137,2026-05-22 23:00:59,position,api_position_matched,Matched,196.0,5.26
137,2026-05-22 23:00:59,position,api_position_matched,Matched,201.0,5.06
138,2026-05-22 23:10:59,trade,exact,Matched,212.0,5.26
138,2026-05-22 23:10:59,trade,exact,Matched,211.0,5.11
138,2026-05-22 23:10:59,trade,exact,Matched,210.0,5.07
138,2026-05-22 23:10:59,trade,exact,Matched,209.0,2.5
138,2026-05-22 23:10:59,trade,exact,Matched,208.0,2.57
138,2026-05-22 23:10:59,trade,exact,Matched,207.0,5.25
138,2026-05-22 23:10:59,trade,exact,Matched,206.0,5.26
138,2026-05-22 23:10:59,trade,exact,Matched,205.0,1.96
138,2026-05-22 23:10:59,trade,exact,Matched,204.0,4.41
138,2026-05-22 23:10:59,trade,exact,Matched,203.0,1.73
138,2026-05-22 23:10:59,trade,exact,Matched,202.0,1.8
138,2026-05-22 23:10:59,trade,exact,Matched,201.0,4.5
138,2026-05-22 23:10:59,trade,exact,Matched,200.0,4.5
138,2026-05-22 23:10:59,trade,exact,Matched,199.0,4.5
138,2026-05-22 23:10:59,trade,exact,Matched,198.0,4.73
138,2026-05-22 23:10:59,trade,exact,Matched,197.0,4.74
138,2026-05-22 23:10:59,trade,exact,Matched,196.0,4.68
138,2026-05-22 23:10:59,trade,exact,Matched,195.0,4.74
138,2026-05-22 23:10:59,trade,exact,Matched,194.0,1.85
138,2026-05-22 23:10:59,trade,exact,Matched,193.0,2.75
138,2026-05-22 23:10:59,trade,exact,Matched,192.0,5.0
138,2026-05-22 23:10:59,position,api_position_matched,Matched,205.0,72.52
138,2026-05-22 23:10:59,position,api_position_matched,Matched,206.0,0.04
138,2026-05-22 23:10:59,position,api_position_matched,Matched,204.0,6.12
138,2026-05-22 23:10:59,position,api_position_matched,Matched,210.0,0.0
138,2026-05-22 23:10:59,position,api_position_matched,Matched,208.0,5.93
138,2026-05-22 23:10:59,position,api_position_matched,Matched,211.0,0.0
138,2026-05-22 23:10:59,position,api_position_matched,Matched,197.0,0.0
138,2026-05-22 23:10:59,position,api_position_matched,Matched,200.0,5.62
138,2026-05-22 23:10:59,position,api_position_matched,Matched,196.0,5.26
138,2026-05-22 23:10:59,position,api_position_matched,Matched,201.0,5.06
139,2026-05-22 23:21:00,trade,exact,Matched,212.0,5.26
139,2026-05-22 23:21:00,trade,exact,Matched,211.0,5.11
139,2026-05-22 23:21:00,trade,exact,Matched,210.0,5.07
139,2026-05-22 23:21:00,trade,exact,Matched,209.0,2.5
139,2026-05-22 23:21:00,trade,exact,Matched,208.0,2.57
139,2026-05-22 23:21:00,trade,exact,Matched,207.0,5.25
139,2026-05-22 23:21:00,trade,exact,Matched,206.0,5.26
139,2026-05-22 23:21:00,trade,exact,Matched,205.0,1.96
139,2026-05-22 23:21:00,trade,exact,Matched,204.0,4.41
139,2026-05-22 23:21:00,trade,exact,Matched,203.0,1.73
139,2026-05-22 23:21:00,trade,exact,Matched,202.0,1.8
139,2026-05-22 23:21:00,trade,exact,Matched,201.0,4.5
139,2026-05-22 23:21:00,trade,exact,Matched,200.0,4.5
139,2026-05-22 23:21:00,trade,exact,Matched,199.0,4.5
139,2026-05-22 23:21:00,trade,exact,Matched,198.0,4.73
139,2026-05-22 23:21:00,trade,exact,Matched,197.0,4.74
139,2026-05-22 23:21:00,trade,exact,Matched,196.0,4.68
139,2026-05-22 23:21:00,trade,exact,Matched,195.0,4.74
139,2026-05-22 23:21:00,trade,exact,Matched,194.0,1.85
139,2026-05-22 23:21:00,trade,exact,Matched,193.0,2.75
139,2026-05-22 23:21:00,trade,exact,Matched,192.0,5.0
139,2026-05-22 23:21:00,position,api_position_matched,Matched,205.0,72.52
139,2026-05-22 23:21:00,position,api_position_matched,Matched,206.0,0.01
139,2026-05-22 23:21:00,position,api_position_matched,Matched,204.0,6.12
139,2026-05-22 23:21:00,position,api_position_matched,Matched,210.0,0.0
139,2026-05-22 23:21:00,position,api_position_matched,Matched,208.0,5.93
139,2026-05-22 23:21:00,position,api_position_matched,Matched,211.0,0.0
139,2026-05-22 23:21:00,position,api_position_matched,Matched,197.0,0.0
139,2026-05-22 23:21:00,position,api_position_matched,Matched,200.0,5.62
139,2026-05-22 23:21:00,position,api_position_matched,Matched,196.0,5.26
139,2026-05-22 23:21:00,position,api_position_matched,Matched,201.0,5.06
140,2026-05-22 23:31:00,trade,exact,Matched,212.0,5.26
140,2026-05-22 23:31:00,trade,exact,Matched,211.0,5.11
140,2026-05-22 23:31:00,trade,exact,Matched,210.0,5.07
140,2026-05-22 23:31:00,trade,exact,Matched,209.0,2.5
140,2026-05-22 23:31:00,trade,exact,Matched,208.0,2.57
140,2026-05-22 23:31:00,trade,exact,Matched,207.0,5.25
140,2026-05-22 23:31:00,trade,exact,Matched,206.0,5.26
140,2026-05-22 23:31:00,trade,exact,Matched,205.0,1.96
140,2026-05-22 23:31:00,trade,exact,Matched,204.0,4.41
140,2026-05-22 23:31:00,trade,exact,Matched,203.0,1.73
140,2026-05-22 23:31:00,trade,exact,Matched,202.0,1.8
140,2026-05-22 23:31:00,trade,exact,Matched,201.0,4.5
140,2026-05-22 23:31:00,trade,exact,Matched,200.0,4.5
140,2026-05-22 23:31:00,trade,exact,Matched,199.0,4.5
140,2026-05-22 23:31:00,trade,exact,Matched,198.0,4.73
140,2026-05-22 23:31:00,trade,exact,Matched,197.0,4.74
140,2026-05-22 23:31:00,trade,exact,Matched,196.0,4.68
140,2026-05-22 23:31:00,trade,exact,Matched,195.0,4.74
140,2026-05-22 23:31:00,trade,exact,Matched,194.0,1.85
140,2026-05-22 23:31:00,trade,exact,Matched,193.0,2.75
140,2026-05-22 23:31:00,trade,exact,Matched,192.0,5.0
140,2026-05-22 23:31:00,position,api_position_matched,Matched,205.0,72.52
140,2026-05-22 23:31:00,position,api_position_matched,Matched,206.0,0.01
140,2026-05-22 23:31:00,position,api_position_matched,Matched,204.0,6.12
140,2026-05-22 23:31:00,position,api_position_matched,Matched,210.0,0.0
140,2026-05-22 23:31:00,position,api_position_matched,Matched,208.0,5.93
140,2026-05-22 23:31:00,position,api_position_matched,Matched,211.0,0.0
140,2026-05-22 23:31:00,position,api_position_matched,Matched,197.0,0.0
140,2026-05-22 23:31:00,position,api_position_matched,Matched,200.0,5.63
140,2026-05-22 23:31:00,position,api_position_matched,Matched,196.0,5.26
140,2026-05-22 23:31:00,position,api_position_matched,Matched,201.0,5.06
141,2026-05-22 23:40:59,trade,exact,Matched,212.0,5.26
141,2026-05-22 23:40:59,trade,exact,Matched,211.0,5.11
141,2026-05-22 23:40:59,trade,exact,Matched,210.0,5.07
141,2026-05-22 23:40:59,trade,exact,Matched,209.0,2.5
141,2026-05-22 23:40:59,trade,exact,Matched,208.0,2.57
141,2026-05-22 23:40:59,trade,exact,Matched,207.0,5.25
141,2026-05-22 23:40:59,trade,exact,Matched,206.0,5.26
141,2026-05-22 23:40:59,trade,exact,Matched,205.0,1.96
141,2026-05-22 23:40:59,trade,exact,Matched,204.0,4.41
141,2026-05-22 23:40:59,trade,exact,Matched,203.0,1.73
141,2026-05-22 23:40:59,trade,exact,Matched,202.0,1.8
141,2026-05-22 23:40:59,trade,exact,Matched,201.0,4.5
141,2026-05-22 23:40:59,trade,exact,Matched,200.0,4.5
141,2026-05-22 23:40:59,trade,exact,Matched,199.0,4.5
141,2026-05-22 23:40:59,trade,exact,Matched,198.0,4.73
141,2026-05-22 23:40:59,trade,exact,Matched,197.0,4.74
141,2026-05-22 23:40:59,trade,exact,Matched,196.0,4.68
141,2026-05-22 23:40:59,trade,exact,Matched,195.0,4.74
141,2026-05-22 23:40:59,trade,exact,Matched,194.0,1.85
141,2026-05-22 23:40:59,trade,exact,Matched,193.0,2.75
141,2026-05-22 23:40:59,trade,exact,Matched,192.0,5.0
141,2026-05-22 23:40:59,position,api_position_unmatched,Exception,,72.56
141,2026-05-22 23:40:59,position,api_position_matched,Matched,206.0,0.01
141,2026-05-22 23:40:59,position,api_position_matched,Matched,204.0,6.12
141,2026-05-22 23:40:59,position,api_position_matched,Matched,210.0,0.0
141,2026-05-22 23:40:59,position,api_position_matched,Matched,208.0,5.93
141,2026-05-22 23:40:59,position,api_position_matched,Matched,211.0,0.0
141,2026-05-22 23:40:59,position,api_position_matched,Matched,197.0,0.0
141,2026-05-22 23:40:59,position,api_position_matched,Matched,200.0,5.63
141,2026-05-22 23:40:59,position,api_position_matched,Matched,196.0,5.26
141,2026-05-22 23:40:59,position,api_position_matched,Matched,201.0,5.06
142,2026-05-22 23:41:01,trade,exact,Matched,212.0,5.26
142,2026-05-22 23:41:01,trade,exact,Matched,211.0,5.11
142,2026-05-22 23:41:01,trade,exact,Matched,210.0,5.07
142,2026-05-22 23:41:01,trade,exact,Matched,209.0,2.5
142,2026-05-22 23:41:01,trade,exact,Matched,208.0,2.57
142,2026-05-22 23:41:01,trade,exact,Matched,207.0,5.25
142,2026-05-22 23:41:01,trade,exact,Matched,206.0,5.26
142,2026-05-22 23:41:01,trade,exact,Matched,205.0,1.96
142,2026-05-22 23:41:01,trade,exact,Matched,204.0,4.41
142,2026-05-22 23:41:01,trade,exact,Matched,203.0,1.73
142,2026-05-22 23:41:01,trade,exact,Matched,202.0,1.8
142,2026-05-22 23:41:01,trade,exact,Matched,201.0,4.5
142,2026-05-22 23:41:01,trade,exact,Matched,200.0,4.5
142,2026-05-22 23:41:01,trade,exact,Matched,199.0,4.5
142,2026-05-22 23:41:01,trade,exact,Matched,198.0,4.73
142,2026-05-22 23:41:01,trade,exact,Matched,197.0,4.74
142,2026-05-22 23:41:01,trade,exact,Matched,196.0,4.68
142,2026-05-22 23:41:01,trade,exact,Matched,195.0,4.74
142,2026-05-22 23:41:01,trade,exact,Matched,194.0,1.85
142,2026-05-22 23:41:01,trade,exact,Matched,193.0,2.75
142,2026-05-22 23:41:01,trade,exact,Matched,192.0,5.0
142,2026-05-22 23:41:01,position,api_position_unmatched,Exception,,72.56
142,2026-05-22 23:41:01,position,api_position_matched,Matched,206.0,0.01
142,2026-05-22 23:41:01,position,api_position_matched,Matched,204.0,6.12
142,2026-05-22 23:41:01,position,api_position_matched,Matched,210.0,0.0
142,2026-05-22 23:41:01,position,api_position_matched,Matched,208.0,5.93
142,2026-05-22 23:41:01,position,api_position_unmatched,Exception,,0.0
142,2026-05-22 23:41:01,position,api_position_matched,Matched,197.0,0.0
142,2026-05-22 23:41:01,position,api_position_matched,Matched,200.0,5.63
142,2026-05-22 23:41:01,position,api_position_matched,Matched,196.0,5.26
142,2026-05-22 23:41:01,position,api_position_matched,Matched,201.0,5.06
143,2026-05-22 23:50:59,trade,exact,Matched,212.0,5.26
143,2026-05-22 23:50:59,trade,exact,Matched,211.0,5.11
143,2026-05-22 23:50:59,trade,exact,Matched,210.0,5.07
143,2026-05-22 23:50:59,trade,exact,Matched,209.0,2.5
143,2026-05-22 23:50:59,trade,exact,Matched,208.0,2.57
143,2026-05-22 23:50:59,trade,exact,Matched,207.0,5.25
143,2026-05-22 23:50:59,trade,exact,Matched,206.0,5.26
143,2026-05-22 23:50:59,trade,exact,Matched,205.0,1.96
143,2026-05-22 23:50:59,trade,exact,Matched,204.0,4.41
143,2026-05-22 23:50:59,trade,exact,Matched,203.0,1.73
143,2026-05-22 23:50:59,trade,exact,Matched,202.0,1.8
143,2026-05-22 23:50:59,trade,exact,Matched,201.0,4.5
143,2026-05-22 23:50:59,trade,exact,Matched,200.0,4.5
143,2026-05-22 23:50:59,trade,exact,Matched,199.0,4.5
143,2026-05-22 23:50:59,trade,exact,Matched,198.0,4.73
143,2026-05-22 23:50:59,trade,exact,Matched,197.0,4.74
143,2026-05-22 23:50:59,trade,exact,Matched,196.0,4.68
143,2026-05-22 23:50:59,trade,exact,Matched,195.0,4.74
143,2026-05-22 23:50:59,trade,exact,Matched,194.0,1.85
143,2026-05-22 23:50:59,trade,exact,Matched,193.0,2.75
143,2026-05-22 23:50:59,trade,exact,Matched,192.0,5.0
143,2026-05-22 23:50:59,position,api_position_matched,Matched,206.0,0.01
143,2026-05-22 23:50:59,position,api_position_matched,Matched,204.0,6.12
143,2026-05-22 23:50:59,position,api_position_matched,Matched,210.0,0.0
143,2026-05-22 23:50:59,position,api_position_matched,Matched,208.0,5.93
143,2026-05-22 23:50:59,position,api_position_unmatched,Exception,,0.0
143,2026-05-22 23:50:59,position,api_position_matched,Matched,200.0,5.63
143,2026-05-22 23:50:59,position,api_position_matched,Matched,196.0,5.26
143,2026-05-22 23:50:59,position,api_position_matched,Matched,201.0,5.06
144,2026-05-22 23:51:25,trade,exact,Matched,212.0,5.26
144,2026-05-22 23:51:25,trade,exact,Matched,211.0,5.11
144,2026-05-22 23:51:25,trade,exact,Matched,210.0,5.07
144,2026-05-22 23:51:25,trade,exact,Matched,209.0,2.5
144,2026-05-22 23:51:25,trade,exact,Matched,208.0,2.57
144,2026-05-22 23:51:25,trade,exact,Matched,207.0,5.25
144,2026-05-22 23:51:25,trade,exact,Matched,206.0,5.26
144,2026-05-22 23:51:25,trade,exact,Matched,205.0,1.96
144,2026-05-22 23:51:25,trade,exact,Matched,204.0,4.41
144,2026-05-22 23:51:25,trade,exact,Matched,203.0,1.73
144,2026-05-22 23:51:25,trade,exact,Matched,202.0,1.8
144,2026-05-22 23:51:25,trade,exact,Matched,201.0,4.5
144,2026-05-22 23:51:25,trade,exact,Matched,200.0,4.5
144,2026-05-22 23:51:25,trade,exact,Matched,199.0,4.5
144,2026-05-22 23:51:25,trade,exact,Matched,198.0,4.73
144,2026-05-22 23:51:25,trade,exact,Matched,197.0,4.74
144,2026-05-22 23:51:25,trade,exact,Matched,196.0,4.68
144,2026-05-22 23:51:25,trade,exact,Matched,195.0,4.74
144,2026-05-22 23:51:25,trade,exact,Matched,194.0,1.85
144,2026-05-22 23:51:25,trade,exact,Matched,193.0,2.75
144,2026-05-22 23:51:25,trade,exact,Matched,192.0,5.0
144,2026-05-22 23:51:25,position,api_position_matched,Matched,206.0,0.01
144,2026-05-22 23:51:25,position,api_position_matched,Matched,204.0,6.12
144,2026-05-22 23:51:25,position,api_position_matched,Matched,210.0,0.0
144,2026-05-22 23:51:25,position,api_position_matched,Matched,208.0,5.93
144,2026-05-22 23:51:25,position,api_position_unmatched,Exception,,0.0
144,2026-05-22 23:51:25,position,api_position_matched,Matched,200.0,5.63
144,2026-05-22 23:51:25,position,api_position_matched,Matched,196.0,5.26
144,2026-05-22 23:51:25,position,api_position_matched,Matched,201.0,5.06
145,2026-05-22 23:51:26,trade,exact,Matched,212.0,5.26
145,2026-05-22 23:51:26,trade,exact,Matched,211.0,5.11
145,2026-05-22 23:51:26,trade,exact,Matched,210.0,5.07
145,2026-05-22 23:51:26,trade,exact,Matched,209.0,2.5
145,2026-05-22 23:51:26,trade,exact,Matched,208.0,2.57
145,2026-05-22 23:51:26,trade,exact,Matched,207.0,5.25
145,2026-05-22 23:51:26,trade,exact,Matched,206.0,5.26
145,2026-05-22 23:51:26,trade,exact,Matched,205.0,1.96
145,2026-05-22 23:51:26,trade,exact,Matched,204.0,4.41
145,2026-05-22 23:51:26,trade,exact,Matched,203.0,1.73
145,2026-05-22 23:51:26,trade,exact,Matched,202.0,1.8
145,2026-05-22 23:51:26,trade,exact,Matched,201.0,4.5
145,2026-05-22 23:51:26,trade,exact,Matched,200.0,4.5
145,2026-05-22 23:51:26,trade,exact,Matched,199.0,4.5
145,2026-05-22 23:51:26,trade,exact,Matched,198.0,4.73
145,2026-05-22 23:51:26,trade,exact,Matched,197.0,4.74
145,2026-05-22 23:51:26,trade,exact,Matched,196.0,4.68
145,2026-05-22 23:51:26,trade,exact,Matched,195.0,4.74
145,2026-05-22 23:51:26,trade,exact,Matched,194.0,1.85
145,2026-05-22 23:51:26,trade,exact,Matched,193.0,2.75
145,2026-05-22 23:51:26,trade,exact,Matched,192.0,5.0
145,2026-05-22 23:51:26,position,api_position_matched,Matched,206.0,0.01
145,2026-05-22 23:51:26,position,api_position_matched,Matched,204.0,6.12
145,2026-05-22 23:51:26,position,api_position_matched,Matched,210.0,0.0
145,2026-05-22 23:51:26,position,api_position_matched,Matched,208.0,5.93
145,2026-05-22 23:51:26,position,api_position_unmatched,Exception,,0.0
145,2026-05-22 23:51:26,position,api_position_matched,Matched,200.0,5.63
145,2026-05-22 23:51:26,position,api_position_matched,Matched,196.0,5.26
145,2026-05-22 23:51:26,position,api_position_matched,Matched,201.0,5.06
146,2026-05-23 00:01:26,trade,exact,Matched,212.0,5.26
146,2026-05-23 00:01:26,trade,exact,Matched,211.0,5.11
146,2026-05-23 00:01:26,trade,exact,Matched,210.0,5.07
146,2026-05-23 00:01:26,trade,exact,Matched,209.0,2.5
146,2026-05-23 00:01:26,trade,exact,Matched,208.0,2.57
146,2026-05-23 00:01:26,trade,exact,Matched,207.0,5.25
146,2026-05-23 00:01:26,trade,exact,Matched,206.0,5.26
146,2026-05-23 00:01:26,trade,exact,Matched,205.0,1.96
146,2026-05-23 00:01:26,trade,exact,Matched,204.0,4.41
146,2026-05-23 00:01:26,trade,exact,Matched,203.0,1.73
146,2026-05-23 00:01:26,trade,exact,Matched,202.0,1.8
146,2026-05-23 00:01:26,trade,exact,Matched,201.0,4.5
146,2026-05-23 00:01:26,trade,exact,Matched,200.0,4.5
146,2026-05-23 00:01:26,trade,exact,Matched,199.0,4.5
146,2026-05-23 00:01:26,trade,exact,Matched,198.0,4.73
146,2026-05-23 00:01:26,trade,exact,Matched,197.0,4.74
146,2026-05-23 00:01:26,trade,exact,Matched,196.0,4.68
146,2026-05-23 00:01:26,trade,exact,Matched,195.0,4.74
146,2026-05-23 00:01:26,trade,exact,Matched,194.0,1.85
146,2026-05-23 00:01:26,trade,exact,Matched,193.0,2.75
146,2026-05-23 00:01:26,trade,exact,Matched,192.0,5.0
146,2026-05-23 00:01:26,position,api_position_matched,Matched,206.0,0.01
146,2026-05-23 00:01:26,position,api_position_matched,Matched,204.0,6.12
146,2026-05-23 00:01:26,position,api_position_matched,Matched,210.0,0.0
146,2026-05-23 00:01:26,position,api_position_matched,Matched,208.0,5.93
146,2026-05-23 00:01:26,position,api_position_unmatched,Exception,,0.0
146,2026-05-23 00:01:26,position,api_position_matched,Matched,200.0,5.63
146,2026-05-23 00:01:26,position,api_position_matched,Matched,196.0,5.26
146,2026-05-23 00:01:26,position,api_position_matched,Matched,201.0,5.06
147,2026-05-23 00:11:26,trade,exact,Matched,212.0,5.26
147,2026-05-23 00:11:26,trade,exact,Matched,211.0,5.11
147,2026-05-23 00:11:26,trade,exact,Matched,210.0,5.07
147,2026-05-23 00:11:26,trade,exact,Matched,209.0,2.5
147,2026-05-23 00:11:26,trade,exact,Matched,208.0,2.57
147,2026-05-23 00:11:26,trade,exact,Matched,207.0,5.25
147,2026-05-23 00:11:26,trade,exact,Matched,206.0,5.26
147,2026-05-23 00:11:26,trade,exact,Matched,205.0,1.96
147,2026-05-23 00:11:26,trade,exact,Matched,204.0,4.41
147,2026-05-23 00:11:26,trade,exact,Matched,203.0,1.73
147,2026-05-23 00:11:26,trade,exact,Matched,202.0,1.8
147,2026-05-23 00:11:26,trade,exact,Matched,201.0,4.5
147,2026-05-23 00:11:26,trade,exact,Matched,200.0,4.5
147,2026-05-23 00:11:26,trade,exact,Matched,199.0,4.5
147,2026-05-23 00:11:26,trade,exact,Matched,198.0,4.73
147,2026-05-23 00:11:26,trade,exact,Matched,197.0,4.74
147,2026-05-23 00:11:26,trade,exact,Matched,196.0,4.68
147,2026-05-23 00:11:26,trade,exact,Matched,195.0,4.74
147,2026-05-23 00:11:26,trade,exact,Matched,194.0,1.85
147,2026-05-23 00:11:26,trade,exact,Matched,193.0,2.75
147,2026-05-23 00:11:26,trade,exact,Matched,192.0,5.0
147,2026-05-23 00:11:26,position,api_position_matched,Matched,206.0,0.01
147,2026-05-23 00:11:26,position,api_position_matched,Matched,204.0,6.12
147,2026-05-23 00:11:26,position,api_position_matched,Matched,210.0,0.0
147,2026-05-23 00:11:26,position,api_position_matched,Matched,208.0,5.93
147,2026-05-23 00:11:26,position,api_position_unmatched,Exception,,0.0
147,2026-05-23 00:11:26,position,api_position_matched,Matched,200.0,5.63
147,2026-05-23 00:11:26,position,api_position_matched,Matched,196.0,5.26
147,2026-05-23 00:11:26,position,api_position_matched,Matched,201.0,5.06
148,2026-05-23 00:13:40,trade,exact,Matched,212.0,5.26
148,2026-05-23 00:13:40,trade,exact,Matched,211.0,5.11
148,2026-05-23 00:13:40,trade,exact,Matched,210.0,5.07
148,2026-05-23 00:13:40,trade,exact,Matched,209.0,2.5
148,2026-05-23 00:13:40,trade,exact,Matched,208.0,2.57
148,2026-05-23 00:13:40,trade,exact,Matched,207.0,5.25
148,2026-05-23 00:13:40,trade,exact,Matched,206.0,5.26
148,2026-05-23 00:13:40,trade,exact,Matched,205.0,1.96
148,2026-05-23 00:13:40,trade,exact,Matched,204.0,4.41
148,2026-05-23 00:13:40,trade,exact,Matched,203.0,1.73
148,2026-05-23 00:13:40,trade,exact,Matched,202.0,1.8
148,2026-05-23 00:13:40,trade,exact,Matched,201.0,4.5
148,2026-05-23 00:13:40,trade,exact,Matched,200.0,4.5
148,2026-05-23 00:13:40,trade,exact,Matched,199.0,4.5
148,2026-05-23 00:13:40,trade,exact,Matched,198.0,4.73
148,2026-05-23 00:13:40,trade,exact,Matched,197.0,4.74
148,2026-05-23 00:13:40,trade,exact,Matched,196.0,4.68
148,2026-05-23 00:13:40,trade,exact,Matched,195.0,4.74
148,2026-05-23 00:13:40,trade,exact,Matched,194.0,1.85
148,2026-05-23 00:13:40,trade,exact,Matched,193.0,2.75
148,2026-05-23 00:13:40,trade,exact,Matched,192.0,5.0
148,2026-05-23 00:13:40,position,api_position_matched,Matched,206.0,0.01
148,2026-05-23 00:13:40,position,api_position_matched,Matched,204.0,6.12
148,2026-05-23 00:13:40,position,api_position_matched,Matched,210.0,0.0
148,2026-05-23 00:13:40,position,api_position_matched,Matched,208.0,5.93
148,2026-05-23 00:13:40,position,api_position_resolved_matched,Matched,197.0,0.0
148,2026-05-23 00:13:40,position,api_position_matched,Matched,200.0,5.63
148,2026-05-23 00:13:40,position,api_position_matched,Matched,196.0,5.26
148,2026-05-23 00:13:40,position,api_position_matched,Matched,201.0,5.06
149,2026-05-23 00:13:41,trade,exact,Matched,212.0,5.26
149,2026-05-23 00:13:41,trade,exact,Matched,211.0,5.11
149,2026-05-23 00:13:41,trade,exact,Matched,210.0,5.07
149,2026-05-23 00:13:41,trade,exact,Matched,209.0,2.5
149,2026-05-23 00:13:41,trade,exact,Matched,208.0,2.57
149,2026-05-23 00:13:41,trade,exact,Matched,207.0,5.25
149,2026-05-23 00:13:41,trade,exact,Matched,206.0,5.26
149,2026-05-23 00:13:41,trade,exact,Matched,205.0,1.96
149,2026-05-23 00:13:41,trade,exact,Matched,204.0,4.41
149,2026-05-23 00:13:41,trade,exact,Matched,203.0,1.73
149,2026-05-23 00:13:41,trade,exact,Matched,202.0,1.8
149,2026-05-23 00:13:41,trade,exact,Matched,201.0,4.5
149,2026-05-23 00:13:41,trade,exact,Matched,200.0,4.5
149,2026-05-23 00:13:41,trade,exact,Matched,199.0,4.5
149,2026-05-23 00:13:41,trade,exact,Matched,198.0,4.73
149,2026-05-23 00:13:41,trade,exact,Matched,197.0,4.74
149,2026-05-23 00:13:41,trade,exact,Matched,196.0,4.68
149,2026-05-23 00:13:41,trade,exact,Matched,195.0,4.74
149,2026-05-23 00:13:41,trade,exact,Matched,194.0,1.85
149,2026-05-23 00:13:41,trade,exact,Matched,193.0,2.75
149,2026-05-23 00:13:41,trade,exact,Matched,192.0,5.0
149,2026-05-23 00:13:41,position,api_position_matched,Matched,206.0,0.01
149,2026-05-23 00:13:41,position,api_position_matched,Matched,204.0,6.12
149,2026-05-23 00:13:41,position,api_position_matched,Matched,210.0,0.0
149,2026-05-23 00:13:41,position,api_position_matched,Matched,208.0,5.93
149,2026-05-23 00:13:41,position,api_position_resolved_matched,Matched,197.0,0.0
149,2026-05-23 00:13:41,position,api_position_matched,Matched,200.0,5.63
149,2026-05-23 00:13:41,position,api_position_matched,Matched,196.0,5.26
149,2026-05-23 00:13:41,position,api_position_matched,Matched,201.0,5.06
150,2026-05-23 00:28:52,trade,exact,Matched,212.0,5.26
150,2026-05-23 00:28:52,trade,exact,Matched,211.0,5.11
150,2026-05-23 00:28:52,trade,exact,Matched,210.0,5.07
150,2026-05-23 00:28:52,trade,exact,Matched,209.0,2.5
150,2026-05-23 00:28:52,trade,exact,Matched,208.0,2.57
150,2026-05-23 00:28:52,trade,exact,Matched,207.0,5.25
150,2026-05-23 00:28:52,trade,exact,Matched,206.0,5.26
150,2026-05-23 00:28:52,trade,exact,Matched,205.0,1.96
150,2026-05-23 00:28:52,trade,exact,Matched,204.0,4.41
150,2026-05-23 00:28:52,trade,exact,Matched,203.0,1.73
150,2026-05-23 00:28:52,trade,exact,Matched,202.0,1.8
150,2026-05-23 00:28:52,trade,exact,Matched,201.0,4.5
150,2026-05-23 00:28:52,trade,exact,Matched,200.0,4.5
150,2026-05-23 00:28:52,trade,exact,Matched,199.0,4.5
150,2026-05-23 00:28:52,trade,exact,Matched,198.0,4.73
150,2026-05-23 00:28:52,trade,exact,Matched,197.0,4.74
150,2026-05-23 00:28:52,trade,exact,Matched,196.0,4.68
150,2026-05-23 00:28:52,trade,exact,Matched,195.0,4.74
150,2026-05-23 00:28:52,trade,exact,Matched,194.0,1.85
150,2026-05-23 00:28:52,trade,exact,Matched,193.0,2.75
150,2026-05-23 00:28:52,trade,exact,Matched,192.0,5.0
150,2026-05-23 00:28:52,position,api_position_matched,Matched,206.0,0.01
150,2026-05-23 00:28:52,position,api_position_matched,Matched,204.0,6.12
150,2026-05-23 00:28:52,position,api_position_matched,Matched,210.0,0.0
150,2026-05-23 00:28:52,position,api_position_resolved_matched,Matched,208.0,5.93
150,2026-05-23 00:28:52,position,api_position_resolved_matched,Matched,197.0,0.0
150,2026-05-23 00:28:52,position,api_position_matched,Matched,200.0,5.63
150,2026-05-23 00:28:52,position,api_position_resolved_matched,Matched,196.0,5.26
150,2026-05-23 00:28:52,position,api_position_matched,Matched,201.0,5.06
151,2026-05-23 00:43:10,trade,exact,Matched,212.0,5.26
151,2026-05-23 00:43:10,trade,exact,Matched,211.0,5.11
151,2026-05-23 00:43:10,trade,exact,Matched,210.0,5.07
151,2026-05-23 00:43:10,trade,exact,Matched,209.0,2.5
151,2026-05-23 00:43:10,trade,exact,Matched,208.0,2.57
151,2026-05-23 00:43:10,trade,exact,Matched,207.0,5.25
151,2026-05-23 00:43:10,trade,exact,Matched,206.0,5.26
151,2026-05-23 00:43:10,trade,exact,Matched,205.0,1.96
151,2026-05-23 00:43:10,trade,exact,Matched,204.0,4.41
151,2026-05-23 00:43:10,trade,exact,Matched,203.0,1.73
151,2026-05-23 00:43:10,trade,exact,Matched,202.0,1.8
151,2026-05-23 00:43:10,trade,exact,Matched,201.0,4.5
151,2026-05-23 00:43:10,trade,exact,Matched,200.0,4.5
151,2026-05-23 00:43:10,trade,exact,Matched,199.0,4.5
151,2026-05-23 00:43:10,trade,exact,Matched,198.0,4.73
151,2026-05-23 00:43:10,trade,exact,Matched,197.0,4.74
151,2026-05-23 00:43:10,trade,exact,Matched,196.0,4.68
151,2026-05-23 00:43:10,trade,exact,Matched,195.0,4.74
151,2026-05-23 00:43:10,trade,exact,Matched,194.0,1.85
151,2026-05-23 00:43:10,trade,exact,Matched,193.0,2.75
151,2026-05-23 00:43:10,trade,exact,Matched,192.0,5.0
151,2026-05-23 00:43:10,position,api_position_matched,Matched,206.0,0.01
151,2026-05-23 00:43:10,position,api_position_matched,Matched,204.0,6.12
151,2026-05-23 00:43:10,position,api_position_matched,Matched,210.0,0.0
151,2026-05-23 00:43:10,position,api_position_resolved_matched,Matched,197.0,0.0
151,2026-05-23 00:43:10,position,api_position_matched,Matched,200.0,5.63
151,2026-05-23 00:43:10,position,api_position_resolved_matched,Matched,196.0,5.26
151,2026-05-23 00:43:10,position,api_position_matched,Matched,201.0,5.06
152,2026-05-23 00:44:24,trade,exact,Matched,212.0,5.26
152,2026-05-23 00:44:24,trade,exact,Matched,211.0,5.11
152,2026-05-23 00:44:24,trade,exact,Matched,210.0,5.07
152,2026-05-23 00:44:24,trade,exact,Matched,209.0,2.5
152,2026-05-23 00:44:24,trade,exact,Matched,208.0,2.57
152,2026-05-23 00:44:24,trade,exact,Matched,207.0,5.25
152,2026-05-23 00:44:24,trade,exact,Matched,206.0,5.26
152,2026-05-23 00:44:24,trade,exact,Matched,205.0,1.96
152,2026-05-23 00:44:24,trade,exact,Matched,204.0,4.41
152,2026-05-23 00:44:24,trade,exact,Matched,203.0,1.73
152,2026-05-23 00:44:24,trade,exact,Matched,202.0,1.8
152,2026-05-23 00:44:24,trade,exact,Matched,201.0,4.5
152,2026-05-23 00:44:24,trade,exact,Matched,200.0,4.5
152,2026-05-23 00:44:24,trade,exact,Matched,199.0,4.5
152,2026-05-23 00:44:24,trade,exact,Matched,198.0,4.73
152,2026-05-23 00:44:24,trade,exact,Matched,197.0,4.74
152,2026-05-23 00:44:24,trade,exact,Matched,196.0,4.68
152,2026-05-23 00:44:24,trade,exact,Matched,195.0,4.74
152,2026-05-23 00:44:24,trade,exact,Matched,194.0,1.85
152,2026-05-23 00:44:24,trade,exact,Matched,193.0,2.75
152,2026-05-23 00:44:24,trade,exact,Matched,192.0,5.0
152,2026-05-23 00:44:24,position,api_position_matched,Matched,206.0,0.01
152,2026-05-23 00:44:24,position,api_position_matched,Matched,204.0,6.12
152,2026-05-23 00:44:24,position,api_position_matched,Matched,210.0,0.0
152,2026-05-23 00:44:24,position,api_position_resolved_matched,Matched,197.0,0.0
152,2026-05-23 00:44:24,position,api_position_matched,Matched,200.0,5.63
152,2026-05-23 00:44:24,position,api_position_matched,Matched,201.0,5.06
153,2026-05-23 00:50:18,trade,exact,Matched,212.0,5.26
153,2026-05-23 00:50:18,trade,exact,Matched,211.0,5.11
153,2026-05-23 00:50:18,trade,exact,Matched,210.0,5.07
153,2026-05-23 00:50:18,trade,exact,Matched,209.0,2.5
153,2026-05-23 00:50:18,trade,exact,Matched,208.0,2.57
153,2026-05-23 00:50:18,trade,exact,Matched,207.0,5.25
153,2026-05-23 00:50:18,trade,exact,Matched,206.0,5.26
153,2026-05-23 00:50:18,trade,exact,Matched,205.0,1.96
153,2026-05-23 00:50:18,trade,exact,Matched,204.0,4.41
153,2026-05-23 00:50:18,trade,exact,Matched,203.0,1.73
153,2026-05-23 00:50:18,trade,exact,Matched,202.0,1.8
153,2026-05-23 00:50:18,trade,exact,Matched,201.0,4.5
153,2026-05-23 00:50:18,trade,exact,Matched,200.0,4.5
153,2026-05-23 00:50:18,trade,exact,Matched,199.0,4.5
153,2026-05-23 00:50:18,trade,exact,Matched,198.0,4.73
153,2026-05-23 00:50:18,trade,exact,Matched,197.0,4.74
153,2026-05-23 00:50:18,trade,exact,Matched,196.0,4.68
153,2026-05-23 00:50:18,trade,exact,Matched,195.0,4.74
153,2026-05-23 00:50:18,trade,exact,Matched,194.0,1.85
153,2026-05-23 00:50:18,trade,exact,Matched,193.0,2.75
153,2026-05-23 00:50:18,trade,exact,Matched,192.0,5.0
153,2026-05-23 00:50:18,position,api_position_matched,Matched,206.0,0.01
153,2026-05-23 00:50:18,position,api_position_matched,Matched,204.0,6.12
153,2026-05-23 00:50:18,position,api_position_matched,Matched,210.0,0.0
153,2026-05-23 00:50:18,position,api_position_resolved_matched,Matched,197.0,0.0
153,2026-05-23 00:50:18,position,api_position_matched,Matched,200.0,5.63
153,2026-05-23 00:50:18,position,api_position_matched,Matched,201.0,5.06
154,2026-05-23 00:50:19,trade,exact,Matched,212.0,5.26
154,2026-05-23 00:50:19,trade,exact,Matched,211.0,5.11
154,2026-05-23 00:50:19,trade,exact,Matched,210.0,5.07
154,2026-05-23 00:50:19,trade,exact,Matched,209.0,2.5
154,2026-05-23 00:50:19,trade,exact,Matched,208.0,2.57
154,2026-05-23 00:50:19,trade,exact,Matched,207.0,5.25
154,2026-05-23 00:50:19,trade,exact,Matched,206.0,5.26
154,2026-05-23 00:50:19,trade,exact,Matched,205.0,1.96
154,2026-05-23 00:50:19,trade,exact,Matched,204.0,4.41
154,2026-05-23 00:50:19,trade,exact,Matched,203.0,1.73
154,2026-05-23 00:50:19,trade,exact,Matched,202.0,1.8
154,2026-05-23 00:50:19,trade,exact,Matched,201.0,4.5
154,2026-05-23 00:50:19,trade,exact,Matched,200.0,4.5
154,2026-05-23 00:50:19,trade,exact,Matched,199.0,4.5
154,2026-05-23 00:50:19,trade,exact,Matched,198.0,4.73
154,2026-05-23 00:50:19,trade,exact,Matched,197.0,4.74
154,2026-05-23 00:50:19,trade,exact,Matched,196.0,4.68
154,2026-05-23 00:50:19,trade,exact,Matched,195.0,4.74
154,2026-05-23 00:50:19,trade,exact,Matched,194.0,1.85
154,2026-05-23 00:50:19,trade,exact,Matched,193.0,2.75
154,2026-05-23 00:50:19,trade,exact,Matched,192.0,5.0
154,2026-05-23 00:50:19,position,api_position_matched,Matched,206.0,0.01
154,2026-05-23 00:50:19,position,api_position_matched,Matched,204.0,6.12
154,2026-05-23 00:50:19,position,api_position_matched,Matched,210.0,0.0
154,2026-05-23 00:50:19,position,api_position_resolved_matched,Matched,197.0,0.0
154,2026-05-23 00:50:19,position,api_position_matched,Matched,200.0,5.63
154,2026-05-23 00:50:19,position,api_position_matched,Matched,201.0,5.06
155,2026-05-23 00:50:46,trade,exact,Matched,212.0,5.26
155,2026-05-23 00:50:46,trade,exact,Matched,211.0,5.11
155,2026-05-23 00:50:46,trade,exact,Matched,210.0,5.07
155,2026-05-23 00:50:46,trade,exact,Matched,209.0,2.5
155,2026-05-23 00:50:46,trade,exact,Matched,208.0,2.57
155,2026-05-23 00:50:46,trade,exact,Matched,207.0,5.25
155,2026-05-23 00:50:46,trade,exact,Matched,206.0,5.26
155,2026-05-23 00:50:46,trade,exact,Matched,205.0,1.96
155,2026-05-23 00:50:46,trade,exact,Matched,204.0,4.41
155,2026-05-23 00:50:46,trade,exact,Matched,203.0,1.73
155,2026-05-23 00:50:46,trade,exact,Matched,202.0,1.8
155,2026-05-23 00:50:46,trade,exact,Matched,201.0,4.5
155,2026-05-23 00:50:46,trade,exact,Matched,200.0,4.5
155,2026-05-23 00:50:46,trade,exact,Matched,199.0,4.5
155,2026-05-23 00:50:46,trade,exact,Matched,198.0,4.73
155,2026-05-23 00:50:46,trade,exact,Matched,197.0,4.74
155,2026-05-23 00:50:46,trade,exact,Matched,196.0,4.68
155,2026-05-23 00:50:46,trade,exact,Matched,195.0,4.74
155,2026-05-23 00:50:46,trade,exact,Matched,194.0,1.85
155,2026-05-23 00:50:46,trade,exact,Matched,193.0,2.75
155,2026-05-23 00:50:46,trade,exact,Matched,192.0,5.0
155,2026-05-23 00:50:46,position,api_position_matched,Matched,206.0,0.01
155,2026-05-23 00:50:46,position,api_position_matched,Matched,204.0,6.12
155,2026-05-23 00:50:46,position,api_position_matched,Matched,210.0,0.0
155,2026-05-23 00:50:46,position,api_position_resolved_matched,Matched,197.0,0.0
155,2026-05-23 00:50:46,position,api_position_matched,Matched,200.0,5.63
155,2026-05-23 00:50:46,position,api_position_matched,Matched,201.0,5.06
156,2026-05-23 00:58:26,trade,exact,Matched,212.0,5.26
156,2026-05-23 00:58:26,trade,exact,Matched,211.0,5.11
156,2026-05-23 00:58:26,trade,exact,Matched,210.0,5.07
156,2026-05-23 00:58:26,trade,exact,Matched,209.0,2.5
156,2026-05-23 00:58:26,trade,exact,Matched,208.0,2.57
156,2026-05-23 00:58:26,trade,exact,Matched,207.0,5.25
156,2026-05-23 00:58:26,trade,exact,Matched,206.0,5.26
156,2026-05-23 00:58:26,trade,exact,Matched,205.0,1.96
156,2026-05-23 00:58:26,trade,exact,Matched,204.0,4.41
156,2026-05-23 00:58:26,trade,exact,Matched,203.0,1.73
156,2026-05-23 00:58:26,trade,exact,Matched,202.0,1.8
156,2026-05-23 00:58:26,trade,exact,Matched,201.0,4.5
156,2026-05-23 00:58:26,trade,exact,Matched,200.0,4.5
156,2026-05-23 00:58:26,trade,exact,Matched,199.0,4.5
156,2026-05-23 00:58:26,trade,exact,Matched,198.0,4.73
156,2026-05-23 00:58:26,trade,exact,Matched,197.0,4.74
156,2026-05-23 00:58:26,trade,exact,Matched,196.0,4.68
156,2026-05-23 00:58:26,trade,exact,Matched,195.0,4.74
156,2026-05-23 00:58:26,trade,exact,Matched,194.0,1.85
156,2026-05-23 00:58:26,trade,exact,Matched,193.0,2.75
156,2026-05-23 00:58:26,trade,exact,Matched,192.0,5.0
156,2026-05-23 00:58:26,position,api_position_matched,Matched,206.0,0.01
156,2026-05-23 00:58:26,position,api_position_matched,Matched,204.0,6.12
156,2026-05-23 00:58:26,position,api_position_matched,Matched,210.0,0.0
156,2026-05-23 00:58:26,position,api_position_resolved_matched,Matched,197.0,0.0
156,2026-05-23 00:58:26,position,api_position_matched,Matched,200.0,5.63
156,2026-05-23 00:58:26,position,api_position_matched,Matched,201.0,5.06
157,2026-05-23 00:58:28,trade,exact,Matched,212.0,5.26
157,2026-05-23 00:58:28,trade,exact,Matched,211.0,5.11
157,2026-05-23 00:58:28,trade,exact,Matched,210.0,5.07
157,2026-05-23 00:58:28,trade,exact,Matched,209.0,2.5
157,2026-05-23 00:58:28,trade,exact,Matched,208.0,2.57
157,2026-05-23 00:58:28,trade,exact,Matched,207.0,5.25
157,2026-05-23 00:58:28,trade,exact,Matched,206.0,5.26
157,2026-05-23 00:58:28,trade,exact,Matched,205.0,1.96
157,2026-05-23 00:58:28,trade,exact,Matched,204.0,4.41
157,2026-05-23 00:58:28,trade,exact,Matched,203.0,1.73
157,2026-05-23 00:58:28,trade,exact,Matched,202.0,1.8
157,2026-05-23 00:58:28,trade,exact,Matched,201.0,4.5
157,2026-05-23 00:58:28,trade,exact,Matched,200.0,4.5
157,2026-05-23 00:58:28,trade,exact,Matched,199.0,4.5
157,2026-05-23 00:58:28,trade,exact,Matched,198.0,4.73
157,2026-05-23 00:58:28,trade,exact,Matched,197.0,4.74
157,2026-05-23 00:58:28,trade,exact,Matched,196.0,4.68
157,2026-05-23 00:58:28,trade,exact,Matched,195.0,4.74
157,2026-05-23 00:58:28,trade,exact,Matched,194.0,1.85
157,2026-05-23 00:58:28,trade,exact,Matched,193.0,2.75
157,2026-05-23 00:58:28,trade,exact,Matched,192.0,5.0
157,2026-05-23 00:58:28,position,api_position_matched,Matched,206.0,0.01
157,2026-05-23 00:58:28,position,api_position_matched,Matched,204.0,6.12
157,2026-05-23 00:58:28,position,api_position_matched,Matched,210.0,0.0
157,2026-05-23 00:58:28,position,api_position_resolved_matched,Matched,197.0,0.0
157,2026-05-23 00:58:28,position,api_position_matched,Matched,200.0,5.63
157,2026-05-23 00:58:28,position,api_position_matched,Matched,201.0,5.06
158,2026-05-23 00:58:47,trade,exact,Matched,212.0,5.26
158,2026-05-23 00:58:47,trade,exact,Matched,211.0,5.11
158,2026-05-23 00:58:47,trade,exact,Matched,210.0,5.07
158,2026-05-23 00:58:47,trade,exact,Matched,209.0,2.5
158,2026-05-23 00:58:47,trade,exact,Matched,208.0,2.57
158,2026-05-23 00:58:47,trade,exact,Matched,207.0,5.25
158,2026-05-23 00:58:47,trade,exact,Matched,206.0,5.26
158,2026-05-23 00:58:47,trade,exact,Matched,205.0,1.96
158,2026-05-23 00:58:47,trade,exact,Matched,204.0,4.41
158,2026-05-23 00:58:47,trade,exact,Matched,203.0,1.73
158,2026-05-23 00:58:47,trade,exact,Matched,202.0,1.8
158,2026-05-23 00:58:47,trade,exact,Matched,201.0,4.5
158,2026-05-23 00:58:47,trade,exact,Matched,200.0,4.5
158,2026-05-23 00:58:47,trade,exact,Matched,199.0,4.5
158,2026-05-23 00:58:47,trade,exact,Matched,198.0,4.73
158,2026-05-23 00:58:47,trade,exact,Matched,197.0,4.74
158,2026-05-23 00:58:47,trade,exact,Matched,196.0,4.68
158,2026-05-23 00:58:47,trade,exact,Matched,195.0,4.74
158,2026-05-23 00:58:47,trade,exact,Matched,194.0,1.85
158,2026-05-23 00:58:47,trade,exact,Matched,193.0,2.75
158,2026-05-23 00:58:47,trade,exact,Matched,192.0,5.0
158,2026-05-23 00:58:47,position,api_position_matched,Matched,206.0,0.01
158,2026-05-23 00:58:47,position,api_position_matched,Matched,204.0,6.12
158,2026-05-23 00:58:47,position,api_position_matched,Matched,210.0,0.0
158,2026-05-23 00:58:47,position,api_position_resolved_matched,Matched,197.0,0.0
158,2026-05-23 00:58:47,position,api_position_matched,Matched,200.0,5.63
158,2026-05-23 00:58:47,position,api_position_matched,Matched,201.0,5.06
159,2026-05-23 01:06:34,trade,exact,Matched,212.0,5.26
159,2026-05-23 01:06:34,trade,exact,Matched,211.0,5.11
159,2026-05-23 01:06:34,trade,exact,Matched,210.0,5.07
159,2026-05-23 01:06:34,trade,exact,Matched,209.0,2.5
159,2026-05-23 01:06:34,trade,exact,Matched,208.0,2.57
159,2026-05-23 01:06:34,trade,exact,Matched,207.0,5.25
159,2026-05-23 01:06:34,trade,exact,Matched,206.0,5.26
159,2026-05-23 01:06:34,trade,exact,Matched,205.0,1.96
159,2026-05-23 01:06:34,trade,exact,Matched,204.0,4.41
159,2026-05-23 01:06:34,trade,exact,Matched,203.0,1.73
159,2026-05-23 01:06:34,trade,exact,Matched,202.0,1.8
159,2026-05-23 01:06:34,trade,exact,Matched,201.0,4.5
159,2026-05-23 01:06:34,trade,exact,Matched,200.0,4.5
159,2026-05-23 01:06:34,trade,exact,Matched,199.0,4.5
159,2026-05-23 01:06:34,trade,exact,Matched,198.0,4.73
159,2026-05-23 01:06:34,trade,exact,Matched,197.0,4.74
159,2026-05-23 01:06:34,trade,exact,Matched,196.0,4.68
159,2026-05-23 01:06:34,trade,exact,Matched,195.0,4.74
159,2026-05-23 01:06:34,trade,exact,Matched,194.0,1.85
159,2026-05-23 01:06:34,trade,exact,Matched,193.0,2.75
159,2026-05-23 01:06:34,trade,exact,Matched,192.0,5.0
159,2026-05-23 01:06:34,position,api_position_matched,Matched,206.0,0.01
159,2026-05-23 01:06:34,position,api_position_matched,Matched,204.0,6.12
159,2026-05-23 01:06:34,position,api_position_matched,Matched,210.0,0.0
159,2026-05-23 01:06:34,position,api_position_resolved_matched,Matched,197.0,0.0
159,2026-05-23 01:06:34,position,api_position_matched,Matched,200.0,5.63
159,2026-05-23 01:06:34,position,api_position_matched,Matched,201.0,5.06
160,2026-05-23 01:06:36,trade,exact,Matched,212.0,5.26
160,2026-05-23 01:06:36,trade,exact,Matched,211.0,5.11
160,2026-05-23 01:06:36,trade,exact,Matched,210.0,5.07
160,2026-05-23 01:06:36,trade,exact,Matched,209.0,2.5
160,2026-05-23 01:06:36,trade,exact,Matched,208.0,2.57
160,2026-05-23 01:06:36,trade,exact,Matched,207.0,5.25
160,2026-05-23 01:06:36,trade,exact,Matched,206.0,5.26
160,2026-05-23 01:06:36,trade,exact,Matched,205.0,1.96
160,2026-05-23 01:06:36,trade,exact,Matched,204.0,4.41
160,2026-05-23 01:06:36,trade,exact,Matched,203.0,1.73
160,2026-05-23 01:06:36,trade,exact,Matched,202.0,1.8
160,2026-05-23 01:06:36,trade,exact,Matched,201.0,4.5
160,2026-05-23 01:06:36,trade,exact,Matched,200.0,4.5
160,2026-05-23 01:06:36,trade,exact,Matched,199.0,4.5
160,2026-05-23 01:06:36,trade,exact,Matched,198.0,4.73
160,2026-05-23 01:06:36,trade,exact,Matched,197.0,4.74
160,2026-05-23 01:06:36,trade,exact,Matched,196.0,4.68
160,2026-05-23 01:06:36,trade,exact,Matched,195.0,4.74
160,2026-05-23 01:06:36,trade,exact,Matched,194.0,1.85
160,2026-05-23 01:06:36,trade,exact,Matched,193.0,2.75
160,2026-05-23 01:06:36,trade,exact,Matched,192.0,5.0
160,2026-05-23 01:06:36,position,api_position_matched,Matched,206.0,0.01
160,2026-05-23 01:06:36,position,api_position_matched,Matched,204.0,6.12
160,2026-05-23 01:06:36,position,api_position_matched,Matched,210.0,0.0
160,2026-05-23 01:06:36,position,api_position_resolved_matched,Matched,197.0,0.0
160,2026-05-23 01:06:36,position,api_position_matched,Matched,200.0,5.63
160,2026-05-23 01:06:36,position,api_position_matched,Matched,201.0,5.06
161,2026-05-23 01:06:46,trade,exact,Matched,212.0,5.26
161,2026-05-23 01:06:46,trade,exact,Matched,211.0,5.11
161,2026-05-23 01:06:46,trade,exact,Matched,210.0,5.07
161,2026-05-23 01:06:46,trade,exact,Matched,209.0,2.5
161,2026-05-23 01:06:46,trade,exact,Matched,208.0,2.57
161,2026-05-23 01:06:46,trade,exact,Matched,207.0,5.25
161,2026-05-23 01:06:46,trade,exact,Matched,206.0,5.26
161,2026-05-23 01:06:46,trade,exact,Matched,205.0,1.96
161,2026-05-23 01:06:46,trade,exact,Matched,204.0,4.41
161,2026-05-23 01:06:46,trade,exact,Matched,203.0,1.73
161,2026-05-23 01:06:46,trade,exact,Matched,202.0,1.8
161,2026-05-23 01:06:46,trade,exact,Matched,201.0,4.5
161,2026-05-23 01:06:46,trade,exact,Matched,200.0,4.5
161,2026-05-23 01:06:46,trade,exact,Matched,199.0,4.5
161,2026-05-23 01:06:46,trade,exact,Matched,198.0,4.73
161,2026-05-23 01:06:46,trade,exact,Matched,197.0,4.74
161,2026-05-23 01:06:46,trade,exact,Matched,196.0,4.68
161,2026-05-23 01:06:46,trade,exact,Matched,195.0,4.74
161,2026-05-23 01:06:46,trade,exact,Matched,194.0,1.85
161,2026-05-23 01:06:46,trade,exact,Matched,193.0,2.75
161,2026-05-23 01:06:46,trade,exact,Matched,192.0,5.0
161,2026-05-23 01:06:46,position,api_position_matched,Matched,206.0,0.01
161,2026-05-23 01:06:46,position,api_position_matched,Matched,204.0,6.12
161,2026-05-23 01:06:46,position,api_position_matched,Matched,210.0,0.0
161,2026-05-23 01:06:46,position,api_position_resolved_matched,Matched,197.0,0.0
161,2026-05-23 01:06:46,position,api_position_matched,Matched,200.0,5.63
161,2026-05-23 01:06:46,position,api_position_matched,Matched,201.0,5.06
162,2026-05-23 01:16:53,trade,exact,Matched,212.0,5.26
162,2026-05-23 01:16:53,trade,exact,Matched,211.0,5.11
162,2026-05-23 01:16:53,trade,exact,Matched,210.0,5.07
162,2026-05-23 01:16:53,trade,exact,Matched,209.0,2.5
162,2026-05-23 01:16:53,trade,exact,Matched,208.0,2.57
162,2026-05-23 01:16:53,trade,exact,Matched,207.0,5.25
162,2026-05-23 01:16:53,trade,exact,Matched,206.0,5.26
162,2026-05-23 01:16:53,trade,exact,Matched,205.0,1.96
162,2026-05-23 01:16:53,trade,exact,Matched,204.0,4.41
162,2026-05-23 01:16:53,trade,exact,Matched,203.0,1.73
162,2026-05-23 01:16:53,trade,exact,Matched,202.0,1.8
162,2026-05-23 01:16:53,trade,exact,Matched,201.0,4.5
162,2026-05-23 01:16:53,trade,exact,Matched,200.0,4.5
162,2026-05-23 01:16:53,trade,exact,Matched,199.0,4.5
162,2026-05-23 01:16:53,trade,exact,Matched,198.0,4.73
162,2026-05-23 01:16:53,trade,exact,Matched,197.0,4.74
162,2026-05-23 01:16:53,trade,exact,Matched,196.0,4.68
162,2026-05-23 01:16:53,trade,exact,Matched,195.0,4.74
162,2026-05-23 01:16:53,trade,exact,Matched,194.0,1.85
162,2026-05-23 01:16:53,trade,exact,Matched,193.0,2.75
162,2026-05-23 01:16:53,trade,exact,Matched,192.0,5.0
162,2026-05-23 01:16:53,position,api_position_matched,Matched,206.0,0.01
162,2026-05-23 01:16:53,position,api_position_matched,Matched,204.0,6.12
162,2026-05-23 01:16:53,position,api_position_matched,Matched,210.0,0.0
162,2026-05-23 01:16:53,position,api_position_resolved_matched,Matched,197.0,0.0
162,2026-05-23 01:16:53,position,api_position_matched,Matched,200.0,5.63
162,2026-05-23 01:16:53,position,api_position_matched,Matched,201.0,5.06
163,2026-05-23 01:48:42,trade,exact,Matched,212.0,5.26
163,2026-05-23 01:48:42,trade,exact,Matched,211.0,5.11
163,2026-05-23 01:48:42,trade,exact,Matched,210.0,5.07
163,2026-05-23 01:48:42,trade,exact,Matched,209.0,2.5
163,2026-05-23 01:48:42,trade,exact,Matched,208.0,2.57
163,2026-05-23 01:48:42,trade,exact,Matched,207.0,5.25
163,2026-05-23 01:48:42,trade,exact,Matched,206.0,5.26
163,2026-05-23 01:48:42,trade,exact,Matched,205.0,1.96
163,2026-05-23 01:48:42,trade,exact,Matched,204.0,4.41
163,2026-05-23 01:48:42,trade,exact,Matched,203.0,1.73
163,2026-05-23 01:48:42,trade,exact,Matched,202.0,1.8
163,2026-05-23 01:48:42,trade,exact,Matched,201.0,4.5
163,2026-05-23 01:48:42,trade,exact,Matched,200.0,4.5
163,2026-05-23 01:48:42,trade,exact,Matched,199.0,4.5
163,2026-05-23 01:48:42,trade,exact,Matched,198.0,4.73
163,2026-05-23 01:48:42,trade,exact,Matched,197.0,4.74
163,2026-05-23 01:48:42,trade,exact,Matched,196.0,4.68
163,2026-05-23 01:48:42,trade,exact,Matched,195.0,4.74
163,2026-05-23 01:48:42,trade,exact,Matched,194.0,1.85
163,2026-05-23 01:48:42,trade,exact,Matched,193.0,2.75
163,2026-05-23 01:48:42,trade,exact,Matched,192.0,5.0
163,2026-05-23 01:48:42,position,api_position_matched,Matched,206.0,0.01
163,2026-05-23 01:48:42,position,api_position_matched,Matched,204.0,6.12
163,2026-05-23 01:48:42,position,api_position_matched,Matched,210.0,0.0
163,2026-05-23 01:48:42,position,api_position_resolved_matched,Matched,197.0,0.0
163,2026-05-23 01:48:42,position,api_position_matched,Matched,200.0,5.63
163,2026-05-23 01:48:42,position,api_position_matched,Matched,201.0,5.06
164,2026-05-23 02:21:25,trade,exact,Matched,212.0,5.26
164,2026-05-23 02:21:25,trade,exact,Matched,211.0,5.11
164,2026-05-23 02:21:25,trade,exact,Matched,210.0,5.07
164,2026-05-23 02:21:25,trade,exact,Matched,209.0,2.5
164,2026-05-23 02:21:25,trade,exact,Matched,208.0,2.57
164,2026-05-23 02:21:25,trade,exact,Matched,207.0,5.25
164,2026-05-23 02:21:25,trade,exact,Matched,206.0,5.26
164,2026-05-23 02:21:25,trade,exact,Matched,205.0,1.96
164,2026-05-23 02:21:25,trade,exact,Matched,204.0,4.41
164,2026-05-23 02:21:25,trade,exact,Matched,203.0,1.73
164,2026-05-23 02:21:25,trade,exact,Matched,202.0,1.8
164,2026-05-23 02:21:25,trade,exact,Matched,201.0,4.5
164,2026-05-23 02:21:25,trade,exact,Matched,200.0,4.5
164,2026-05-23 02:21:25,trade,exact,Matched,199.0,4.5
164,2026-05-23 02:21:25,trade,exact,Matched,198.0,4.73
164,2026-05-23 02:21:25,trade,exact,Matched,197.0,4.74
164,2026-05-23 02:21:25,trade,exact,Matched,196.0,4.68
164,2026-05-23 02:21:25,trade,exact,Matched,195.0,4.74
164,2026-05-23 02:21:25,trade,exact,Matched,194.0,1.85
164,2026-05-23 02:21:25,trade,exact,Matched,193.0,2.75
164,2026-05-23 02:21:25,trade,exact,Matched,192.0,5.0
164,2026-05-23 02:21:25,position,api_position_matched,Matched,206.0,0.0
164,2026-05-23 02:21:25,position,api_position_matched,Matched,204.0,6.12
164,2026-05-23 02:21:25,position,api_position_matched,Matched,210.0,0.0
164,2026-05-23 02:21:25,position,api_position_resolved_matched,Matched,197.0,0.0
164,2026-05-23 02:21:25,position,api_position_matched,Matched,200.0,5.63
164,2026-05-23 02:21:25,position,api_position_matched,Matched,201.0,5.06
165,2026-05-23 02:38:52,trade,exact,Matched,212.0,5.26
165,2026-05-23 02:38:52,trade,exact,Matched,211.0,5.11
165,2026-05-23 02:38:52,trade,exact,Matched,210.0,5.07
165,2026-05-23 02:38:52,trade,exact,Matched,209.0,2.5
165,2026-05-23 02:38:52,trade,exact,Matched,208.0,2.57
165,2026-05-23 02:38:52,trade,exact,Matched,207.0,5.25
165,2026-05-23 02:38:52,trade,exact,Matched,206.0,5.26
165,2026-05-23 02:38:52,trade,exact,Matched,205.0,1.96
165,2026-05-23 02:38:52,trade,exact,Matched,204.0,4.41
165,2026-05-23 02:38:52,trade,exact,Matched,203.0,1.73
165,2026-05-23 02:38:52,trade,exact,Matched,202.0,1.8
165,2026-05-23 02:38:52,trade,exact,Matched,201.0,4.5
165,2026-05-23 02:38:52,trade,exact,Matched,200.0,4.5
165,2026-05-23 02:38:52,trade,exact,Matched,199.0,4.5
165,2026-05-23 02:38:52,trade,exact,Matched,198.0,4.73
165,2026-05-23 02:38:52,trade,exact,Matched,197.0,4.74
165,2026-05-23 02:38:52,trade,exact,Matched,196.0,4.68
165,2026-05-23 02:38:52,trade,exact,Matched,195.0,4.74
165,2026-05-23 02:38:52,trade,exact,Matched,194.0,1.85
165,2026-05-23 02:38:52,trade,exact,Matched,193.0,2.75
165,2026-05-23 02:38:52,trade,exact,Matched,192.0,5.0
165,2026-05-23 02:38:52,position,api_position_matched,Matched,206.0,0.01
165,2026-05-23 02:38:52,position,api_position_matched,Matched,204.0,6.12
165,2026-05-23 02:38:52,position,api_position_matched,Matched,210.0,0.0
165,2026-05-23 02:38:52,position,api_position_resolved_matched,Matched,197.0,0.0
165,2026-05-23 02:38:52,position,api_position_matched,Matched,200.0,5.63
165,2026-05-23 02:38:52,position,api_position_matched,Matched,201.0,5.06
166,2026-05-23 03:08:19,trade,exact,Matched,212.0,5.26
166,2026-05-23 03:08:19,trade,exact,Matched,211.0,5.11
166,2026-05-23 03:08:19,trade,exact,Matched,210.0,5.07
166,2026-05-23 03:08:19,trade,exact,Matched,209.0,2.5
166,2026-05-23 03:08:19,trade,exact,Matched,208.0,2.57
166,2026-05-23 03:08:19,trade,exact,Matched,207.0,5.25
166,2026-05-23 03:08:19,trade,exact,Matched,206.0,5.26
166,2026-05-23 03:08:19,trade,exact,Matched,205.0,1.96
166,2026-05-23 03:08:19,trade,exact,Matched,204.0,4.41
166,2026-05-23 03:08:19,trade,exact,Matched,203.0,1.73
166,2026-05-23 03:08:19,trade,exact,Matched,202.0,1.8
166,2026-05-23 03:08:19,trade,exact,Matched,201.0,4.5
166,2026-05-23 03:08:19,trade,exact,Matched,200.0,4.5
166,2026-05-23 03:08:19,trade,exact,Matched,199.0,4.5
166,2026-05-23 03:08:19,trade,exact,Matched,198.0,4.73
166,2026-05-23 03:08:19,trade,exact,Matched,197.0,4.74
166,2026-05-23 03:08:19,trade,exact,Matched,196.0,4.68
166,2026-05-23 03:08:19,trade,exact,Matched,195.0,4.74
166,2026-05-23 03:08:19,trade,exact,Matched,194.0,1.85
166,2026-05-23 03:08:19,trade,exact,Matched,193.0,2.75
166,2026-05-23 03:08:19,trade,exact,Matched,192.0,5.0
166,2026-05-23 03:08:19,position,api_position_matched,Matched,206.0,0.01
166,2026-05-23 03:08:19,position,api_position_matched,Matched,204.0,6.12
166,2026-05-23 03:08:19,position,api_position_matched,Matched,210.0,0.0
166,2026-05-23 03:08:19,position,api_position_resolved_matched,Matched,197.0,0.0
166,2026-05-23 03:08:19,position,api_position_matched,Matched,200.0,5.63
166,2026-05-23 03:08:19,position,api_position_matched,Matched,201.0,5.06
167,2026-05-23 03:39:16,trade,exact,Matched,212.0,5.26
167,2026-05-23 03:39:16,trade,exact,Matched,211.0,5.11
167,2026-05-23 03:39:16,trade,exact,Matched,210.0,5.07
167,2026-05-23 03:39:16,trade,exact,Matched,209.0,2.5
167,2026-05-23 03:39:16,trade,exact,Matched,208.0,2.57
167,2026-05-23 03:39:16,trade,exact,Matched,207.0,5.25
167,2026-05-23 03:39:16,trade,exact,Matched,206.0,5.26
167,2026-05-23 03:39:16,trade,exact,Matched,205.0,1.96
167,2026-05-23 03:39:16,trade,exact,Matched,204.0,4.41
167,2026-05-23 03:39:16,trade,exact,Matched,203.0,1.73
167,2026-05-23 03:39:16,trade,exact,Matched,202.0,1.8
167,2026-05-23 03:39:16,trade,exact,Matched,201.0,4.5
167,2026-05-23 03:39:16,trade,exact,Matched,200.0,4.5
167,2026-05-23 03:39:16,trade,exact,Matched,199.0,4.5
167,2026-05-23 03:39:16,trade,exact,Matched,198.0,4.73
167,2026-05-23 03:39:16,trade,exact,Matched,197.0,4.74
167,2026-05-23 03:39:16,trade,exact,Matched,196.0,4.68
167,2026-05-23 03:39:16,trade,exact,Matched,195.0,4.74
167,2026-05-23 03:39:16,trade,exact,Matched,194.0,1.85
167,2026-05-23 03:39:16,trade,exact,Matched,193.0,2.75
167,2026-05-23 03:39:16,trade,exact,Matched,192.0,5.0
167,2026-05-23 03:39:16,position,api_position_matched,Matched,206.0,0.0
167,2026-05-23 03:39:16,position,api_position_matched,Matched,204.0,6.12
167,2026-05-23 03:39:16,position,api_position_matched,Matched,210.0,0.0
167,2026-05-23 03:39:16,position,api_position_resolved_matched,Matched,197.0,0.0
167,2026-05-23 03:39:16,position,api_position_matched,Matched,200.0,5.63
167,2026-05-23 03:39:16,position,api_position_matched,Matched,201.0,5.06
168,2026-05-23 04:57:00,trade,exact,Matched,212.0,5.26
168,2026-05-23 04:57:00,trade,exact,Matched,211.0,5.11
168,2026-05-23 04:57:00,trade,exact,Matched,210.0,5.07
168,2026-05-23 04:57:00,trade,exact,Matched,209.0,2.5
168,2026-05-23 04:57:00,trade,exact,Matched,208.0,2.57
168,2026-05-23 04:57:00,trade,exact,Matched,207.0,5.25
168,2026-05-23 04:57:00,trade,exact,Matched,206.0,5.26
168,2026-05-23 04:57:00,trade,exact,Matched,205.0,1.96
168,2026-05-23 04:57:00,trade,exact,Matched,204.0,4.41
168,2026-05-23 04:57:00,trade,exact,Matched,203.0,1.73
168,2026-05-23 04:57:00,trade,exact,Matched,202.0,1.8
168,2026-05-23 04:57:00,trade,exact,Matched,201.0,4.5
168,2026-05-23 04:57:00,trade,exact,Matched,200.0,4.5
168,2026-05-23 04:57:00,trade,exact,Matched,199.0,4.5
168,2026-05-23 04:57:00,trade,exact,Matched,198.0,4.73
168,2026-05-23 04:57:00,trade,exact,Matched,197.0,4.74
168,2026-05-23 04:57:00,trade,exact,Matched,196.0,4.68
168,2026-05-23 04:57:00,trade,exact,Matched,195.0,4.74
168,2026-05-23 04:57:00,trade,exact,Matched,194.0,1.85
168,2026-05-23 04:57:00,trade,exact,Matched,193.0,2.75
168,2026-05-23 04:57:00,trade,exact,Matched,192.0,5.0
168,2026-05-23 04:57:00,position,api_position_matched,Matched,206.0,0.0
168,2026-05-23 04:57:00,position,api_position_matched,Matched,204.0,6.12
168,2026-05-23 04:57:00,position,api_position_matched,Matched,210.0,0.0
168,2026-05-23 04:57:00,position,api_position_resolved_matched,Matched,197.0,0.0
168,2026-05-23 04:57:00,position,api_position_resolved_matched,Matched,200.0,5.63
168,2026-05-23 04:57:00,position,api_position_resolved_matched,Matched,201.0,5.06
169,2026-05-23 05:18:27,trade,exact,Matched,212.0,5.26
169,2026-05-23 05:18:27,trade,exact,Matched,211.0,5.11
169,2026-05-23 05:18:27,trade,exact,Matched,210.0,5.07
169,2026-05-23 05:18:27,trade,exact,Matched,209.0,2.5
169,2026-05-23 05:18:27,trade,exact,Matched,208.0,2.57
169,2026-05-23 05:18:27,trade,exact,Matched,207.0,5.25
169,2026-05-23 05:18:27,trade,exact,Matched,206.0,5.26
169,2026-05-23 05:18:27,trade,exact,Matched,205.0,1.96
169,2026-05-23 05:18:27,trade,exact,Matched,204.0,4.41
169,2026-05-23 05:18:27,trade,exact,Matched,203.0,1.73
169,2026-05-23 05:18:27,trade,exact,Matched,202.0,1.8
169,2026-05-23 05:18:27,trade,exact,Matched,201.0,4.5
169,2026-05-23 05:18:27,trade,exact,Matched,200.0,4.5
169,2026-05-23 05:18:27,trade,exact,Matched,199.0,4.5
169,2026-05-23 05:18:27,trade,exact,Matched,198.0,4.73
169,2026-05-23 05:18:27,trade,exact,Matched,197.0,4.74
169,2026-05-23 05:18:27,trade,exact,Matched,196.0,4.68
169,2026-05-23 05:18:27,trade,exact,Matched,195.0,4.74
169,2026-05-23 05:18:27,trade,exact,Matched,194.0,1.85
169,2026-05-23 05:18:27,trade,exact,Matched,193.0,2.75
169,2026-05-23 05:18:27,trade,exact,Matched,192.0,5.0
169,2026-05-23 05:18:27,position,api_position_matched,Matched,206.0,0.0
169,2026-05-23 05:18:27,position,api_position_matched,Matched,204.0,6.12
169,2026-05-23 05:18:27,position,api_position_matched,Matched,210.0,0.0
169,2026-05-23 05:18:27,position,api_position_resolved_matched,Matched,197.0,0.0
169,2026-05-23 05:18:27,position,api_position_resolved_matched,Matched,201.0,5.06
170,2026-05-23 05:56:31,trade,exact,Matched,212.0,5.26
170,2026-05-23 05:56:31,trade,exact,Matched,211.0,5.11
170,2026-05-23 05:56:31,trade,exact,Matched,210.0,5.07
170,2026-05-23 05:56:31,trade,exact,Matched,209.0,2.5
170,2026-05-23 05:56:31,trade,exact,Matched,208.0,2.57
170,2026-05-23 05:56:31,trade,exact,Matched,207.0,5.25
170,2026-05-23 05:56:31,trade,exact,Matched,206.0,5.26
170,2026-05-23 05:56:31,trade,exact,Matched,205.0,1.96
170,2026-05-23 05:56:31,trade,exact,Matched,204.0,4.41
170,2026-05-23 05:56:31,trade,exact,Matched,203.0,1.73
170,2026-05-23 05:56:31,trade,exact,Matched,202.0,1.8
170,2026-05-23 05:56:31,trade,exact,Matched,201.0,4.5
170,2026-05-23 05:56:31,trade,exact,Matched,200.0,4.5
170,2026-05-23 05:56:31,trade,exact,Matched,199.0,4.5
170,2026-05-23 05:56:31,trade,exact,Matched,198.0,4.73
170,2026-05-23 05:56:31,trade,exact,Matched,197.0,4.74
170,2026-05-23 05:56:31,trade,exact,Matched,196.0,4.68
170,2026-05-23 05:56:31,trade,exact,Matched,195.0,4.74
170,2026-05-23 05:56:31,trade,exact,Matched,194.0,1.85
170,2026-05-23 05:56:31,trade,exact,Matched,193.0,2.75
170,2026-05-23 05:56:31,trade,exact,Matched,192.0,5.0
170,2026-05-23 05:56:31,position,api_position_matched,Matched,206.0,0.0
170,2026-05-23 05:56:31,position,api_position_resolved_matched,Matched,204.0,6.12
170,2026-05-23 05:56:31,position,api_position_resolved_matched,Matched,210.0,0.0
170,2026-05-23 05:56:31,position,api_position_resolved_matched,Matched,197.0,0.0
171,2026-05-23 06:29:24,trade,exact,Matched,212.0,5.26
171,2026-05-23 06:29:24,trade,exact,Matched,211.0,5.11
171,2026-05-23 06:29:24,trade,exact,Matched,210.0,5.07
171,2026-05-23 06:29:24,trade,exact,Matched,209.0,2.5
171,2026-05-23 06:29:24,trade,exact,Matched,208.0,2.57
171,2026-05-23 06:29:24,trade,exact,Matched,207.0,5.25
171,2026-05-23 06:29:24,trade,exact,Matched,206.0,5.26
171,2026-05-23 06:29:24,trade,exact,Matched,205.0,1.96
171,2026-05-23 06:29:24,trade,exact,Matched,204.0,4.41
171,2026-05-23 06:29:24,trade,exact,Matched,203.0,1.73
171,2026-05-23 06:29:24,trade,exact,Matched,202.0,1.8
171,2026-05-23 06:29:24,trade,exact,Matched,201.0,4.5
171,2026-05-23 06:29:24,trade,exact,Matched,200.0,4.5
171,2026-05-23 06:29:24,trade,exact,Matched,199.0,4.5
171,2026-05-23 06:29:24,trade,exact,Matched,198.0,4.73
171,2026-05-23 06:29:24,trade,exact,Matched,197.0,4.74
171,2026-05-23 06:29:24,trade,exact,Matched,196.0,4.68
171,2026-05-23 06:29:24,trade,exact,Matched,195.0,4.74
171,2026-05-23 06:29:24,trade,exact,Matched,194.0,1.85
171,2026-05-23 06:29:24,trade,exact,Matched,193.0,2.75
171,2026-05-23 06:29:24,trade,exact,Matched,192.0,5.0
171,2026-05-23 06:29:24,position,api_position_matched,Matched,206.0,0.0
171,2026-05-23 06:29:24,position,api_position_resolved_matched,Matched,204.0,6.12
171,2026-05-23 06:29:24,position,api_position_resolved_matched,Matched,210.0,0.0
171,2026-05-23 06:29:24,position,api_position_resolved_matched,Matched,197.0,0.0
172,2026-05-23 07:41:56,trade,exact,Matched,212.0,5.26
172,2026-05-23 07:41:56,trade,exact,Matched,211.0,5.11
172,2026-05-23 07:41:56,trade,exact,Matched,210.0,5.07
172,2026-05-23 07:41:56,trade,exact,Matched,209.0,2.5
172,2026-05-23 07:41:56,trade,exact,Matched,208.0,2.57
172,2026-05-23 07:41:56,trade,exact,Matched,207.0,5.25
172,2026-05-23 07:41:56,trade,exact,Matched,206.0,5.26
172,2026-05-23 07:41:56,trade,exact,Matched,205.0,1.96
172,2026-05-23 07:41:56,trade,exact,Matched,204.0,4.41
172,2026-05-23 07:41:56,trade,exact,Matched,203.0,1.73
172,2026-05-23 07:41:56,trade,exact,Matched,202.0,1.8
172,2026-05-23 07:41:56,trade,exact,Matched,201.0,4.5
172,2026-05-23 07:41:56,trade,exact,Matched,200.0,4.5
172,2026-05-23 07:41:56,trade,exact,Matched,199.0,4.5
172,2026-05-23 07:41:56,trade,exact,Matched,198.0,4.73
172,2026-05-23 07:41:56,trade,exact,Matched,197.0,4.74
172,2026-05-23 07:41:56,trade,exact,Matched,196.0,4.68
172,2026-05-23 07:41:56,trade,exact,Matched,195.0,4.74
172,2026-05-23 07:41:56,trade,exact,Matched,194.0,1.85
172,2026-05-23 07:41:56,trade,exact,Matched,193.0,2.75
172,2026-05-23 07:41:56,trade,exact,Matched,192.0,5.0
172,2026-05-23 07:41:56,position,api_position_resolved_matched,Matched,206.0,0.0
172,2026-05-23 07:41:56,position,api_position_resolved_matched,Matched,210.0,0.0
172,2026-05-23 07:41:56,position,api_position_resolved_matched,Matched,197.0,0.0
173,2026-05-23 07:51:08,trade,exact,Matched,212.0,5.26
173,2026-05-23 07:51:08,trade,exact,Matched,211.0,5.11
173,2026-05-23 07:51:08,trade,exact,Matched,210.0,5.07
173,2026-05-23 07:51:08,trade,exact,Matched,209.0,2.5
173,2026-05-23 07:51:08,trade,exact,Matched,208.0,2.57
173,2026-05-23 07:51:08,trade,exact,Matched,207.0,5.25
173,2026-05-23 07:51:08,trade,exact,Matched,206.0,5.26
173,2026-05-23 07:51:08,trade,exact,Matched,205.0,1.96
173,2026-05-23 07:51:08,trade,exact,Matched,204.0,4.41
173,2026-05-23 07:51:08,trade,exact,Matched,203.0,1.73
173,2026-05-23 07:51:08,trade,exact,Matched,202.0,1.8
173,2026-05-23 07:51:08,trade,exact,Matched,201.0,4.5
173,2026-05-23 07:51:08,trade,exact,Matched,200.0,4.5
173,2026-05-23 07:51:08,trade,exact,Matched,199.0,4.5
173,2026-05-23 07:51:08,trade,exact,Matched,198.0,4.73
173,2026-05-23 07:51:08,trade,exact,Matched,197.0,4.74
173,2026-05-23 07:51:08,trade,exact,Matched,196.0,4.68
173,2026-05-23 07:51:08,trade,exact,Matched,195.0,4.74
173,2026-05-23 07:51:08,trade,exact,Matched,194.0,1.85
173,2026-05-23 07:51:08,trade,exact,Matched,193.0,2.75
173,2026-05-23 07:51:08,trade,exact,Matched,192.0,5.0
173,2026-05-23 07:51:08,position,api_position_resolved_matched,Matched,206.0,0.0
173,2026-05-23 07:51:08,position,api_position_resolved_matched,Matched,210.0,0.0
173,2026-05-23 07:51:08,position,api_position_resolved_matched,Matched,197.0,0.0
174,2026-05-23 07:51:09,trade,exact,Matched,212.0,5.26
174,2026-05-23 07:51:09,trade,exact,Matched,211.0,5.11
174,2026-05-23 07:51:09,trade,exact,Matched,210.0,5.07
174,2026-05-23 07:51:09,trade,exact,Matched,209.0,2.5
174,2026-05-23 07:51:09,trade,exact,Matched,208.0,2.57
174,2026-05-23 07:51:09,trade,exact,Matched,207.0,5.25
174,2026-05-23 07:51:09,trade,exact,Matched,206.0,5.26
174,2026-05-23 07:51:09,trade,exact,Matched,205.0,1.96
174,2026-05-23 07:51:09,trade,exact,Matched,204.0,4.41
174,2026-05-23 07:51:09,trade,exact,Matched,203.0,1.73
174,2026-05-23 07:51:09,trade,exact,Matched,202.0,1.8
174,2026-05-23 07:51:09,trade,exact,Matched,201.0,4.5
174,2026-05-23 07:51:09,trade,exact,Matched,200.0,4.5
174,2026-05-23 07:51:09,trade,exact,Matched,199.0,4.5
174,2026-05-23 07:51:09,trade,exact,Matched,198.0,4.73
174,2026-05-23 07:51:09,trade,exact,Matched,197.0,4.74
174,2026-05-23 07:51:09,trade,exact,Matched,196.0,4.68
174,2026-05-23 07:51:09,trade,exact,Matched,195.0,4.74
174,2026-05-23 07:51:09,trade,exact,Matched,194.0,1.85
174,2026-05-23 07:51:09,trade,exact,Matched,193.0,2.75
174,2026-05-23 07:51:09,trade,exact,Matched,192.0,5.0
174,2026-05-23 07:51:09,position,api_position_resolved_matched,Matched,206.0,0.0
174,2026-05-23 07:51:09,position,api_position_resolved_matched,Matched,210.0,0.0
174,2026-05-23 07:51:09,position,api_position_resolved_matched,Matched,197.0,0.0
175,2026-05-23 08:01:10,trade,exact,Matched,212.0,5.26
175,2026-05-23 08:01:10,trade,exact,Matched,211.0,5.11
175,2026-05-23 08:01:10,trade,exact,Matched,210.0,5.07
175,2026-05-23 08:01:10,trade,exact,Matched,209.0,2.5
175,2026-05-23 08:01:10,trade,exact,Matched,208.0,2.57
175,2026-05-23 08:01:10,trade,exact,Matched,207.0,5.25
175,2026-05-23 08:01:10,trade,exact,Matched,206.0,5.26
175,2026-05-23 08:01:10,trade,exact,Matched,205.0,1.96
175,2026-05-23 08:01:10,trade,exact,Matched,204.0,4.41
175,2026-05-23 08:01:10,trade,exact,Matched,203.0,1.73
175,2026-05-23 08:01:10,trade,exact,Matched,202.0,1.8
175,2026-05-23 08:01:10,trade,exact,Matched,201.0,4.5
175,2026-05-23 08:01:10,trade,exact,Matched,200.0,4.5
175,2026-05-23 08:01:10,trade,exact,Matched,199.0,4.5
175,2026-05-23 08:01:10,trade,exact,Matched,198.0,4.73
175,2026-05-23 08:01:10,trade,exact,Matched,197.0,4.74
175,2026-05-23 08:01:10,trade,exact,Matched,196.0,4.68
175,2026-05-23 08:01:10,trade,exact,Matched,195.0,4.74
175,2026-05-23 08:01:10,trade,exact,Matched,194.0,1.85
175,2026-05-23 08:01:10,trade,exact,Matched,193.0,2.75
175,2026-05-23 08:01:10,trade,exact,Matched,192.0,5.0
175,2026-05-23 08:01:10,position,api_position_resolved_matched,Matched,206.0,0.0
175,2026-05-23 08:01:10,position,api_position_resolved_matched,Matched,210.0,0.0
175,2026-05-23 08:01:10,position,api_position_resolved_matched,Matched,197.0,0.0
176,2026-05-23 08:03:56,trade,exact,Matched,212.0,5.26
176,2026-05-23 08:03:56,trade,exact,Matched,211.0,5.11
176,2026-05-23 08:03:56,trade,exact,Matched,210.0,5.07
176,2026-05-23 08:03:56,trade,exact,Matched,209.0,2.5
176,2026-05-23 08:03:56,trade,exact,Matched,208.0,2.57
176,2026-05-23 08:03:56,trade,exact,Matched,207.0,5.25
176,2026-05-23 08:03:56,trade,exact,Matched,206.0,5.26
176,2026-05-23 08:03:56,trade,exact,Matched,205.0,1.96
176,2026-05-23 08:03:56,trade,exact,Matched,204.0,4.41
176,2026-05-23 08:03:56,trade,exact,Matched,203.0,1.73
176,2026-05-23 08:03:56,trade,exact,Matched,202.0,1.8
176,2026-05-23 08:03:56,trade,exact,Matched,201.0,4.5
176,2026-05-23 08:03:56,trade,exact,Matched,200.0,4.5
176,2026-05-23 08:03:56,trade,exact,Matched,199.0,4.5
176,2026-05-23 08:03:56,trade,exact,Matched,198.0,4.73
176,2026-05-23 08:03:56,trade,exact,Matched,197.0,4.74
176,2026-05-23 08:03:56,trade,exact,Matched,196.0,4.68
176,2026-05-23 08:03:56,trade,exact,Matched,195.0,4.74
176,2026-05-23 08:03:56,trade,exact,Matched,194.0,1.85
176,2026-05-23 08:03:56,trade,exact,Matched,193.0,2.75
176,2026-05-23 08:03:56,trade,exact,Matched,192.0,5.0
176,2026-05-23 08:03:56,position,api_position_resolved_matched,Matched,206.0,0.0
176,2026-05-23 08:03:56,position,api_position_resolved_matched,Matched,210.0,0.0
176,2026-05-23 08:03:56,position,api_position_resolved_matched,Matched,197.0,0.0
177,2026-05-23 08:03:57,trade,exact,Matched,212.0,5.26
177,2026-05-23 08:03:57,trade,exact,Matched,211.0,5.11
177,2026-05-23 08:03:57,trade,exact,Matched,210.0,5.07
177,2026-05-23 08:03:57,trade,exact,Matched,209.0,2.5
177,2026-05-23 08:03:57,trade,exact,Matched,208.0,2.57
177,2026-05-23 08:03:57,trade,exact,Matched,207.0,5.25
177,2026-05-23 08:03:57,trade,exact,Matched,206.0,5.26
177,2026-05-23 08:03:57,trade,exact,Matched,205.0,1.96
177,2026-05-23 08:03:57,trade,exact,Matched,204.0,4.41
177,2026-05-23 08:03:57,trade,exact,Matched,203.0,1.73
177,2026-05-23 08:03:57,trade,exact,Matched,202.0,1.8
177,2026-05-23 08:03:57,trade,exact,Matched,201.0,4.5
177,2026-05-23 08:03:57,trade,exact,Matched,200.0,4.5
177,2026-05-23 08:03:57,trade,exact,Matched,199.0,4.5
177,2026-05-23 08:03:57,trade,exact,Matched,198.0,4.73
177,2026-05-23 08:03:57,trade,exact,Matched,197.0,4.74
177,2026-05-23 08:03:57,trade,exact,Matched,196.0,4.68
177,2026-05-23 08:03:57,trade,exact,Matched,195.0,4.74
177,2026-05-23 08:03:57,trade,exact,Matched,194.0,1.85
177,2026-05-23 08:03:57,trade,exact,Matched,193.0,2.75
177,2026-05-23 08:03:57,trade,exact,Matched,192.0,5.0
177,2026-05-23 08:03:57,position,api_position_resolved_matched,Matched,206.0,0.0
177,2026-05-23 08:03:57,position,api_position_resolved_matched,Matched,210.0,0.0
177,2026-05-23 08:03:57,position,api_position_resolved_matched,Matched,197.0,0.0
178,2026-05-23 08:13:58,trade,exact,Matched,212.0,5.26
178,2026-05-23 08:13:58,trade,exact,Matched,211.0,5.11
178,2026-05-23 08:13:58,trade,exact,Matched,210.0,5.07
178,2026-05-23 08:13:58,trade,exact,Matched,209.0,2.5
178,2026-05-23 08:13:58,trade,exact,Matched,208.0,2.57
178,2026-05-23 08:13:58,trade,exact,Matched,207.0,5.25
178,2026-05-23 08:13:58,trade,exact,Matched,206.0,5.26
178,2026-05-23 08:13:58,trade,exact,Matched,205.0,1.96
178,2026-05-23 08:13:58,trade,exact,Matched,204.0,4.41
178,2026-05-23 08:13:58,trade,exact,Matched,203.0,1.73
178,2026-05-23 08:13:58,trade,exact,Matched,202.0,1.8
178,2026-05-23 08:13:58,trade,exact,Matched,201.0,4.5
178,2026-05-23 08:13:58,trade,exact,Matched,200.0,4.5
178,2026-05-23 08:13:58,trade,exact,Matched,199.0,4.5
178,2026-05-23 08:13:58,trade,exact,Matched,198.0,4.73
178,2026-05-23 08:13:58,trade,exact,Matched,197.0,4.74
178,2026-05-23 08:13:58,trade,exact,Matched,196.0,4.68
178,2026-05-23 08:13:58,trade,exact,Matched,195.0,4.74
178,2026-05-23 08:13:58,trade,exact,Matched,194.0,1.85
178,2026-05-23 08:13:58,trade,exact,Matched,193.0,2.75
178,2026-05-23 08:13:58,trade,exact,Matched,192.0,5.0
178,2026-05-23 08:13:58,position,api_position_resolved_matched,Matched,206.0,0.0
178,2026-05-23 08:13:58,position,api_position_resolved_matched,Matched,210.0,0.0
178,2026-05-23 08:13:58,position,api_position_resolved_matched,Matched,197.0,0.0
179,2026-05-23 08:23:59,trade,exact,Matched,212.0,5.26
179,2026-05-23 08:23:59,trade,exact,Matched,211.0,5.11
179,2026-05-23 08:23:59,trade,exact,Matched,210.0,5.07
179,2026-05-23 08:23:59,trade,exact,Matched,209.0,2.5
179,2026-05-23 08:23:59,trade,exact,Matched,208.0,2.57
179,2026-05-23 08:23:59,trade,exact,Matched,207.0,5.25
179,2026-05-23 08:23:59,trade,exact,Matched,206.0,5.26
179,2026-05-23 08:23:59,trade,exact,Matched,205.0,1.96
179,2026-05-23 08:23:59,trade,exact,Matched,204.0,4.41
179,2026-05-23 08:23:59,trade,exact,Matched,203.0,1.73
179,2026-05-23 08:23:59,trade,exact,Matched,202.0,1.8
179,2026-05-23 08:23:59,trade,exact,Matched,201.0,4.5
179,2026-05-23 08:23:59,trade,exact,Matched,200.0,4.5
179,2026-05-23 08:23:59,trade,exact,Matched,199.0,4.5
179,2026-05-23 08:23:59,trade,exact,Matched,198.0,4.73
179,2026-05-23 08:23:59,trade,exact,Matched,197.0,4.74
179,2026-05-23 08:23:59,trade,exact,Matched,196.0,4.68
179,2026-05-23 08:23:59,trade,exact,Matched,195.0,4.74
179,2026-05-23 08:23:59,trade,exact,Matched,194.0,1.85
179,2026-05-23 08:23:59,trade,exact,Matched,193.0,2.75
179,2026-05-23 08:23:59,trade,exact,Matched,192.0,5.0
179,2026-05-23 08:23:59,position,api_position_resolved_matched,Matched,206.0,0.0
179,2026-05-23 08:23:59,position,api_position_resolved_matched,Matched,210.0,0.0
179,2026-05-23 08:23:59,position,api_position_resolved_matched,Matched,197.0,0.0
180,2026-05-23 08:33:58,trade,exact,Matched,212.0,5.26
180,2026-05-23 08:33:58,trade,exact,Matched,211.0,5.11
180,2026-05-23 08:33:58,trade,exact,Matched,210.0,5.07
180,2026-05-23 08:33:58,trade,exact,Matched,209.0,2.5
180,2026-05-23 08:33:58,trade,exact,Matched,208.0,2.57
180,2026-05-23 08:33:58,trade,exact,Matched,207.0,5.25
180,2026-05-23 08:33:58,trade,exact,Matched,206.0,5.26
180,2026-05-23 08:33:58,trade,exact,Matched,205.0,1.96
180,2026-05-23 08:33:58,trade,exact,Matched,204.0,4.41
180,2026-05-23 08:33:58,trade,exact,Matched,203.0,1.73
180,2026-05-23 08:33:58,trade,exact,Matched,202.0,1.8
180,2026-05-23 08:33:58,trade,exact,Matched,201.0,4.5
180,2026-05-23 08:33:58,trade,exact,Matched,200.0,4.5
180,2026-05-23 08:33:58,trade,exact,Matched,199.0,4.5
180,2026-05-23 08:33:58,trade,exact,Matched,198.0,4.73
180,2026-05-23 08:33:58,trade,exact,Matched,197.0,4.74
180,2026-05-23 08:33:58,trade,exact,Matched,196.0,4.68
180,2026-05-23 08:33:58,trade,exact,Matched,195.0,4.74
180,2026-05-23 08:33:58,trade,exact,Matched,194.0,1.85
180,2026-05-23 08:33:58,trade,exact,Matched,193.0,2.75
180,2026-05-23 08:33:58,trade,exact,Matched,192.0,5.0
180,2026-05-23 08:33:58,position,api_position_resolved_matched,Matched,206.0,0.0
180,2026-05-23 08:33:58,position,api_position_resolved_matched,Matched,210.0,0.0
180,2026-05-23 08:33:58,position,api_position_resolved_matched,Matched,197.0,0.0
181,2026-05-23 08:43:58,trade,exact,Matched,212.0,5.26
181,2026-05-23 08:43:58,trade,exact,Matched,211.0,5.11
181,2026-05-23 08:43:58,trade,exact,Matched,210.0,5.07
181,2026-05-23 08:43:58,trade,exact,Matched,209.0,2.5
181,2026-05-23 08:43:58,trade,exact,Matched,208.0,2.57
181,2026-05-23 08:43:58,trade,exact,Matched,207.0,5.25
181,2026-05-23 08:43:58,trade,exact,Matched,206.0,5.26
181,2026-05-23 08:43:58,trade,exact,Matched,205.0,1.96
181,2026-05-23 08:43:58,trade,exact,Matched,204.0,4.41
181,2026-05-23 08:43:58,trade,exact,Matched,203.0,1.73
181,2026-05-23 08:43:58,trade,exact,Matched,202.0,1.8
181,2026-05-23 08:43:58,trade,exact,Matched,201.0,4.5
181,2026-05-23 08:43:58,trade,exact,Matched,200.0,4.5
181,2026-05-23 08:43:58,trade,exact,Matched,199.0,4.5
181,2026-05-23 08:43:58,trade,exact,Matched,198.0,4.73
181,2026-05-23 08:43:58,trade,exact,Matched,197.0,4.74
181,2026-05-23 08:43:58,trade,exact,Matched,196.0,4.68
181,2026-05-23 08:43:58,trade,exact,Matched,195.0,4.74
181,2026-05-23 08:43:58,trade,exact,Matched,194.0,1.85
181,2026-05-23 08:43:58,trade,exact,Matched,193.0,2.75
181,2026-05-23 08:43:58,trade,exact,Matched,192.0,5.0
181,2026-05-23 08:43:58,position,api_position_resolved_matched,Matched,206.0,0.0
181,2026-05-23 08:43:58,position,api_position_resolved_matched,Matched,210.0,0.0
181,2026-05-23 08:43:58,position,api_position_resolved_matched,Matched,197.0,0.0
182,2026-05-23 08:53:58,trade,exact,Matched,212.0,5.26
182,2026-05-23 08:53:58,trade,exact,Matched,211.0,5.11
182,2026-05-23 08:53:58,trade,exact,Matched,210.0,5.07
182,2026-05-23 08:53:58,trade,exact,Matched,209.0,2.5
182,2026-05-23 08:53:58,trade,exact,Matched,208.0,2.57
182,2026-05-23 08:53:58,trade,exact,Matched,207.0,5.25
182,2026-05-23 08:53:58,trade,exact,Matched,206.0,5.26
182,2026-05-23 08:53:58,trade,exact,Matched,205.0,1.96
182,2026-05-23 08:53:58,trade,exact,Matched,204.0,4.41
182,2026-05-23 08:53:58,trade,exact,Matched,203.0,1.73
182,2026-05-23 08:53:58,trade,exact,Matched,202.0,1.8
182,2026-05-23 08:53:58,trade,exact,Matched,201.0,4.5
182,2026-05-23 08:53:58,trade,exact,Matched,200.0,4.5
182,2026-05-23 08:53:58,trade,exact,Matched,199.0,4.5
182,2026-05-23 08:53:58,trade,exact,Matched,198.0,4.73
182,2026-05-23 08:53:58,trade,exact,Matched,197.0,4.74
182,2026-05-23 08:53:58,trade,exact,Matched,196.0,4.68
182,2026-05-23 08:53:58,trade,exact,Matched,195.0,4.74
182,2026-05-23 08:53:58,trade,exact,Matched,194.0,1.85
182,2026-05-23 08:53:58,trade,exact,Matched,193.0,2.75
182,2026-05-23 08:53:58,trade,exact,Matched,192.0,5.0
182,2026-05-23 08:53:58,position,api_position_resolved_matched,Matched,206.0,0.0
182,2026-05-23 08:53:58,position,api_position_resolved_matched,Matched,210.0,0.0
182,2026-05-23 08:53:58,position,api_position_resolved_matched,Matched,197.0,0.0
183,2026-05-23 09:03:58,trade,exact,Matched,212.0,5.26
183,2026-05-23 09:03:58,trade,exact,Matched,211.0,5.11
183,2026-05-23 09:03:58,trade,exact,Matched,210.0,5.07
183,2026-05-23 09:03:58,trade,exact,Matched,209.0,2.5
183,2026-05-23 09:03:58,trade,exact,Matched,208.0,2.57
183,2026-05-23 09:03:58,trade,exact,Matched,207.0,5.25
183,2026-05-23 09:03:58,trade,exact,Matched,206.0,5.26
183,2026-05-23 09:03:58,trade,exact,Matched,205.0,1.96
183,2026-05-23 09:03:58,trade,exact,Matched,204.0,4.41
183,2026-05-23 09:03:58,trade,exact,Matched,203.0,1.73
183,2026-05-23 09:03:58,trade,exact,Matched,202.0,1.8
183,2026-05-23 09:03:58,trade,exact,Matched,201.0,4.5
183,2026-05-23 09:03:58,trade,exact,Matched,200.0,4.5
183,2026-05-23 09:03:58,trade,exact,Matched,199.0,4.5
183,2026-05-23 09:03:58,trade,exact,Matched,198.0,4.73
183,2026-05-23 09:03:58,trade,exact,Matched,197.0,4.74
183,2026-05-23 09:03:58,trade,exact,Matched,196.0,4.68
183,2026-05-23 09:03:58,trade,exact,Matched,195.0,4.74
183,2026-05-23 09:03:58,trade,exact,Matched,194.0,1.85
183,2026-05-23 09:03:58,trade,exact,Matched,193.0,2.75
183,2026-05-23 09:03:58,trade,exact,Matched,192.0,5.0
183,2026-05-23 09:03:58,position,api_position_resolved_matched,Matched,206.0,0.0
183,2026-05-23 09:03:58,position,api_position_resolved_matched,Matched,210.0,0.0
183,2026-05-23 09:03:58,position,api_position_resolved_matched,Matched,197.0,0.0
184,2026-05-23 09:14:02,trade,exact,Matched,212.0,5.26
184,2026-05-23 09:14:02,trade,exact,Matched,211.0,5.11
184,2026-05-23 09:14:02,trade,exact,Matched,210.0,5.07
184,2026-05-23 09:14:02,trade,exact,Matched,209.0,2.5
184,2026-05-23 09:14:02,trade,exact,Matched,208.0,2.57
184,2026-05-23 09:14:02,trade,exact,Matched,207.0,5.25
184,2026-05-23 09:14:02,trade,exact,Matched,206.0,5.26
184,2026-05-23 09:14:02,trade,exact,Matched,205.0,1.96
184,2026-05-23 09:14:02,trade,exact,Matched,204.0,4.41
184,2026-05-23 09:14:02,trade,exact,Matched,203.0,1.73
184,2026-05-23 09:14:02,trade,exact,Matched,202.0,1.8
184,2026-05-23 09:14:02,trade,exact,Matched,201.0,4.5
184,2026-05-23 09:14:02,trade,exact,Matched,200.0,4.5
184,2026-05-23 09:14:02,trade,exact,Matched,199.0,4.5
184,2026-05-23 09:14:02,trade,exact,Matched,198.0,4.73
184,2026-05-23 09:14:02,trade,exact,Matched,197.0,4.74
184,2026-05-23 09:14:02,trade,exact,Matched,196.0,4.68
184,2026-05-23 09:14:02,trade,exact,Matched,195.0,4.74
184,2026-05-23 09:14:02,trade,exact,Matched,194.0,1.85
184,2026-05-23 09:14:02,trade,exact,Matched,193.0,2.75
184,2026-05-23 09:14:02,trade,exact,Matched,192.0,5.0
184,2026-05-23 09:14:02,position,api_position_resolved_matched,Matched,206.0,0.0
184,2026-05-23 09:14:02,position,api_position_resolved_matched,Matched,210.0,0.0
184,2026-05-23 09:14:02,position,api_position_resolved_matched,Matched,197.0,0.0
185,2026-05-23 09:23:58,trade,exact,Matched,212.0,5.26
185,2026-05-23 09:23:58,trade,exact,Matched,211.0,5.11
185,2026-05-23 09:23:58,trade,exact,Matched,210.0,5.07
185,2026-05-23 09:23:58,trade,exact,Matched,209.0,2.5
185,2026-05-23 09:23:58,trade,exact,Matched,208.0,2.57
185,2026-05-23 09:23:58,trade,exact,Matched,207.0,5.25
185,2026-05-23 09:23:58,trade,exact,Matched,206.0,5.26
185,2026-05-23 09:23:58,trade,exact,Matched,205.0,1.96
185,2026-05-23 09:23:58,trade,exact,Matched,204.0,4.41
185,2026-05-23 09:23:58,trade,exact,Matched,203.0,1.73
185,2026-05-23 09:23:58,trade,exact,Matched,202.0,1.8
185,2026-05-23 09:23:58,trade,exact,Matched,201.0,4.5
185,2026-05-23 09:23:58,trade,exact,Matched,200.0,4.5
185,2026-05-23 09:23:58,trade,exact,Matched,199.0,4.5
185,2026-05-23 09:23:58,trade,exact,Matched,198.0,4.73
185,2026-05-23 09:23:58,trade,exact,Matched,197.0,4.74
185,2026-05-23 09:23:58,trade,exact,Matched,196.0,4.68
185,2026-05-23 09:23:58,trade,exact,Matched,195.0,4.74
185,2026-05-23 09:23:58,trade,exact,Matched,194.0,1.85
185,2026-05-23 09:23:58,trade,exact,Matched,193.0,2.75
185,2026-05-23 09:23:58,trade,exact,Matched,192.0,5.0
185,2026-05-23 09:23:58,position,api_position_resolved_matched,Matched,206.0,0.0
185,2026-05-23 09:23:58,position,api_position_resolved_matched,Matched,210.0,0.0
185,2026-05-23 09:23:58,position,api_position_resolved_matched,Matched,197.0,0.0
186,2026-05-23 09:33:58,trade,exact,Matched,212.0,5.26
186,2026-05-23 09:33:58,trade,exact,Matched,211.0,5.11
186,2026-05-23 09:33:58,trade,exact,Matched,210.0,5.07
186,2026-05-23 09:33:58,trade,exact,Matched,209.0,2.5
186,2026-05-23 09:33:58,trade,exact,Matched,208.0,2.57
186,2026-05-23 09:33:58,trade,exact,Matched,207.0,5.25
186,2026-05-23 09:33:58,trade,exact,Matched,206.0,5.26
186,2026-05-23 09:33:58,trade,exact,Matched,205.0,1.96
186,2026-05-23 09:33:58,trade,exact,Matched,204.0,4.41
186,2026-05-23 09:33:58,trade,exact,Matched,203.0,1.73
186,2026-05-23 09:33:58,trade,exact,Matched,202.0,1.8
186,2026-05-23 09:33:58,trade,exact,Matched,201.0,4.5
186,2026-05-23 09:33:58,trade,exact,Matched,200.0,4.5
186,2026-05-23 09:33:58,trade,exact,Matched,199.0,4.5
186,2026-05-23 09:33:58,trade,exact,Matched,198.0,4.73
186,2026-05-23 09:33:58,trade,exact,Matched,197.0,4.74
186,2026-05-23 09:33:58,trade,exact,Matched,196.0,4.68
186,2026-05-23 09:33:58,trade,exact,Matched,195.0,4.74
186,2026-05-23 09:33:58,trade,exact,Matched,194.0,1.85
186,2026-05-23 09:33:58,trade,exact,Matched,193.0,2.75
186,2026-05-23 09:33:58,trade,exact,Matched,192.0,5.0
186,2026-05-23 09:33:58,position,api_position_resolved_matched,Matched,206.0,0.0
186,2026-05-23 09:33:58,position,api_position_resolved_matched,Matched,210.0,0.0
186,2026-05-23 09:33:58,position,api_position_resolved_matched,Matched,197.0,0.0
187,2026-05-23 09:43:58,trade,exact,Matched,212.0,5.26
187,2026-05-23 09:43:58,trade,exact,Matched,211.0,5.11
187,2026-05-23 09:43:58,trade,exact,Matched,210.0,5.07
187,2026-05-23 09:43:58,trade,exact,Matched,209.0,2.5
187,2026-05-23 09:43:58,trade,exact,Matched,208.0,2.57
187,2026-05-23 09:43:58,trade,exact,Matched,207.0,5.25
187,2026-05-23 09:43:58,trade,exact,Matched,206.0,5.26
187,2026-05-23 09:43:58,trade,exact,Matched,205.0,1.96
187,2026-05-23 09:43:58,trade,exact,Matched,204.0,4.41
187,2026-05-23 09:43:58,trade,exact,Matched,203.0,1.73
187,2026-05-23 09:43:58,trade,exact,Matched,202.0,1.8
187,2026-05-23 09:43:58,trade,exact,Matched,201.0,4.5
187,2026-05-23 09:43:58,trade,exact,Matched,200.0,4.5
187,2026-05-23 09:43:58,trade,exact,Matched,199.0,4.5
187,2026-05-23 09:43:58,trade,exact,Matched,198.0,4.73
187,2026-05-23 09:43:58,trade,exact,Matched,197.0,4.74
187,2026-05-23 09:43:58,trade,exact,Matched,196.0,4.68
187,2026-05-23 09:43:58,trade,exact,Matched,195.0,4.74
187,2026-05-23 09:43:58,trade,exact,Matched,194.0,1.85
187,2026-05-23 09:43:58,trade,exact,Matched,193.0,2.75
187,2026-05-23 09:43:58,trade,exact,Matched,192.0,5.0
187,2026-05-23 09:43:58,position,api_position_resolved_matched,Matched,206.0,0.0
187,2026-05-23 09:43:58,position,api_position_resolved_matched,Matched,210.0,0.0
187,2026-05-23 09:43:58,position,api_position_resolved_matched,Matched,197.0,0.0
188,2026-05-23 09:53:58,trade,exact,Matched,212.0,5.26
188,2026-05-23 09:53:58,trade,exact,Matched,211.0,5.11
188,2026-05-23 09:53:58,trade,exact,Matched,210.0,5.07
188,2026-05-23 09:53:58,trade,exact,Matched,209.0,2.5
188,2026-05-23 09:53:58,trade,exact,Matched,208.0,2.57
188,2026-05-23 09:53:58,trade,exact,Matched,207.0,5.25
188,2026-05-23 09:53:58,trade,exact,Matched,206.0,5.26
188,2026-05-23 09:53:58,trade,exact,Matched,205.0,1.96
188,2026-05-23 09:53:58,trade,exact,Matched,204.0,4.41
188,2026-05-23 09:53:58,trade,exact,Matched,203.0,1.73
188,2026-05-23 09:53:58,trade,exact,Matched,202.0,1.8
188,2026-05-23 09:53:58,trade,exact,Matched,201.0,4.5
188,2026-05-23 09:53:58,trade,exact,Matched,200.0,4.5
188,2026-05-23 09:53:58,trade,exact,Matched,199.0,4.5
188,2026-05-23 09:53:58,trade,exact,Matched,198.0,4.73
188,2026-05-23 09:53:58,trade,exact,Matched,197.0,4.74
188,2026-05-23 09:53:58,trade,exact,Matched,196.0,4.68
188,2026-05-23 09:53:58,trade,exact,Matched,195.0,4.74
188,2026-05-23 09:53:58,trade,exact,Matched,194.0,1.85
188,2026-05-23 09:53:58,trade,exact,Matched,193.0,2.75
188,2026-05-23 09:53:58,trade,exact,Matched,192.0,5.0
188,2026-05-23 09:53:58,position,api_position_resolved_matched,Matched,206.0,0.0
188,2026-05-23 09:53:58,position,api_position_resolved_matched,Matched,210.0,0.0
188,2026-05-23 09:53:58,position,api_position_resolved_matched,Matched,197.0,0.0
189,2026-05-23 10:03:58,trade,exact,Matched,212.0,5.26
189,2026-05-23 10:03:58,trade,exact,Matched,211.0,5.11
189,2026-05-23 10:03:58,trade,exact,Matched,210.0,5.07
189,2026-05-23 10:03:58,trade,exact,Matched,209.0,2.5
189,2026-05-23 10:03:58,trade,exact,Matched,208.0,2.57
189,2026-05-23 10:03:58,trade,exact,Matched,207.0,5.25
189,2026-05-23 10:03:58,trade,exact,Matched,206.0,5.26
189,2026-05-23 10:03:58,trade,exact,Matched,205.0,1.96
189,2026-05-23 10:03:58,trade,exact,Matched,204.0,4.41
189,2026-05-23 10:03:58,trade,exact,Matched,203.0,1.73
189,2026-05-23 10:03:58,trade,exact,Matched,202.0,1.8
189,2026-05-23 10:03:58,trade,exact,Matched,201.0,4.5
189,2026-05-23 10:03:58,trade,exact,Matched,200.0,4.5
189,2026-05-23 10:03:58,trade,exact,Matched,199.0,4.5
189,2026-05-23 10:03:58,trade,exact,Matched,198.0,4.73
189,2026-05-23 10:03:58,trade,exact,Matched,197.0,4.74
189,2026-05-23 10:03:58,trade,exact,Matched,196.0,4.68
189,2026-05-23 10:03:58,trade,exact,Matched,195.0,4.74
189,2026-05-23 10:03:58,trade,exact,Matched,194.0,1.85
189,2026-05-23 10:03:58,trade,exact,Matched,193.0,2.75
189,2026-05-23 10:03:58,trade,exact,Matched,192.0,5.0
189,2026-05-23 10:03:58,position,api_position_resolved_matched,Matched,206.0,0.0
189,2026-05-23 10:03:58,position,api_position_resolved_matched,Matched,210.0,0.0
189,2026-05-23 10:03:58,position,api_position_resolved_matched,Matched,197.0,0.0
190,2026-05-23 10:10:52,trade,exact,Matched,212.0,5.26
190,2026-05-23 10:10:52,trade,exact,Matched,211.0,5.11
190,2026-05-23 10:10:52,trade,exact,Matched,210.0,5.07
190,2026-05-23 10:10:52,trade,exact,Matched,209.0,2.5
190,2026-05-23 10:10:52,trade,exact,Matched,208.0,2.57
190,2026-05-23 10:10:52,trade,exact,Matched,207.0,5.25
190,2026-05-23 10:10:52,trade,exact,Matched,206.0,5.26
190,2026-05-23 10:10:52,trade,exact,Matched,205.0,1.96
190,2026-05-23 10:10:52,trade,exact,Matched,204.0,4.41
190,2026-05-23 10:10:52,trade,exact,Matched,203.0,1.73
190,2026-05-23 10:10:52,trade,exact,Matched,202.0,1.8
190,2026-05-23 10:10:52,trade,exact,Matched,201.0,4.5
190,2026-05-23 10:10:52,trade,exact,Matched,200.0,4.5
190,2026-05-23 10:10:52,trade,exact,Matched,199.0,4.5
190,2026-05-23 10:10:52,trade,exact,Matched,198.0,4.73
190,2026-05-23 10:10:52,trade,exact,Matched,197.0,4.74
190,2026-05-23 10:10:52,trade,exact,Matched,196.0,4.68
190,2026-05-23 10:10:52,trade,exact,Matched,195.0,4.74
190,2026-05-23 10:10:52,trade,exact,Matched,194.0,1.85
190,2026-05-23 10:10:52,trade,exact,Matched,193.0,2.75
190,2026-05-23 10:10:52,trade,exact,Matched,192.0,5.0
190,2026-05-23 10:10:52,position,api_position_resolved_matched,Matched,206.0,0.0
190,2026-05-23 10:10:52,position,api_position_resolved_matched,Matched,210.0,0.0
190,2026-05-23 10:10:52,position,api_position_resolved_matched,Matched,197.0,0.0
191,2026-05-23 10:13:13,trade,exact,Matched,212.0,5.26
191,2026-05-23 10:13:13,trade,exact,Matched,211.0,5.11
191,2026-05-23 10:13:13,trade,exact,Matched,210.0,5.07
191,2026-05-23 10:13:13,trade,exact,Matched,209.0,2.5
191,2026-05-23 10:13:13,trade,exact,Matched,208.0,2.57
191,2026-05-23 10:13:13,trade,exact,Matched,207.0,5.25
191,2026-05-23 10:13:13,trade,exact,Matched,206.0,5.26
191,2026-05-23 10:13:13,trade,exact,Matched,205.0,1.96
191,2026-05-23 10:13:13,trade,exact,Matched,204.0,4.41
191,2026-05-23 10:13:13,trade,exact,Matched,203.0,1.73
191,2026-05-23 10:13:13,trade,exact,Matched,202.0,1.8
191,2026-05-23 10:13:13,trade,exact,Matched,201.0,4.5
191,2026-05-23 10:13:13,trade,exact,Matched,200.0,4.5
191,2026-05-23 10:13:13,trade,exact,Matched,199.0,4.5
191,2026-05-23 10:13:13,trade,exact,Matched,198.0,4.73
191,2026-05-23 10:13:13,trade,exact,Matched,197.0,4.74
191,2026-05-23 10:13:13,trade,exact,Matched,196.0,4.68
191,2026-05-23 10:13:13,trade,exact,Matched,195.0,4.74
191,2026-05-23 10:13:13,trade,exact,Matched,194.0,1.85
191,2026-05-23 10:13:13,trade,exact,Matched,193.0,2.75
191,2026-05-23 10:13:13,trade,exact,Matched,192.0,5.0
191,2026-05-23 10:13:13,position,api_position_resolved_matched,Matched,206.0,0.0
191,2026-05-23 10:13:13,position,api_position_resolved_matched,Matched,210.0,0.0
191,2026-05-23 10:13:13,position,api_position_resolved_matched,Matched,197.0,0.0
192,2026-05-23 10:13:15,trade,exact,Matched,212.0,5.26
192,2026-05-23 10:13:15,trade,exact,Matched,211.0,5.11
192,2026-05-23 10:13:15,trade,exact,Matched,210.0,5.07
192,2026-05-23 10:13:15,trade,exact,Matched,209.0,2.5
192,2026-05-23 10:13:15,trade,exact,Matched,208.0,2.57
192,2026-05-23 10:13:15,trade,exact,Matched,207.0,5.25
192,2026-05-23 10:13:15,trade,exact,Matched,206.0,5.26
192,2026-05-23 10:13:15,trade,exact,Matched,205.0,1.96
192,2026-05-23 10:13:15,trade,exact,Matched,204.0,4.41
192,2026-05-23 10:13:15,trade,exact,Matched,203.0,1.73
192,2026-05-23 10:13:15,trade,exact,Matched,202.0,1.8
192,2026-05-23 10:13:15,trade,exact,Matched,201.0,4.5
192,2026-05-23 10:13:15,trade,exact,Matched,200.0,4.5
192,2026-05-23 10:13:15,trade,exact,Matched,199.0,4.5
192,2026-05-23 10:13:15,trade,exact,Matched,198.0,4.73
192,2026-05-23 10:13:15,trade,exact,Matched,197.0,4.74
192,2026-05-23 10:13:15,trade,exact,Matched,196.0,4.68
192,2026-05-23 10:13:15,trade,exact,Matched,195.0,4.74
192,2026-05-23 10:13:15,trade,exact,Matched,194.0,1.85
192,2026-05-23 10:13:15,trade,exact,Matched,193.0,2.75
192,2026-05-23 10:13:15,trade,exact,Matched,192.0,5.0
192,2026-05-23 10:13:15,position,api_position_resolved_matched,Matched,206.0,0.0
192,2026-05-23 10:13:15,position,api_position_resolved_matched,Matched,210.0,0.0
192,2026-05-23 10:13:15,position,api_position_resolved_matched,Matched,197.0,0.0
193,2026-05-23 10:23:15,trade,exact,Matched,212.0,5.26
193,2026-05-23 10:23:15,trade,exact,Matched,211.0,5.11
193,2026-05-23 10:23:15,trade,exact,Matched,210.0,5.07
193,2026-05-23 10:23:15,trade,exact,Matched,209.0,2.5
193,2026-05-23 10:23:15,trade,exact,Matched,208.0,2.57
193,2026-05-23 10:23:15,trade,exact,Matched,207.0,5.25
193,2026-05-23 10:23:15,trade,exact,Matched,206.0,5.26
193,2026-05-23 10:23:15,trade,exact,Matched,205.0,1.96
193,2026-05-23 10:23:15,trade,exact,Matched,204.0,4.41
193,2026-05-23 10:23:15,trade,exact,Matched,203.0,1.73
193,2026-05-23 10:23:15,trade,exact,Matched,202.0,1.8
193,2026-05-23 10:23:15,trade,exact,Matched,201.0,4.5
193,2026-05-23 10:23:15,trade,exact,Matched,200.0,4.5
193,2026-05-23 10:23:15,trade,exact,Matched,199.0,4.5
193,2026-05-23 10:23:15,trade,exact,Matched,198.0,4.73
193,2026-05-23 10:23:15,trade,exact,Matched,197.0,4.74
193,2026-05-23 10:23:15,trade,exact,Matched,196.0,4.68
193,2026-05-23 10:23:15,trade,exact,Matched,195.0,4.74
193,2026-05-23 10:23:15,trade,exact,Matched,194.0,1.85
193,2026-05-23 10:23:15,trade,exact,Matched,193.0,2.75
193,2026-05-23 10:23:15,trade,exact,Matched,192.0,5.0
193,2026-05-23 10:23:15,position,api_position_resolved_matched,Matched,206.0,0.0
193,2026-05-23 10:23:15,position,api_position_resolved_matched,Matched,210.0,0.0
193,2026-05-23 10:23:15,position,api_position_resolved_matched,Matched,197.0,0.0
194,2026-05-23 10:33:15,trade,exact,Matched,212.0,5.26
194,2026-05-23 10:33:15,trade,exact,Matched,211.0,5.11
194,2026-05-23 10:33:15,trade,exact,Matched,210.0,5.07
194,2026-05-23 10:33:15,trade,exact,Matched,209.0,2.5
194,2026-05-23 10:33:15,trade,exact,Matched,208.0,2.57
194,2026-05-23 10:33:15,trade,exact,Matched,207.0,5.25
194,2026-05-23 10:33:15,trade,exact,Matched,206.0,5.26
194,2026-05-23 10:33:15,trade,exact,Matched,205.0,1.96
194,2026-05-23 10:33:15,trade,exact,Matched,204.0,4.41
194,2026-05-23 10:33:15,trade,exact,Matched,203.0,1.73
194,2026-05-23 10:33:15,trade,exact,Matched,202.0,1.8
194,2026-05-23 10:33:15,trade,exact,Matched,201.0,4.5
194,2026-05-23 10:33:15,trade,exact,Matched,200.0,4.5
194,2026-05-23 10:33:15,trade,exact,Matched,199.0,4.5
194,2026-05-23 10:33:15,trade,exact,Matched,198.0,4.73
194,2026-05-23 10:33:15,trade,exact,Matched,197.0,4.74
194,2026-05-23 10:33:15,trade,exact,Matched,196.0,4.68
194,2026-05-23 10:33:15,trade,exact,Matched,195.0,4.74
194,2026-05-23 10:33:15,trade,exact,Matched,194.0,1.85
194,2026-05-23 10:33:15,trade,exact,Matched,193.0,2.75
194,2026-05-23 10:33:15,trade,exact,Matched,192.0,5.0
194,2026-05-23 10:33:15,position,api_position_resolved_matched,Matched,206.0,0.0
194,2026-05-23 10:33:15,position,api_position_resolved_matched,Matched,210.0,0.0
194,2026-05-23 10:33:15,position,api_position_resolved_matched,Matched,197.0,0.0
195,2026-05-23 10:43:15,trade,exact,Matched,212.0,5.26
195,2026-05-23 10:43:15,trade,exact,Matched,211.0,5.11
195,2026-05-23 10:43:15,trade,exact,Matched,210.0,5.07
195,2026-05-23 10:43:15,trade,exact,Matched,209.0,2.5
195,2026-05-23 10:43:15,trade,exact,Matched,208.0,2.57
195,2026-05-23 10:43:15,trade,exact,Matched,207.0,5.25
195,2026-05-23 10:43:15,trade,exact,Matched,206.0,5.26
195,2026-05-23 10:43:15,trade,exact,Matched,205.0,1.96
195,2026-05-23 10:43:15,trade,exact,Matched,204.0,4.41
195,2026-05-23 10:43:15,trade,exact,Matched,203.0,1.73
195,2026-05-23 10:43:15,trade,exact,Matched,202.0,1.8
195,2026-05-23 10:43:15,trade,exact,Matched,201.0,4.5
195,2026-05-23 10:43:15,trade,exact,Matched,200.0,4.5
195,2026-05-23 10:43:15,trade,exact,Matched,199.0,4.5
195,2026-05-23 10:43:15,trade,exact,Matched,198.0,4.73
195,2026-05-23 10:43:15,trade,exact,Matched,197.0,4.74
195,2026-05-23 10:43:15,trade,exact,Matched,196.0,4.68
195,2026-05-23 10:43:15,trade,exact,Matched,195.0,4.74
195,2026-05-23 10:43:15,trade,exact,Matched,194.0,1.85
195,2026-05-23 10:43:15,trade,exact,Matched,193.0,2.75
195,2026-05-23 10:43:15,trade,exact,Matched,192.0,5.0
195,2026-05-23 10:43:15,position,api_position_resolved_matched,Matched,206.0,0.0
195,2026-05-23 10:43:15,position,api_position_resolved_matched,Matched,210.0,0.0
195,2026-05-23 10:43:15,position,api_position_resolved_matched,Matched,197.0,0.0
196,2026-05-23 10:53:15,trade,exact,Matched,212.0,5.26
196,2026-05-23 10:53:15,trade,exact,Matched,211.0,5.11
196,2026-05-23 10:53:15,trade,exact,Matched,210.0,5.07
196,2026-05-23 10:53:15,trade,exact,Matched,209.0,2.5
196,2026-05-23 10:53:15,trade,exact,Matched,208.0,2.57
196,2026-05-23 10:53:15,trade,exact,Matched,207.0,5.25
196,2026-05-23 10:53:15,trade,exact,Matched,206.0,5.26
196,2026-05-23 10:53:15,trade,exact,Matched,205.0,1.96
196,2026-05-23 10:53:15,trade,exact,Matched,204.0,4.41
196,2026-05-23 10:53:15,trade,exact,Matched,203.0,1.73
196,2026-05-23 10:53:15,trade,exact,Matched,202.0,1.8
196,2026-05-23 10:53:15,trade,exact,Matched,201.0,4.5
196,2026-05-23 10:53:15,trade,exact,Matched,200.0,4.5
196,2026-05-23 10:53:15,trade,exact,Matched,199.0,4.5
196,2026-05-23 10:53:15,trade,exact,Matched,198.0,4.73
196,2026-05-23 10:53:15,trade,exact,Matched,197.0,4.74
196,2026-05-23 10:53:15,trade,exact,Matched,196.0,4.68
196,2026-05-23 10:53:15,trade,exact,Matched,195.0,4.74
196,2026-05-23 10:53:15,trade,exact,Matched,194.0,1.85
196,2026-05-23 10:53:15,trade,exact,Matched,193.0,2.75
196,2026-05-23 10:53:15,trade,exact,Matched,192.0,5.0
196,2026-05-23 10:53:15,position,api_position_resolved_matched,Matched,206.0,0.0
196,2026-05-23 10:53:15,position,api_position_resolved_matched,Matched,210.0,0.0
196,2026-05-23 10:53:15,position,api_position_resolved_matched,Matched,197.0,0.0
197,2026-05-23 11:03:16,trade,exact,Matched,212.0,5.26
197,2026-05-23 11:03:16,trade,exact,Matched,211.0,5.11
197,2026-05-23 11:03:16,trade,exact,Matched,210.0,5.07
197,2026-05-23 11:03:16,trade,exact,Matched,209.0,2.5
197,2026-05-23 11:03:16,trade,exact,Matched,208.0,2.57
197,2026-05-23 11:03:16,trade,exact,Matched,207.0,5.25
197,2026-05-23 11:03:16,trade,exact,Matched,206.0,5.26
197,2026-05-23 11:03:16,trade,exact,Matched,205.0,1.96
197,2026-05-23 11:03:16,trade,exact,Matched,204.0,4.41
197,2026-05-23 11:03:16,trade,exact,Matched,203.0,1.73
197,2026-05-23 11:03:16,trade,exact,Matched,202.0,1.8
197,2026-05-23 11:03:16,trade,exact,Matched,201.0,4.5
197,2026-05-23 11:03:16,trade,exact,Matched,200.0,4.5
197,2026-05-23 11:03:16,trade,exact,Matched,199.0,4.5
197,2026-05-23 11:03:16,trade,exact,Matched,198.0,4.73
197,2026-05-23 11:03:16,trade,exact,Matched,197.0,4.74
197,2026-05-23 11:03:16,trade,exact,Matched,196.0,4.68
197,2026-05-23 11:03:16,trade,exact,Matched,195.0,4.74
197,2026-05-23 11:03:16,trade,exact,Matched,194.0,1.85
197,2026-05-23 11:03:16,trade,exact,Matched,193.0,2.75
197,2026-05-23 11:03:16,trade,exact,Matched,192.0,5.0
197,2026-05-23 11:03:16,position,api_position_resolved_matched,Matched,206.0,0.0
197,2026-05-23 11:03:16,position,api_position_resolved_matched,Matched,210.0,0.0
197,2026-05-23 11:03:16,position,api_position_resolved_matched,Matched,197.0,0.0
198,2026-05-23 11:05:06,trade,exact,Matched,212.0,5.26
198,2026-05-23 11:05:06,trade,exact,Matched,211.0,5.11
198,2026-05-23 11:05:06,trade,exact,Matched,210.0,5.07
198,2026-05-23 11:05:06,trade,exact,Matched,209.0,2.5
198,2026-05-23 11:05:06,trade,exact,Matched,208.0,2.57
198,2026-05-23 11:05:06,trade,exact,Matched,207.0,5.25
198,2026-05-23 11:05:06,trade,exact,Matched,206.0,5.26
198,2026-05-23 11:05:06,trade,exact,Matched,205.0,1.96
198,2026-05-23 11:05:06,trade,exact,Matched,204.0,4.41
198,2026-05-23 11:05:06,trade,exact,Matched,203.0,1.73
198,2026-05-23 11:05:06,trade,exact,Matched,202.0,1.8
198,2026-05-23 11:05:06,trade,exact,Matched,201.0,4.5
198,2026-05-23 11:05:06,trade,exact,Matched,200.0,4.5
198,2026-05-23 11:05:06,trade,exact,Matched,199.0,4.5
198,2026-05-23 11:05:06,trade,exact,Matched,198.0,4.73
198,2026-05-23 11:05:06,trade,exact,Matched,197.0,4.74
198,2026-05-23 11:05:06,trade,exact,Matched,196.0,4.68
198,2026-05-23 11:05:06,trade,exact,Matched,195.0,4.74
198,2026-05-23 11:05:06,trade,exact,Matched,194.0,1.85
198,2026-05-23 11:05:06,trade,exact,Matched,193.0,2.75
198,2026-05-23 11:05:06,trade,exact,Matched,192.0,5.0
198,2026-05-23 11:05:06,position,api_position_matched,Matched,215.0,8.06
198,2026-05-23 11:05:06,position,api_position_matched,Matched,213.0,7.72
198,2026-05-23 11:05:06,position,api_position_resolved_matched,Matched,206.0,0.0
198,2026-05-23 11:05:06,position,api_position_resolved_matched,Matched,210.0,0.0
198,2026-05-23 11:05:06,position,api_position_resolved_matched,Matched,197.0,0.0
198,2026-05-23 11:05:06,position,api_position_matched,Matched,214.0,1.15
199,2026-05-23 11:05:13,trade,exact,Matched,212.0,5.26
199,2026-05-23 11:05:13,trade,exact,Matched,211.0,5.11
199,2026-05-23 11:05:13,trade,exact,Matched,210.0,5.07
199,2026-05-23 11:05:13,trade,exact,Matched,209.0,2.5
199,2026-05-23 11:05:13,trade,exact,Matched,208.0,2.57
199,2026-05-23 11:05:13,trade,exact,Matched,207.0,5.25
199,2026-05-23 11:05:13,trade,exact,Matched,206.0,5.26
199,2026-05-23 11:05:13,trade,exact,Matched,205.0,1.96
199,2026-05-23 11:05:13,trade,exact,Matched,204.0,4.41
199,2026-05-23 11:05:13,trade,exact,Matched,203.0,1.73
199,2026-05-23 11:05:13,trade,exact,Matched,202.0,1.8
199,2026-05-23 11:05:13,trade,exact,Matched,201.0,4.5
199,2026-05-23 11:05:13,trade,exact,Matched,200.0,4.5
199,2026-05-23 11:05:13,trade,exact,Matched,199.0,4.5
199,2026-05-23 11:05:13,trade,exact,Matched,198.0,4.73
199,2026-05-23 11:05:13,trade,exact,Matched,197.0,4.74
199,2026-05-23 11:05:13,trade,exact,Matched,196.0,4.68
199,2026-05-23 11:05:13,trade,exact,Matched,195.0,4.74
199,2026-05-23 11:05:13,trade,exact,Matched,194.0,1.85
199,2026-05-23 11:05:13,trade,exact,Matched,193.0,2.75
199,2026-05-23 11:05:13,trade,exact,Matched,192.0,5.0
199,2026-05-23 11:05:13,position,api_position_matched,Matched,215.0,8.06
199,2026-05-23 11:05:13,position,api_position_matched,Matched,213.0,7.72
199,2026-05-23 11:05:13,position,api_position_resolved_matched,Matched,206.0,0.0
199,2026-05-23 11:05:13,position,api_position_resolved_matched,Matched,210.0,0.0
199,2026-05-23 11:05:13,position,api_position_resolved_matched,Matched,197.0,0.0
199,2026-05-23 11:05:13,position,api_position_matched,Matched,214.0,1.15
200,2026-05-23 11:05:22,trade,exact,Matched,212.0,5.26
200,2026-05-23 11:05:22,trade,exact,Matched,211.0,5.11
200,2026-05-23 11:05:22,trade,exact,Matched,210.0,5.07
200,2026-05-23 11:05:22,trade,exact,Matched,209.0,2.5
200,2026-05-23 11:05:22,trade,exact,Matched,208.0,2.57
200,2026-05-23 11:05:22,trade,exact,Matched,207.0,5.25
200,2026-05-23 11:05:22,trade,exact,Matched,206.0,5.26
200,2026-05-23 11:05:22,trade,exact,Matched,205.0,1.96
200,2026-05-23 11:05:22,trade,exact,Matched,204.0,4.41
200,2026-05-23 11:05:22,trade,exact,Matched,203.0,1.73
200,2026-05-23 11:05:22,trade,exact,Matched,202.0,1.8
200,2026-05-23 11:05:22,trade,exact,Matched,201.0,4.5
200,2026-05-23 11:05:22,trade,exact,Matched,200.0,4.5
200,2026-05-23 11:05:22,trade,exact,Matched,199.0,4.5
200,2026-05-23 11:05:22,trade,exact,Matched,198.0,4.73
200,2026-05-23 11:05:22,trade,exact,Matched,197.0,4.74
200,2026-05-23 11:05:22,trade,exact,Matched,196.0,4.68
200,2026-05-23 11:05:22,trade,exact,Matched,195.0,4.74
200,2026-05-23 11:05:22,trade,exact,Matched,194.0,1.85
200,2026-05-23 11:05:22,trade,exact,Matched,193.0,2.75
200,2026-05-23 11:05:22,trade,exact,Matched,192.0,5.0
200,2026-05-23 11:05:22,position,api_position_matched,Matched,215.0,8.06
200,2026-05-23 11:05:22,position,api_position_matched,Matched,213.0,7.72
200,2026-05-23 11:05:22,position,api_position_resolved_matched,Matched,206.0,0.0
200,2026-05-23 11:05:22,position,api_position_resolved_matched,Matched,210.0,0.0
200,2026-05-23 11:05:22,position,api_position_resolved_matched,Matched,197.0,0.0
200,2026-05-23 11:05:22,position,api_position_matched,Matched,214.0,1.15
201,2026-05-23 11:08:14,trade,exact,Matched,212.0,5.26
201,2026-05-23 11:08:14,trade,exact,Matched,211.0,5.11
201,2026-05-23 11:08:14,trade,exact,Matched,210.0,5.07
201,2026-05-23 11:08:14,trade,exact,Matched,209.0,2.5
201,2026-05-23 11:08:14,trade,exact,Matched,208.0,2.57
201,2026-05-23 11:08:14,trade,exact,Matched,207.0,5.25
201,2026-05-23 11:08:14,trade,exact,Matched,206.0,5.26
201,2026-05-23 11:08:14,trade,exact,Matched,205.0,1.96
201,2026-05-23 11:08:14,trade,exact,Matched,204.0,4.41
201,2026-05-23 11:08:14,trade,exact,Matched,203.0,1.73
201,2026-05-23 11:08:14,trade,exact,Matched,202.0,1.8
201,2026-05-23 11:08:14,trade,exact,Matched,201.0,4.5
201,2026-05-23 11:08:14,trade,exact,Matched,200.0,4.5
201,2026-05-23 11:08:14,trade,exact,Matched,199.0,4.5
201,2026-05-23 11:08:14,trade,exact,Matched,198.0,4.73
201,2026-05-23 11:08:14,trade,exact,Matched,197.0,4.74
201,2026-05-23 11:08:14,trade,exact,Matched,196.0,4.68
201,2026-05-23 11:08:14,trade,exact,Matched,195.0,4.74
201,2026-05-23 11:08:14,trade,exact,Matched,194.0,1.85
201,2026-05-23 11:08:14,trade,exact,Matched,193.0,2.75
201,2026-05-23 11:08:14,trade,exact,Matched,192.0,5.0
201,2026-05-23 11:08:14,position,api_position_matched,Matched,215.0,8.06
201,2026-05-23 11:08:14,position,api_position_matched,Matched,216.0,7.83
201,2026-05-23 11:08:14,position,api_position_matched,Matched,213.0,7.72
201,2026-05-23 11:08:14,position,api_position_resolved_matched,Matched,206.0,0.0
201,2026-05-23 11:08:14,position,api_position_resolved_matched,Matched,210.0,0.0
201,2026-05-23 11:08:14,position,api_position_resolved_matched,Matched,197.0,0.0
201,2026-05-23 11:08:14,position,api_position_matched,Matched,214.0,1.15
202,2026-05-23 11:10:06,trade,exact,Matched,216.0,8.0
202,2026-05-23 11:10:06,trade,exact,Matched,215.0,8.06
202,2026-05-23 11:10:06,trade,exact,Matched,214.0,1.17
202,2026-05-23 11:10:06,trade,exact,Matched,213.0,8.06
202,2026-05-23 11:10:06,trade,exact,Matched,212.0,5.26
202,2026-05-23 11:10:06,trade,exact,Matched,211.0,5.11
202,2026-05-23 11:10:06,trade,exact,Matched,210.0,5.07
202,2026-05-23 11:10:06,trade,exact,Matched,209.0,2.5
202,2026-05-23 11:10:06,trade,exact,Matched,208.0,2.57
202,2026-05-23 11:10:06,trade,exact,Matched,207.0,5.25
202,2026-05-23 11:10:06,trade,exact,Matched,206.0,5.26
202,2026-05-23 11:10:06,trade,exact,Matched,205.0,1.96
202,2026-05-23 11:10:06,trade,exact,Matched,204.0,4.41
202,2026-05-23 11:10:06,trade,exact,Matched,203.0,1.73
202,2026-05-23 11:10:06,trade,exact,Matched,202.0,1.8
202,2026-05-23 11:10:06,trade,exact,Matched,201.0,4.5
202,2026-05-23 11:10:06,trade,exact,Matched,200.0,4.5
202,2026-05-23 11:10:06,trade,exact,Matched,199.0,4.5
202,2026-05-23 11:10:06,trade,exact,Matched,198.0,4.73
202,2026-05-23 11:10:06,trade,exact,Matched,197.0,4.74
202,2026-05-23 11:10:06,trade,exact,Matched,196.0,4.68
202,2026-05-23 11:10:06,trade,exact,Matched,195.0,4.74
202,2026-05-23 11:10:06,trade,exact,Matched,194.0,1.85
202,2026-05-23 11:10:06,trade,exact,Matched,193.0,2.75
202,2026-05-23 11:10:06,trade,exact,Matched,192.0,5.0
202,2026-05-23 11:10:06,position,api_position_matched,Matched,215.0,7.96
202,2026-05-23 11:10:06,position,api_position_matched,Matched,216.0,7.88
202,2026-05-23 11:10:06,position,api_position_matched,Matched,217.0,7.69
202,2026-05-23 11:10:06,position,api_position_matched,Matched,213.0,7.72
202,2026-05-23 11:10:06,position,api_position_resolved_matched,Matched,206.0,0.0
202,2026-05-23 11:10:06,position,api_position_resolved_matched,Matched,210.0,0.0
202,2026-05-23 11:10:06,position,api_position_resolved_matched,Matched,197.0,0.0
202,2026-05-23 11:10:06,position,api_position_matched,Matched,214.0,1.15
203,2026-05-23 11:13:15,trade,exact,Matched,216.0,8.0
203,2026-05-23 11:13:15,trade,exact,Matched,215.0,8.06
203,2026-05-23 11:13:15,trade,exact,Matched,214.0,1.17
203,2026-05-23 11:13:15,trade,exact,Matched,213.0,8.06
203,2026-05-23 11:13:15,trade,exact,Matched,212.0,5.26
203,2026-05-23 11:13:15,trade,exact,Matched,211.0,5.11
203,2026-05-23 11:13:15,trade,exact,Matched,210.0,5.07
203,2026-05-23 11:13:15,trade,exact,Matched,209.0,2.5
203,2026-05-23 11:13:15,trade,exact,Matched,208.0,2.57
203,2026-05-23 11:13:15,trade,exact,Matched,207.0,5.25
203,2026-05-23 11:13:15,trade,exact,Matched,206.0,5.26
203,2026-05-23 11:13:15,trade,exact,Matched,205.0,1.96
203,2026-05-23 11:13:15,trade,exact,Matched,204.0,4.41
203,2026-05-23 11:13:15,trade,exact,Matched,203.0,1.73
203,2026-05-23 11:13:15,trade,exact,Matched,202.0,1.8
203,2026-05-23 11:13:15,trade,exact,Matched,201.0,4.5
203,2026-05-23 11:13:15,trade,exact,Matched,200.0,4.5
203,2026-05-23 11:13:15,trade,exact,Matched,199.0,4.5
203,2026-05-23 11:13:15,trade,exact,Matched,198.0,4.73
203,2026-05-23 11:13:15,trade,exact,Matched,197.0,4.74
203,2026-05-23 11:13:15,trade,exact,Matched,196.0,4.68
203,2026-05-23 11:13:15,trade,exact,Matched,195.0,4.74
203,2026-05-23 11:13:15,trade,exact,Matched,194.0,1.85
203,2026-05-23 11:13:15,trade,exact,Matched,193.0,2.75
203,2026-05-23 11:13:15,trade,exact,Matched,192.0,5.0
203,2026-05-23 11:13:15,position,api_position_matched,Matched,215.0,7.96
203,2026-05-23 11:13:15,position,api_position_matched,Matched,216.0,7.88
203,2026-05-23 11:13:15,position,api_position_matched,Matched,217.0,7.69
203,2026-05-23 11:13:15,position,api_position_matched,Matched,213.0,7.72
203,2026-05-23 11:13:15,position,api_position_resolved_matched,Matched,206.0,0.0
203,2026-05-23 11:13:15,position,api_position_resolved_matched,Matched,210.0,0.0
203,2026-05-23 11:13:15,position,api_position_resolved_matched,Matched,197.0,0.0
203,2026-05-23 11:13:15,position,api_position_matched,Matched,214.0,1.15
204,2026-05-23 11:23:15,trade,exact,Matched,217.0,8.06
204,2026-05-23 11:23:15,trade,exact,Matched,216.0,8.0
204,2026-05-23 11:23:15,trade,exact,Matched,215.0,8.06
204,2026-05-23 11:23:15,trade,exact,Matched,214.0,1.17
204,2026-05-23 11:23:15,trade,exact,Matched,213.0,8.06
204,2026-05-23 11:23:15,trade,exact,Matched,212.0,5.26
204,2026-05-23 11:23:15,trade,exact,Matched,211.0,5.11
204,2026-05-23 11:23:15,trade,exact,Matched,210.0,5.07
204,2026-05-23 11:23:15,trade,exact,Matched,209.0,2.5
204,2026-05-23 11:23:15,trade,exact,Matched,208.0,2.57
204,2026-05-23 11:23:15,trade,exact,Matched,207.0,5.25
204,2026-05-23 11:23:15,trade,exact,Matched,206.0,5.26
204,2026-05-23 11:23:15,trade,exact,Matched,205.0,1.96
204,2026-05-23 11:23:15,trade,exact,Matched,204.0,4.41
204,2026-05-23 11:23:15,trade,exact,Matched,203.0,1.73
204,2026-05-23 11:23:15,trade,exact,Matched,202.0,1.8
204,2026-05-23 11:23:15,trade,exact,Matched,201.0,4.5
204,2026-05-23 11:23:15,trade,exact,Matched,200.0,4.5
204,2026-05-23 11:23:15,trade,exact,Matched,199.0,4.5
204,2026-05-23 11:23:15,trade,exact,Matched,198.0,4.73
204,2026-05-23 11:23:15,trade,exact,Matched,197.0,4.74
204,2026-05-23 11:23:15,trade,exact,Matched,196.0,4.68
204,2026-05-23 11:23:15,trade,exact,Matched,195.0,4.74
204,2026-05-23 11:23:15,trade,exact,Matched,194.0,1.85
204,2026-05-23 11:23:15,trade,exact,Matched,193.0,2.75
204,2026-05-23 11:23:15,trade,exact,Matched,192.0,5.0
204,2026-05-23 11:23:15,position,api_position_matched,Matched,215.0,8.22
204,2026-05-23 11:23:15,position,api_position_matched,Matched,216.0,7.93
204,2026-05-23 11:23:15,position,api_position_matched,Matched,217.0,7.74
204,2026-05-23 11:23:15,position,api_position_matched,Matched,213.0,7.85
204,2026-05-23 11:23:15,position,api_position_resolved_matched,Matched,206.0,0.0
204,2026-05-23 11:23:15,position,api_position_resolved_matched,Matched,210.0,0.0
204,2026-05-23 11:23:15,position,api_position_resolved_matched,Matched,197.0,0.0
204,2026-05-23 11:23:15,position,api_position_matched,Matched,214.0,1.2
205,2026-05-23 11:33:15,trade,exact,Matched,217.0,8.06
205,2026-05-23 11:33:15,trade,exact,Matched,216.0,8.0
205,2026-05-23 11:33:15,trade,exact,Matched,215.0,8.06
205,2026-05-23 11:33:15,trade,exact,Matched,214.0,1.17
205,2026-05-23 11:33:15,trade,exact,Matched,213.0,8.06
205,2026-05-23 11:33:15,trade,exact,Matched,212.0,5.26
205,2026-05-23 11:33:15,trade,exact,Matched,211.0,5.11
205,2026-05-23 11:33:15,trade,exact,Matched,210.0,5.07
205,2026-05-23 11:33:15,trade,exact,Matched,209.0,2.5
205,2026-05-23 11:33:15,trade,exact,Matched,208.0,2.57
205,2026-05-23 11:33:15,trade,exact,Matched,207.0,5.25
205,2026-05-23 11:33:15,trade,exact,Matched,206.0,5.26
205,2026-05-23 11:33:15,trade,exact,Matched,205.0,1.96
205,2026-05-23 11:33:15,trade,exact,Matched,204.0,4.41
205,2026-05-23 11:33:15,trade,exact,Matched,203.0,1.73
205,2026-05-23 11:33:15,trade,exact,Matched,202.0,1.8
205,2026-05-23 11:33:15,trade,exact,Matched,201.0,4.5
205,2026-05-23 11:33:15,trade,exact,Matched,200.0,4.5
205,2026-05-23 11:33:15,trade,exact,Matched,199.0,4.5
205,2026-05-23 11:33:15,trade,exact,Matched,198.0,4.73
205,2026-05-23 11:33:15,trade,exact,Matched,197.0,4.74
205,2026-05-23 11:33:15,trade,exact,Matched,196.0,4.68
205,2026-05-23 11:33:15,trade,exact,Matched,195.0,4.74
205,2026-05-23 11:33:15,trade,exact,Matched,194.0,1.85
205,2026-05-23 11:33:15,trade,exact,Matched,193.0,2.75
205,2026-05-23 11:33:15,trade,exact,Matched,192.0,5.0
205,2026-05-23 11:33:15,position,api_position_matched,Matched,215.0,8.22
205,2026-05-23 11:33:15,position,api_position_matched,Matched,216.0,8.02
205,2026-05-23 11:33:15,position,api_position_matched,Matched,217.0,7.83
205,2026-05-23 11:33:15,position,api_position_matched,Matched,213.0,7.88
205,2026-05-23 11:33:15,position,api_position_resolved_matched,Matched,206.0,0.0
205,2026-05-23 11:33:15,position,api_position_resolved_matched,Matched,210.0,0.0
205,2026-05-23 11:33:15,position,api_position_resolved_matched,Matched,197.0,0.0
205,2026-05-23 11:33:15,position,api_position_matched,Matched,214.0,1.2
206,2026-05-23 11:43:15,trade,exact,Matched,217.0,8.06
206,2026-05-23 11:43:15,trade,exact,Matched,216.0,8.0
206,2026-05-23 11:43:15,trade,exact,Matched,215.0,8.06
206,2026-05-23 11:43:15,trade,exact,Matched,214.0,1.17
206,2026-05-23 11:43:15,trade,exact,Matched,213.0,8.06
206,2026-05-23 11:43:15,trade,exact,Matched,212.0,5.26
206,2026-05-23 11:43:15,trade,exact,Matched,211.0,5.11
206,2026-05-23 11:43:15,trade,exact,Matched,210.0,5.07
206,2026-05-23 11:43:15,trade,exact,Matched,209.0,2.5
206,2026-05-23 11:43:15,trade,exact,Matched,208.0,2.57
206,2026-05-23 11:43:15,trade,exact,Matched,207.0,5.25
206,2026-05-23 11:43:15,trade,exact,Matched,206.0,5.26
206,2026-05-23 11:43:15,trade,exact,Matched,205.0,1.96
206,2026-05-23 11:43:15,trade,exact,Matched,204.0,4.41
206,2026-05-23 11:43:15,trade,exact,Matched,203.0,1.73
206,2026-05-23 11:43:15,trade,exact,Matched,202.0,1.8
206,2026-05-23 11:43:15,trade,exact,Matched,201.0,4.5
206,2026-05-23 11:43:15,trade,exact,Matched,200.0,4.5
206,2026-05-23 11:43:15,trade,exact,Matched,199.0,4.5
206,2026-05-23 11:43:15,trade,exact,Matched,198.0,4.73
206,2026-05-23 11:43:15,trade,exact,Matched,197.0,4.74
206,2026-05-23 11:43:15,trade,exact,Matched,196.0,4.68
206,2026-05-23 11:43:15,trade,exact,Matched,195.0,4.74
206,2026-05-23 11:43:15,trade,exact,Matched,194.0,1.85
206,2026-05-23 11:43:15,trade,exact,Matched,193.0,2.75
206,2026-05-23 11:43:15,trade,exact,Matched,192.0,5.0
206,2026-05-23 11:43:15,position,api_position_matched,Matched,215.0,8.06
206,2026-05-23 11:43:15,position,api_position_matched,Matched,216.0,8.02
206,2026-05-23 11:43:15,position,api_position_matched,Matched,217.0,7.92
206,2026-05-23 11:43:15,position,api_position_matched,Matched,213.0,7.88
206,2026-05-23 11:43:15,position,api_position_resolved_matched,Matched,206.0,0.0
206,2026-05-23 11:43:15,position,api_position_resolved_matched,Matched,210.0,0.0
206,2026-05-23 11:43:15,position,api_position_resolved_matched,Matched,197.0,0.0
206,2026-05-23 11:43:15,position,api_position_matched,Matched,214.0,1.21
207,2026-05-23 11:53:15,trade,exact,Matched,217.0,8.06
207,2026-05-23 11:53:15,trade,exact,Matched,216.0,8.0
207,2026-05-23 11:53:15,trade,exact,Matched,215.0,8.06
207,2026-05-23 11:53:15,trade,exact,Matched,214.0,1.17
207,2026-05-23 11:53:15,trade,exact,Matched,213.0,8.06
207,2026-05-23 11:53:15,trade,exact,Matched,212.0,5.26
207,2026-05-23 11:53:15,trade,exact,Matched,211.0,5.11
207,2026-05-23 11:53:15,trade,exact,Matched,210.0,5.07
207,2026-05-23 11:53:15,trade,exact,Matched,209.0,2.5
207,2026-05-23 11:53:15,trade,exact,Matched,208.0,2.57
207,2026-05-23 11:53:15,trade,exact,Matched,207.0,5.25
207,2026-05-23 11:53:15,trade,exact,Matched,206.0,5.26
207,2026-05-23 11:53:15,trade,exact,Matched,205.0,1.96
207,2026-05-23 11:53:15,trade,exact,Matched,204.0,4.41
207,2026-05-23 11:53:15,trade,exact,Matched,203.0,1.73
207,2026-05-23 11:53:15,trade,exact,Matched,202.0,1.8
207,2026-05-23 11:53:15,trade,exact,Matched,201.0,4.5
207,2026-05-23 11:53:15,trade,exact,Matched,200.0,4.5
207,2026-05-23 11:53:15,trade,exact,Matched,199.0,4.5
207,2026-05-23 11:53:15,trade,exact,Matched,198.0,4.73
207,2026-05-23 11:53:15,trade,exact,Matched,197.0,4.74
207,2026-05-23 11:53:15,trade,exact,Matched,196.0,4.68
207,2026-05-23 11:53:15,trade,exact,Matched,195.0,4.74
207,2026-05-23 11:53:15,trade,exact,Matched,194.0,1.85
207,2026-05-23 11:53:15,trade,exact,Matched,193.0,2.75
207,2026-05-23 11:53:15,trade,exact,Matched,192.0,5.0
207,2026-05-23 11:53:15,position,api_position_matched,Matched,215.0,8.49
207,2026-05-23 11:53:15,position,api_position_matched,Matched,216.0,8.02
207,2026-05-23 11:53:15,position,api_position_matched,Matched,217.0,7.88
207,2026-05-23 11:53:15,position,api_position_matched,Matched,213.0,7.9
207,2026-05-23 11:53:15,position,api_position_resolved_matched,Matched,206.0,0.0
207,2026-05-23 11:53:15,position,api_position_resolved_matched,Matched,210.0,0.0
207,2026-05-23 11:53:15,position,api_position_resolved_matched,Matched,197.0,0.0
207,2026-05-23 11:53:15,position,api_position_matched,Matched,214.0,1.22
208,2026-05-23 11:54:33,trade,exact,Matched,217.0,8.06
208,2026-05-23 11:54:33,trade,exact,Matched,216.0,8.0
208,2026-05-23 11:54:33,trade,exact,Matched,215.0,8.06
208,2026-05-23 11:54:33,trade,exact,Matched,214.0,1.17
208,2026-05-23 11:54:33,trade,exact,Matched,213.0,8.06
208,2026-05-23 11:54:33,trade,exact,Matched,212.0,5.26
208,2026-05-23 11:54:33,trade,exact,Matched,211.0,5.11
208,2026-05-23 11:54:33,trade,exact,Matched,210.0,5.07
208,2026-05-23 11:54:33,trade,exact,Matched,209.0,2.5
208,2026-05-23 11:54:33,trade,exact,Matched,208.0,2.57
208,2026-05-23 11:54:33,trade,exact,Matched,207.0,5.25
208,2026-05-23 11:54:33,trade,exact,Matched,206.0,5.26
208,2026-05-23 11:54:33,trade,exact,Matched,205.0,1.96
208,2026-05-23 11:54:33,trade,exact,Matched,204.0,4.41
208,2026-05-23 11:54:33,trade,exact,Matched,203.0,1.73
208,2026-05-23 11:54:33,trade,exact,Matched,202.0,1.8
208,2026-05-23 11:54:33,trade,exact,Matched,201.0,4.5
208,2026-05-23 11:54:33,trade,exact,Matched,200.0,4.5
208,2026-05-23 11:54:33,trade,exact,Matched,199.0,4.5
208,2026-05-23 11:54:33,trade,exact,Matched,198.0,4.73
208,2026-05-23 11:54:33,trade,exact,Matched,197.0,4.74
208,2026-05-23 11:54:33,trade,exact,Matched,196.0,4.68
208,2026-05-23 11:54:33,trade,exact,Matched,195.0,4.74
208,2026-05-23 11:54:33,trade,exact,Matched,194.0,1.85
208,2026-05-23 11:54:33,trade,exact,Matched,193.0,2.75
208,2026-05-23 11:54:33,trade,exact,Matched,192.0,5.0
208,2026-05-23 11:54:33,position,api_position_matched,Matched,215.0,8.65
208,2026-05-23 11:54:33,position,api_position_matched,Matched,216.0,8.02
208,2026-05-23 11:54:33,position,api_position_matched,Matched,217.0,7.88
208,2026-05-23 11:54:33,position,api_position_matched,Matched,213.0,7.9
208,2026-05-23 11:54:33,position,api_position_resolved_matched,Matched,206.0,0.0
208,2026-05-23 11:54:33,position,api_position_resolved_matched,Matched,210.0,0.0
208,2026-05-23 11:54:33,position,api_position_resolved_matched,Matched,197.0,0.0
208,2026-05-23 11:54:33,position,api_position_matched,Matched,214.0,1.22
209,2026-05-23 11:54:34,trade,exact,Matched,217.0,8.06
209,2026-05-23 11:54:34,trade,exact,Matched,216.0,8.0
209,2026-05-23 11:54:34,trade,exact,Matched,215.0,8.06
209,2026-05-23 11:54:34,trade,exact,Matched,214.0,1.17
209,2026-05-23 11:54:34,trade,exact,Matched,213.0,8.06
209,2026-05-23 11:54:34,trade,exact,Matched,212.0,5.26
209,2026-05-23 11:54:34,trade,exact,Matched,211.0,5.11
209,2026-05-23 11:54:34,trade,exact,Matched,210.0,5.07
209,2026-05-23 11:54:34,trade,exact,Matched,209.0,2.5
209,2026-05-23 11:54:34,trade,exact,Matched,208.0,2.57
209,2026-05-23 11:54:34,trade,exact,Matched,207.0,5.25
209,2026-05-23 11:54:34,trade,exact,Matched,206.0,5.26
209,2026-05-23 11:54:34,trade,exact,Matched,205.0,1.96
209,2026-05-23 11:54:34,trade,exact,Matched,204.0,4.41
209,2026-05-23 11:54:34,trade,exact,Matched,203.0,1.73
209,2026-05-23 11:54:34,trade,exact,Matched,202.0,1.8
209,2026-05-23 11:54:34,trade,exact,Matched,201.0,4.5
209,2026-05-23 11:54:34,trade,exact,Matched,200.0,4.5
209,2026-05-23 11:54:34,trade,exact,Matched,199.0,4.5
209,2026-05-23 11:54:34,trade,exact,Matched,198.0,4.73
209,2026-05-23 11:54:34,trade,exact,Matched,197.0,4.74
209,2026-05-23 11:54:34,trade,exact,Matched,196.0,4.68
209,2026-05-23 11:54:34,trade,exact,Matched,195.0,4.74
209,2026-05-23 11:54:34,trade,exact,Matched,194.0,1.85
209,2026-05-23 11:54:34,trade,exact,Matched,193.0,2.75
209,2026-05-23 11:54:34,trade,exact,Matched,192.0,5.0
209,2026-05-23 11:54:34,position,api_position_matched,Matched,215.0,8.65
209,2026-05-23 11:54:34,position,api_position_matched,Matched,216.0,8.02
209,2026-05-23 11:54:34,position,api_position_matched,Matched,217.0,7.88
209,2026-05-23 11:54:34,position,api_position_matched,Matched,213.0,7.9
209,2026-05-23 11:54:34,position,api_position_resolved_matched,Matched,206.0,0.0
209,2026-05-23 11:54:34,position,api_position_resolved_matched,Matched,210.0,0.0
209,2026-05-23 11:54:34,position,api_position_resolved_matched,Matched,197.0,0.0
209,2026-05-23 11:54:34,position,api_position_matched,Matched,214.0,1.22
210,2026-05-23 12:04:35,trade,exact,Matched,217.0,8.06
210,2026-05-23 12:04:35,trade,exact,Matched,216.0,8.0
210,2026-05-23 12:04:35,trade,exact,Matched,215.0,8.06
210,2026-05-23 12:04:35,trade,exact,Matched,214.0,1.17
210,2026-05-23 12:04:35,trade,exact,Matched,213.0,8.06
210,2026-05-23 12:04:35,trade,exact,Matched,212.0,5.26
210,2026-05-23 12:04:35,trade,exact,Matched,211.0,5.11
210,2026-05-23 12:04:35,trade,exact,Matched,210.0,5.07
210,2026-05-23 12:04:35,trade,exact,Matched,209.0,2.5
210,2026-05-23 12:04:35,trade,exact,Matched,208.0,2.57
210,2026-05-23 12:04:35,trade,exact,Matched,207.0,5.25
210,2026-05-23 12:04:35,trade,exact,Matched,206.0,5.26
210,2026-05-23 12:04:35,trade,exact,Matched,205.0,1.96
210,2026-05-23 12:04:35,trade,exact,Matched,204.0,4.41
210,2026-05-23 12:04:35,trade,exact,Matched,203.0,1.73
210,2026-05-23 12:04:35,trade,exact,Matched,202.0,1.8
210,2026-05-23 12:04:35,trade,exact,Matched,201.0,4.5
210,2026-05-23 12:04:35,trade,exact,Matched,200.0,4.5
210,2026-05-23 12:04:35,trade,exact,Matched,199.0,4.5
210,2026-05-23 12:04:35,trade,exact,Matched,198.0,4.73
210,2026-05-23 12:04:35,trade,exact,Matched,197.0,4.74
210,2026-05-23 12:04:35,trade,exact,Matched,196.0,4.68
210,2026-05-23 12:04:35,trade,exact,Matched,195.0,4.74
210,2026-05-23 12:04:35,trade,exact,Matched,194.0,1.85
210,2026-05-23 12:04:35,trade,exact,Matched,193.0,2.75
210,2026-05-23 12:04:35,trade,exact,Matched,192.0,5.0
210,2026-05-23 12:04:35,position,api_position_matched,Matched,215.0,8.65
210,2026-05-23 12:04:35,position,api_position_matched,Matched,216.0,7.83
210,2026-05-23 12:04:35,position,api_position_matched,Matched,217.0,7.88
210,2026-05-23 12:04:35,position,api_position_matched,Matched,213.0,7.9
210,2026-05-23 12:04:35,position,api_position_resolved_matched,Matched,206.0,0.0
210,2026-05-23 12:04:35,position,api_position_resolved_matched,Matched,210.0,0.0
210,2026-05-23 12:04:35,position,api_position_resolved_matched,Matched,197.0,0.0
210,2026-05-23 12:04:35,position,api_position_matched,Matched,214.0,1.23
211,2026-05-23 12:14:35,trade,exact,Matched,217.0,8.06
211,2026-05-23 12:14:35,trade,exact,Matched,216.0,8.0
211,2026-05-23 12:14:35,trade,exact,Matched,215.0,8.06
211,2026-05-23 12:14:35,trade,exact,Matched,214.0,1.17
211,2026-05-23 12:14:35,trade,exact,Matched,213.0,8.06
211,2026-05-23 12:14:35,trade,exact,Matched,212.0,5.26
211,2026-05-23 12:14:35,trade,exact,Matched,211.0,5.11
211,2026-05-23 12:14:35,trade,exact,Matched,210.0,5.07
211,2026-05-23 12:14:35,trade,exact,Matched,209.0,2.5
211,2026-05-23 12:14:35,trade,exact,Matched,208.0,2.57
211,2026-05-23 12:14:35,trade,exact,Matched,207.0,5.25
211,2026-05-23 12:14:35,trade,exact,Matched,206.0,5.26
211,2026-05-23 12:14:35,trade,exact,Matched,205.0,1.96
211,2026-05-23 12:14:35,trade,exact,Matched,204.0,4.41
211,2026-05-23 12:14:35,trade,exact,Matched,203.0,1.73
211,2026-05-23 12:14:35,trade,exact,Matched,202.0,1.8
211,2026-05-23 12:14:35,trade,exact,Matched,201.0,4.5
211,2026-05-23 12:14:35,trade,exact,Matched,200.0,4.5
211,2026-05-23 12:14:35,trade,exact,Matched,199.0,4.5
211,2026-05-23 12:14:35,trade,exact,Matched,198.0,4.73
211,2026-05-23 12:14:35,trade,exact,Matched,197.0,4.74
211,2026-05-23 12:14:35,trade,exact,Matched,196.0,4.68
211,2026-05-23 12:14:35,trade,exact,Matched,195.0,4.74
211,2026-05-23 12:14:35,trade,exact,Matched,194.0,1.85
211,2026-05-23 12:14:35,trade,exact,Matched,193.0,2.75
211,2026-05-23 12:14:35,trade,exact,Matched,192.0,5.0
211,2026-05-23 12:14:35,position,api_position_matched,Matched,215.0,8.97
211,2026-05-23 12:14:35,position,api_position_matched,Matched,216.0,7.93
211,2026-05-23 12:14:35,position,api_position_matched,Matched,217.0,7.92
211,2026-05-23 12:14:35,position,api_position_matched,Matched,213.0,7.91
211,2026-05-23 12:14:35,position,api_position_resolved_matched,Matched,206.0,0.0
211,2026-05-23 12:14:35,position,api_position_resolved_matched,Matched,210.0,0.0
211,2026-05-23 12:14:35,position,api_position_resolved_matched,Matched,197.0,0.0
211,2026-05-23 12:14:35,position,api_position_matched,Matched,214.0,1.28
212,2026-05-23 12:24:34,trade,exact,Matched,217.0,8.06
212,2026-05-23 12:24:34,trade,exact,Matched,216.0,8.0
212,2026-05-23 12:24:34,trade,exact,Matched,215.0,8.06
212,2026-05-23 12:24:34,trade,exact,Matched,214.0,1.17
212,2026-05-23 12:24:34,trade,exact,Matched,213.0,8.06
212,2026-05-23 12:24:34,trade,exact,Matched,212.0,5.26
212,2026-05-23 12:24:34,trade,exact,Matched,211.0,5.11
212,2026-05-23 12:24:34,trade,exact,Matched,210.0,5.07
212,2026-05-23 12:24:34,trade,exact,Matched,209.0,2.5
212,2026-05-23 12:24:34,trade,exact,Matched,208.0,2.57
212,2026-05-23 12:24:34,trade,exact,Matched,207.0,5.25
212,2026-05-23 12:24:34,trade,exact,Matched,206.0,5.26
212,2026-05-23 12:24:34,trade,exact,Matched,205.0,1.96
212,2026-05-23 12:24:34,trade,exact,Matched,204.0,4.41
212,2026-05-23 12:24:34,trade,exact,Matched,203.0,1.73
212,2026-05-23 12:24:34,trade,exact,Matched,202.0,1.8
212,2026-05-23 12:24:34,trade,exact,Matched,201.0,4.5
212,2026-05-23 12:24:34,trade,exact,Matched,200.0,4.5
212,2026-05-23 12:24:34,trade,exact,Matched,199.0,4.5
212,2026-05-23 12:24:34,trade,exact,Matched,198.0,4.73
212,2026-05-23 12:24:34,trade,exact,Matched,197.0,4.74
212,2026-05-23 12:24:34,trade,exact,Matched,196.0,4.68
212,2026-05-23 12:24:34,trade,exact,Matched,195.0,4.74
212,2026-05-23 12:24:34,trade,exact,Matched,194.0,1.85
212,2026-05-23 12:24:34,trade,exact,Matched,193.0,2.75
212,2026-05-23 12:24:34,trade,exact,Matched,192.0,5.0
212,2026-05-23 12:24:34,position,api_position_matched,Matched,215.0,8.86
212,2026-05-23 12:24:34,position,api_position_matched,Matched,216.0,7.93
212,2026-05-23 12:24:34,position,api_position_matched,Matched,217.0,7.92
212,2026-05-23 12:24:34,position,api_position_matched,Matched,213.0,7.96
212,2026-05-23 12:24:34,position,api_position_resolved_matched,Matched,206.0,0.0
212,2026-05-23 12:24:34,position,api_position_resolved_matched,Matched,210.0,0.0
212,2026-05-23 12:24:34,position,api_position_resolved_matched,Matched,197.0,0.0
212,2026-05-23 12:24:34,position,api_position_matched,Matched,214.0,1.31
213,2026-05-23 12:34:35,trade,exact,Matched,217.0,8.06
213,2026-05-23 12:34:35,trade,exact,Matched,216.0,8.0
213,2026-05-23 12:34:35,trade,exact,Matched,215.0,8.06
213,2026-05-23 12:34:35,trade,exact,Matched,214.0,1.17
213,2026-05-23 12:34:35,trade,exact,Matched,213.0,8.06
213,2026-05-23 12:34:35,trade,exact,Matched,212.0,5.26
213,2026-05-23 12:34:35,trade,exact,Matched,211.0,5.11
213,2026-05-23 12:34:35,trade,exact,Matched,210.0,5.07
213,2026-05-23 12:34:35,trade,exact,Matched,209.0,2.5
213,2026-05-23 12:34:35,trade,exact,Matched,208.0,2.57
213,2026-05-23 12:34:35,trade,exact,Matched,207.0,5.25
213,2026-05-23 12:34:35,trade,exact,Matched,206.0,5.26
213,2026-05-23 12:34:35,trade,exact,Matched,205.0,1.96
213,2026-05-23 12:34:35,trade,exact,Matched,204.0,4.41
213,2026-05-23 12:34:35,trade,exact,Matched,203.0,1.73
213,2026-05-23 12:34:35,trade,exact,Matched,202.0,1.8
213,2026-05-23 12:34:35,trade,exact,Matched,201.0,4.5
213,2026-05-23 12:34:35,trade,exact,Matched,200.0,4.5
213,2026-05-23 12:34:35,trade,exact,Matched,199.0,4.5
213,2026-05-23 12:34:35,trade,exact,Matched,198.0,4.73
213,2026-05-23 12:34:35,trade,exact,Matched,197.0,4.74
213,2026-05-23 12:34:35,trade,exact,Matched,196.0,4.68
213,2026-05-23 12:34:35,trade,exact,Matched,195.0,4.74
213,2026-05-23 12:34:35,trade,exact,Matched,194.0,1.85
213,2026-05-23 12:34:35,trade,exact,Matched,193.0,2.75
213,2026-05-23 12:34:35,trade,exact,Matched,192.0,5.0
213,2026-05-23 12:34:35,position,api_position_matched,Matched,215.0,8.91
213,2026-05-23 12:34:35,position,api_position_matched,Matched,216.0,8.02
213,2026-05-23 12:34:35,position,api_position_matched,Matched,217.0,7.92
213,2026-05-23 12:34:35,position,api_position_matched,Matched,213.0,7.93
213,2026-05-23 12:34:35,position,api_position_resolved_matched,Matched,206.0,0.0
213,2026-05-23 12:34:35,position,api_position_resolved_matched,Matched,210.0,0.0
213,2026-05-23 12:34:35,position,api_position_resolved_matched,Matched,197.0,0.0
213,2026-05-23 12:34:35,position,api_position_matched,Matched,214.0,1.34
214,2026-05-23 12:44:35,trade,exact,Matched,217.0,8.06
214,2026-05-23 12:44:35,trade,exact,Matched,216.0,8.0
214,2026-05-23 12:44:35,trade,exact,Matched,215.0,8.06
214,2026-05-23 12:44:35,trade,exact,Matched,214.0,1.17
214,2026-05-23 12:44:35,trade,exact,Matched,213.0,8.06
214,2026-05-23 12:44:35,trade,exact,Matched,212.0,5.26
214,2026-05-23 12:44:35,trade,exact,Matched,211.0,5.11
214,2026-05-23 12:44:35,trade,exact,Matched,210.0,5.07
214,2026-05-23 12:44:35,trade,exact,Matched,209.0,2.5
214,2026-05-23 12:44:35,trade,exact,Matched,208.0,2.57
214,2026-05-23 12:44:35,trade,exact,Matched,207.0,5.25
214,2026-05-23 12:44:35,trade,exact,Matched,206.0,5.26
214,2026-05-23 12:44:35,trade,exact,Matched,205.0,1.96
214,2026-05-23 12:44:35,trade,exact,Matched,204.0,4.41
214,2026-05-23 12:44:35,trade,exact,Matched,203.0,1.73
214,2026-05-23 12:44:35,trade,exact,Matched,202.0,1.8
214,2026-05-23 12:44:35,trade,exact,Matched,201.0,4.5
214,2026-05-23 12:44:35,trade,exact,Matched,200.0,4.5
214,2026-05-23 12:44:35,trade,exact,Matched,199.0,4.5
214,2026-05-23 12:44:35,trade,exact,Matched,198.0,4.73
214,2026-05-23 12:44:35,trade,exact,Matched,197.0,4.74
214,2026-05-23 12:44:35,trade,exact,Matched,196.0,4.68
214,2026-05-23 12:44:35,trade,exact,Matched,195.0,4.74
214,2026-05-23 12:44:35,trade,exact,Matched,194.0,1.85
214,2026-05-23 12:44:35,trade,exact,Matched,193.0,2.75
214,2026-05-23 12:44:35,trade,exact,Matched,192.0,5.0
214,2026-05-23 12:44:35,position,api_position_matched,Matched,215.0,8.91
214,2026-05-23 12:44:35,position,api_position_matched,Matched,216.0,7.93
214,2026-05-23 12:44:35,position,api_position_matched,Matched,217.0,7.79
214,2026-05-23 12:44:35,position,api_position_matched,Matched,213.0,7.92
214,2026-05-23 12:44:35,position,api_position_resolved_matched,Matched,206.0,0.0
214,2026-05-23 12:44:35,position,api_position_resolved_matched,Matched,210.0,0.0
214,2026-05-23 12:44:35,position,api_position_resolved_matched,Matched,197.0,0.0
214,2026-05-23 12:44:35,position,api_position_matched,Matched,214.0,1.34
215,2026-05-23 12:54:35,trade,exact,Matched,217.0,8.06
215,2026-05-23 12:54:35,trade,exact,Matched,216.0,8.0
215,2026-05-23 12:54:35,trade,exact,Matched,215.0,8.06
215,2026-05-23 12:54:35,trade,exact,Matched,214.0,1.17
215,2026-05-23 12:54:35,trade,exact,Matched,213.0,8.06
215,2026-05-23 12:54:35,trade,exact,Matched,212.0,5.26
215,2026-05-23 12:54:35,trade,exact,Matched,211.0,5.11
215,2026-05-23 12:54:35,trade,exact,Matched,210.0,5.07
215,2026-05-23 12:54:35,trade,exact,Matched,209.0,2.5
215,2026-05-23 12:54:35,trade,exact,Matched,208.0,2.57
215,2026-05-23 12:54:35,trade,exact,Matched,207.0,5.25
215,2026-05-23 12:54:35,trade,exact,Matched,206.0,5.26
215,2026-05-23 12:54:35,trade,exact,Matched,205.0,1.96
215,2026-05-23 12:54:35,trade,exact,Matched,204.0,4.41
215,2026-05-23 12:54:35,trade,exact,Matched,203.0,1.73
215,2026-05-23 12:54:35,trade,exact,Matched,202.0,1.8
215,2026-05-23 12:54:35,trade,exact,Matched,201.0,4.5
215,2026-05-23 12:54:35,trade,exact,Matched,200.0,4.5
215,2026-05-23 12:54:35,trade,exact,Matched,199.0,4.5
215,2026-05-23 12:54:35,trade,exact,Matched,198.0,4.73
215,2026-05-23 12:54:35,trade,exact,Matched,197.0,4.74
215,2026-05-23 12:54:35,trade,exact,Matched,196.0,4.68
215,2026-05-23 12:54:35,trade,exact,Matched,195.0,4.74
215,2026-05-23 12:54:35,trade,exact,Matched,194.0,1.85
215,2026-05-23 12:54:35,trade,exact,Matched,193.0,2.75
215,2026-05-23 12:54:35,trade,exact,Matched,192.0,5.0
215,2026-05-23 12:54:35,position,api_position_matched,Matched,215.0,8.33
215,2026-05-23 12:54:35,position,api_position_matched,Matched,216.0,7.93
215,2026-05-23 12:54:35,position,api_position_matched,Matched,217.0,7.83
215,2026-05-23 12:54:35,position,api_position_matched,Matched,213.0,7.92
215,2026-05-23 12:54:35,position,api_position_resolved_matched,Matched,206.0,0.0
215,2026-05-23 12:54:35,position,api_position_resolved_matched,Matched,210.0,0.0
215,2026-05-23 12:54:35,position,api_position_resolved_matched,Matched,197.0,0.0
215,2026-05-23 12:54:35,position,api_position_matched,Matched,214.0,1.34
216,2026-05-23 13:03:06,trade,exact,Matched,218.0,8.06
216,2026-05-23 13:03:06,trade,exact,Matched,217.0,8.06
216,2026-05-23 13:03:06,trade,exact,Matched,216.0,8.0
216,2026-05-23 13:03:06,trade,exact,Matched,215.0,8.06
216,2026-05-23 13:03:06,trade,exact,Matched,214.0,1.17
216,2026-05-23 13:03:06,trade,exact,Matched,213.0,8.06
216,2026-05-23 13:03:06,trade,exact,Matched,212.0,5.26
216,2026-05-23 13:03:06,trade,exact,Matched,211.0,5.11
216,2026-05-23 13:03:06,trade,exact,Matched,210.0,5.07
216,2026-05-23 13:03:06,trade,exact,Matched,209.0,2.5
216,2026-05-23 13:03:06,trade,exact,Matched,208.0,2.57
216,2026-05-23 13:03:06,trade,exact,Matched,207.0,5.25
216,2026-05-23 13:03:06,trade,exact,Matched,206.0,5.26
216,2026-05-23 13:03:06,trade,exact,Matched,205.0,1.96
216,2026-05-23 13:03:06,trade,exact,Matched,204.0,4.41
216,2026-05-23 13:03:06,trade,exact,Matched,203.0,1.73
216,2026-05-23 13:03:06,trade,exact,Matched,202.0,1.8
216,2026-05-23 13:03:06,trade,exact,Matched,201.0,4.5
216,2026-05-23 13:03:06,trade,exact,Matched,200.0,4.5
216,2026-05-23 13:03:06,trade,exact,Matched,199.0,4.5
216,2026-05-23 13:03:06,trade,exact,Matched,198.0,4.73
216,2026-05-23 13:03:06,trade,exact,Matched,197.0,4.74
216,2026-05-23 13:03:06,trade,exact,Matched,196.0,4.68
216,2026-05-23 13:03:06,trade,exact,Matched,195.0,4.74
216,2026-05-23 13:03:06,trade,exact,Matched,194.0,1.85
216,2026-05-23 13:03:06,trade,exact,Matched,193.0,2.75
216,2026-05-23 13:03:06,trade,exact,Matched,192.0,5.0
216,2026-05-23 13:03:06,position,api_position_matched,Matched,215.0,8.28
216,2026-05-23 13:03:06,position,api_position_matched,Matched,218.0,7.87
216,2026-05-23 13:03:06,position,api_position_matched,Matched,216.0,8.02
216,2026-05-23 13:03:06,position,api_position_matched,Matched,217.0,7.83
216,2026-05-23 13:03:06,position,api_position_matched,Matched,213.0,7.95
216,2026-05-23 13:03:06,position,api_position_resolved_matched,Matched,206.0,0.0
216,2026-05-23 13:03:06,position,api_position_resolved_matched,Matched,210.0,0.0
216,2026-05-23 13:03:06,position,api_position_resolved_matched,Matched,197.0,0.0
216,2026-05-23 13:03:06,position,api_position_matched,Matched,214.0,1.34
217,2026-05-23 13:04:34,trade,exact,Matched,218.0,8.06
217,2026-05-23 13:04:34,trade,exact,Matched,217.0,8.06
217,2026-05-23 13:04:34,trade,exact,Matched,216.0,8.0
217,2026-05-23 13:04:34,trade,exact,Matched,215.0,8.06
217,2026-05-23 13:04:34,trade,exact,Matched,214.0,1.17
217,2026-05-23 13:04:34,trade,exact,Matched,213.0,8.06
217,2026-05-23 13:04:34,trade,exact,Matched,212.0,5.26
217,2026-05-23 13:04:34,trade,exact,Matched,211.0,5.11
217,2026-05-23 13:04:34,trade,exact,Matched,210.0,5.07
217,2026-05-23 13:04:34,trade,exact,Matched,209.0,2.5
217,2026-05-23 13:04:34,trade,exact,Matched,208.0,2.57
217,2026-05-23 13:04:34,trade,exact,Matched,207.0,5.25
217,2026-05-23 13:04:34,trade,exact,Matched,206.0,5.26
217,2026-05-23 13:04:34,trade,exact,Matched,205.0,1.96
217,2026-05-23 13:04:34,trade,exact,Matched,204.0,4.41
217,2026-05-23 13:04:34,trade,exact,Matched,203.0,1.73
217,2026-05-23 13:04:34,trade,exact,Matched,202.0,1.8
217,2026-05-23 13:04:34,trade,exact,Matched,201.0,4.5
217,2026-05-23 13:04:34,trade,exact,Matched,200.0,4.5
217,2026-05-23 13:04:34,trade,exact,Matched,199.0,4.5
217,2026-05-23 13:04:34,trade,exact,Matched,198.0,4.73
217,2026-05-23 13:04:34,trade,exact,Matched,197.0,4.74
217,2026-05-23 13:04:34,trade,exact,Matched,196.0,4.68
217,2026-05-23 13:04:34,trade,exact,Matched,195.0,4.74
217,2026-05-23 13:04:34,trade,exact,Matched,194.0,1.85
217,2026-05-23 13:04:34,trade,exact,Matched,193.0,2.75
217,2026-05-23 13:04:34,trade,exact,Matched,192.0,5.0
217,2026-05-23 13:04:34,position,api_position_matched,Matched,215.0,8.28
217,2026-05-23 13:04:34,position,api_position_matched,Matched,218.0,7.87
217,2026-05-23 13:04:34,position,api_position_matched,Matched,216.0,8.02
217,2026-05-23 13:04:34,position,api_position_matched,Matched,217.0,7.83
217,2026-05-23 13:04:34,position,api_position_matched,Matched,213.0,7.95
217,2026-05-23 13:04:34,position,api_position_resolved_matched,Matched,206.0,0.0
217,2026-05-23 13:04:34,position,api_position_resolved_matched,Matched,210.0,0.0
217,2026-05-23 13:04:34,position,api_position_resolved_matched,Matched,197.0,0.0
217,2026-05-23 13:04:34,position,api_position_matched,Matched,214.0,1.34
218,2026-05-23 13:14:35,trade,exact,Matched,218.0,8.06
218,2026-05-23 13:14:35,trade,exact,Matched,217.0,8.06
218,2026-05-23 13:14:35,trade,exact,Matched,216.0,8.0
218,2026-05-23 13:14:35,trade,exact,Matched,215.0,8.06
218,2026-05-23 13:14:35,trade,exact,Matched,214.0,1.17
218,2026-05-23 13:14:35,trade,exact,Matched,213.0,8.06
218,2026-05-23 13:14:35,trade,exact,Matched,212.0,5.26
218,2026-05-23 13:14:35,trade,exact,Matched,211.0,5.11
218,2026-05-23 13:14:35,trade,exact,Matched,210.0,5.07
218,2026-05-23 13:14:35,trade,exact,Matched,209.0,2.5
218,2026-05-23 13:14:35,trade,exact,Matched,208.0,2.57
218,2026-05-23 13:14:35,trade,exact,Matched,207.0,5.25
218,2026-05-23 13:14:35,trade,exact,Matched,206.0,5.26
218,2026-05-23 13:14:35,trade,exact,Matched,205.0,1.96
218,2026-05-23 13:14:35,trade,exact,Matched,204.0,4.41
218,2026-05-23 13:14:35,trade,exact,Matched,203.0,1.73
218,2026-05-23 13:14:35,trade,exact,Matched,202.0,1.8
218,2026-05-23 13:14:35,trade,exact,Matched,201.0,4.5
218,2026-05-23 13:14:35,trade,exact,Matched,200.0,4.5
218,2026-05-23 13:14:35,trade,exact,Matched,199.0,4.5
218,2026-05-23 13:14:35,trade,exact,Matched,198.0,4.73
218,2026-05-23 13:14:35,trade,exact,Matched,197.0,4.74
218,2026-05-23 13:14:35,trade,exact,Matched,196.0,4.68
218,2026-05-23 13:14:35,trade,exact,Matched,195.0,4.74
218,2026-05-23 13:14:35,trade,exact,Matched,194.0,1.85
218,2026-05-23 13:14:35,trade,exact,Matched,193.0,2.75
218,2026-05-23 13:14:35,trade,exact,Matched,192.0,5.0
218,2026-05-23 13:14:35,position,api_position_matched,Matched,215.0,8.28
218,2026-05-23 13:14:35,position,api_position_matched,Matched,218.0,7.87
218,2026-05-23 13:14:35,position,api_position_matched,Matched,216.0,8.02
218,2026-05-23 13:14:35,position,api_position_matched,Matched,217.0,7.83
218,2026-05-23 13:14:35,position,api_position_matched,Matched,213.0,7.97
218,2026-05-23 13:14:35,position,api_position_resolved_matched,Matched,206.0,0.0
218,2026-05-23 13:14:35,position,api_position_resolved_matched,Matched,210.0,0.0
218,2026-05-23 13:14:35,position,api_position_resolved_matched,Matched,197.0,0.0
218,2026-05-23 13:14:35,position,api_position_matched,Matched,214.0,1.34
219,2026-05-23 13:24:35,trade,exact,Matched,218.0,8.06
219,2026-05-23 13:24:35,trade,exact,Matched,217.0,8.06
219,2026-05-23 13:24:35,trade,exact,Matched,216.0,8.0
219,2026-05-23 13:24:35,trade,exact,Matched,215.0,8.06
219,2026-05-23 13:24:35,trade,exact,Matched,214.0,1.17
219,2026-05-23 13:24:35,trade,exact,Matched,213.0,8.06
219,2026-05-23 13:24:35,trade,exact,Matched,212.0,5.26
219,2026-05-23 13:24:35,trade,exact,Matched,211.0,5.11
219,2026-05-23 13:24:35,trade,exact,Matched,210.0,5.07
219,2026-05-23 13:24:35,trade,exact,Matched,209.0,2.5
219,2026-05-23 13:24:35,trade,exact,Matched,208.0,2.57
219,2026-05-23 13:24:35,trade,exact,Matched,207.0,5.25
219,2026-05-23 13:24:35,trade,exact,Matched,206.0,5.26
219,2026-05-23 13:24:35,trade,exact,Matched,205.0,1.96
219,2026-05-23 13:24:35,trade,exact,Matched,204.0,4.41
219,2026-05-23 13:24:35,trade,exact,Matched,203.0,1.73
219,2026-05-23 13:24:35,trade,exact,Matched,202.0,1.8
219,2026-05-23 13:24:35,trade,exact,Matched,201.0,4.5
219,2026-05-23 13:24:35,trade,exact,Matched,200.0,4.5
219,2026-05-23 13:24:35,trade,exact,Matched,199.0,4.5
219,2026-05-23 13:24:35,trade,exact,Matched,198.0,4.73
219,2026-05-23 13:24:35,trade,exact,Matched,197.0,4.74
219,2026-05-23 13:24:35,trade,exact,Matched,196.0,4.68
219,2026-05-23 13:24:35,trade,exact,Matched,195.0,4.74
219,2026-05-23 13:24:35,trade,exact,Matched,194.0,1.85
219,2026-05-23 13:24:35,trade,exact,Matched,193.0,2.75
219,2026-05-23 13:24:35,trade,exact,Matched,192.0,5.0
219,2026-05-23 13:24:35,position,api_position_matched,Matched,215.0,8.01
219,2026-05-23 13:24:35,position,api_position_matched,Matched,218.0,7.97
219,2026-05-23 13:24:35,position,api_position_matched,Matched,216.0,8.02
219,2026-05-23 13:24:35,position,api_position_matched,Matched,217.0,7.83
219,2026-05-23 13:24:35,position,api_position_matched,Matched,213.0,8.05
219,2026-05-23 13:24:35,position,api_position_resolved_matched,Matched,206.0,0.0
219,2026-05-23 13:24:35,position,api_position_resolved_matched,Matched,210.0,0.0
219,2026-05-23 13:24:35,position,api_position_resolved_matched,Matched,197.0,0.0
219,2026-05-23 13:24:35,position,api_position_matched,Matched,214.0,1.34
220,2026-05-23 13:34:35,trade,exact,Matched,218.0,8.06
220,2026-05-23 13:34:35,trade,exact,Matched,217.0,8.06
220,2026-05-23 13:34:35,trade,exact,Matched,216.0,8.0
220,2026-05-23 13:34:35,trade,exact,Matched,215.0,8.06
220,2026-05-23 13:34:35,trade,exact,Matched,214.0,1.17
220,2026-05-23 13:34:35,trade,exact,Matched,213.0,8.06
220,2026-05-23 13:34:35,trade,exact,Matched,212.0,5.26
220,2026-05-23 13:34:35,trade,exact,Matched,211.0,5.11
220,2026-05-23 13:34:35,trade,exact,Matched,210.0,5.07
220,2026-05-23 13:34:35,trade,exact,Matched,209.0,2.5
220,2026-05-23 13:34:35,trade,exact,Matched,208.0,2.57
220,2026-05-23 13:34:35,trade,exact,Matched,207.0,5.25
220,2026-05-23 13:34:35,trade,exact,Matched,206.0,5.26
220,2026-05-23 13:34:35,trade,exact,Matched,205.0,1.96
220,2026-05-23 13:34:35,trade,exact,Matched,204.0,4.41
220,2026-05-23 13:34:35,trade,exact,Matched,203.0,1.73
220,2026-05-23 13:34:35,trade,exact,Matched,202.0,1.8
220,2026-05-23 13:34:35,trade,exact,Matched,201.0,4.5
220,2026-05-23 13:34:35,trade,exact,Matched,200.0,4.5
220,2026-05-23 13:34:35,trade,exact,Matched,199.0,4.5
220,2026-05-23 13:34:35,trade,exact,Matched,198.0,4.73
220,2026-05-23 13:34:35,trade,exact,Matched,197.0,4.74
220,2026-05-23 13:34:35,trade,exact,Matched,196.0,4.68
220,2026-05-23 13:34:35,trade,exact,Matched,195.0,4.74
220,2026-05-23 13:34:35,trade,exact,Matched,194.0,1.85
220,2026-05-23 13:34:35,trade,exact,Matched,193.0,2.75
220,2026-05-23 13:34:35,trade,exact,Matched,192.0,5.0
220,2026-05-23 13:34:35,position,api_position_matched,Matched,215.0,8.01
220,2026-05-23 13:34:35,position,api_position_matched,Matched,218.0,7.92
220,2026-05-23 13:34:35,position,api_position_matched,Matched,216.0,8.06
220,2026-05-23 13:34:35,position,api_position_matched,Matched,217.0,7.83
220,2026-05-23 13:34:35,position,api_position_matched,Matched,213.0,7.96
220,2026-05-23 13:34:35,position,api_position_resolved_matched,Matched,206.0,0.0
220,2026-05-23 13:34:35,position,api_position_resolved_matched,Matched,210.0,0.0
220,2026-05-23 13:34:35,position,api_position_resolved_matched,Matched,197.0,0.0
220,2026-05-23 13:34:35,position,api_position_matched,Matched,214.0,1.34
221,2026-05-23 13:44:35,trade,exact,Matched,218.0,8.06
221,2026-05-23 13:44:35,trade,exact,Matched,217.0,8.06
221,2026-05-23 13:44:35,trade,exact,Matched,216.0,8.0
221,2026-05-23 13:44:35,trade,exact,Matched,215.0,8.06
221,2026-05-23 13:44:35,trade,exact,Matched,214.0,1.17
221,2026-05-23 13:44:35,trade,exact,Matched,213.0,8.06
221,2026-05-23 13:44:35,trade,exact,Matched,212.0,5.26
221,2026-05-23 13:44:35,trade,exact,Matched,211.0,5.11
221,2026-05-23 13:44:35,trade,exact,Matched,210.0,5.07
221,2026-05-23 13:44:35,trade,exact,Matched,209.0,2.5
221,2026-05-23 13:44:35,trade,exact,Matched,208.0,2.57
221,2026-05-23 13:44:35,trade,exact,Matched,207.0,5.25
221,2026-05-23 13:44:35,trade,exact,Matched,206.0,5.26
221,2026-05-23 13:44:35,trade,exact,Matched,205.0,1.96
221,2026-05-23 13:44:35,trade,exact,Matched,204.0,4.41
221,2026-05-23 13:44:35,trade,exact,Matched,203.0,1.73
221,2026-05-23 13:44:35,trade,exact,Matched,202.0,1.8
221,2026-05-23 13:44:35,trade,exact,Matched,201.0,4.5
221,2026-05-23 13:44:35,trade,exact,Matched,200.0,4.5
221,2026-05-23 13:44:35,trade,exact,Matched,199.0,4.5
221,2026-05-23 13:44:35,trade,exact,Matched,198.0,4.73
221,2026-05-23 13:44:35,trade,exact,Matched,197.0,4.74
221,2026-05-23 13:44:35,trade,exact,Matched,196.0,4.68
221,2026-05-23 13:44:35,trade,exact,Matched,195.0,4.74
221,2026-05-23 13:44:35,trade,exact,Matched,194.0,1.85
221,2026-05-23 13:44:35,trade,exact,Matched,193.0,2.75
221,2026-05-23 13:44:35,trade,exact,Matched,192.0,5.0
221,2026-05-23 13:44:35,position,api_position_matched,Matched,215.0,7.69
221,2026-05-23 13:44:35,position,api_position_matched,Matched,218.0,7.63
221,2026-05-23 13:44:35,position,api_position_matched,Matched,216.0,8.06
221,2026-05-23 13:44:35,position,api_position_matched,Matched,217.0,7.83
221,2026-05-23 13:44:35,position,api_position_matched,Matched,213.0,7.96
221,2026-05-23 13:44:35,position,api_position_resolved_matched,Matched,206.0,0.0
221,2026-05-23 13:44:35,position,api_position_resolved_matched,Matched,210.0,0.0
221,2026-05-23 13:44:35,position,api_position_resolved_matched,Matched,197.0,0.0
221,2026-05-23 13:44:35,position,api_position_matched,Matched,214.0,1.34
222,2026-05-23 13:54:35,trade,exact,Matched,218.0,8.06
222,2026-05-23 13:54:35,trade,exact,Matched,217.0,8.06
222,2026-05-23 13:54:35,trade,exact,Matched,216.0,8.0
222,2026-05-23 13:54:35,trade,exact,Matched,215.0,8.06
222,2026-05-23 13:54:35,trade,exact,Matched,214.0,1.17
222,2026-05-23 13:54:35,trade,exact,Matched,213.0,8.06
222,2026-05-23 13:54:35,trade,exact,Matched,212.0,5.26
222,2026-05-23 13:54:35,trade,exact,Matched,211.0,5.11
222,2026-05-23 13:54:35,trade,exact,Matched,210.0,5.07
222,2026-05-23 13:54:35,trade,exact,Matched,209.0,2.5
222,2026-05-23 13:54:35,trade,exact,Matched,208.0,2.57
222,2026-05-23 13:54:35,trade,exact,Matched,207.0,5.25
222,2026-05-23 13:54:35,trade,exact,Matched,206.0,5.26
222,2026-05-23 13:54:35,trade,exact,Matched,205.0,1.96
222,2026-05-23 13:54:35,trade,exact,Matched,204.0,4.41
222,2026-05-23 13:54:35,trade,exact,Matched,203.0,1.73
222,2026-05-23 13:54:35,trade,exact,Matched,202.0,1.8
222,2026-05-23 13:54:35,trade,exact,Matched,201.0,4.5
222,2026-05-23 13:54:35,trade,exact,Matched,200.0,4.5
222,2026-05-23 13:54:35,trade,exact,Matched,199.0,4.5
222,2026-05-23 13:54:35,trade,exact,Matched,198.0,4.73
222,2026-05-23 13:54:35,trade,exact,Matched,197.0,4.74
222,2026-05-23 13:54:35,trade,exact,Matched,196.0,4.68
222,2026-05-23 13:54:35,trade,exact,Matched,195.0,4.74
222,2026-05-23 13:54:35,trade,exact,Matched,194.0,1.85
222,2026-05-23 13:54:35,trade,exact,Matched,193.0,2.75
222,2026-05-23 13:54:35,trade,exact,Matched,192.0,5.0
222,2026-05-23 13:54:35,position,api_position_matched,Matched,215.0,7.53
222,2026-05-23 13:54:35,position,api_position_matched,Matched,218.0,7.39
222,2026-05-23 13:54:35,position,api_position_matched,Matched,216.0,7.93
222,2026-05-23 13:54:35,position,api_position_matched,Matched,217.0,7.83
222,2026-05-23 13:54:35,position,api_position_matched,Matched,213.0,8.05
222,2026-05-23 13:54:35,position,api_position_resolved_matched,Matched,206.0,0.0
222,2026-05-23 13:54:35,position,api_position_resolved_matched,Matched,210.0,0.0
222,2026-05-23 13:54:35,position,api_position_resolved_matched,Matched,197.0,0.0
222,2026-05-23 13:54:35,position,api_position_matched,Matched,214.0,1.34
223,2026-05-23 14:04:36,trade,exact,Matched,218.0,8.06
223,2026-05-23 14:04:36,trade,exact,Matched,217.0,8.06
223,2026-05-23 14:04:36,trade,exact,Matched,216.0,8.0
223,2026-05-23 14:04:36,trade,exact,Matched,215.0,8.06
223,2026-05-23 14:04:36,trade,exact,Matched,214.0,1.17
223,2026-05-23 14:04:36,trade,exact,Matched,213.0,8.06
223,2026-05-23 14:04:36,trade,exact,Matched,212.0,5.26
223,2026-05-23 14:04:36,trade,exact,Matched,211.0,5.11
223,2026-05-23 14:04:36,trade,exact,Matched,210.0,5.07
223,2026-05-23 14:04:36,trade,exact,Matched,209.0,2.5
223,2026-05-23 14:04:36,trade,exact,Matched,208.0,2.57
223,2026-05-23 14:04:36,trade,exact,Matched,207.0,5.25
223,2026-05-23 14:04:36,trade,exact,Matched,206.0,5.26
223,2026-05-23 14:04:36,trade,exact,Matched,205.0,1.96
223,2026-05-23 14:04:36,trade,exact,Matched,204.0,4.41
223,2026-05-23 14:04:36,trade,exact,Matched,203.0,1.73
223,2026-05-23 14:04:36,trade,exact,Matched,202.0,1.8
223,2026-05-23 14:04:36,trade,exact,Matched,201.0,4.5
223,2026-05-23 14:04:36,trade,exact,Matched,200.0,4.5
223,2026-05-23 14:04:36,trade,exact,Matched,199.0,4.5
223,2026-05-23 14:04:36,trade,exact,Matched,198.0,4.73
223,2026-05-23 14:04:36,trade,exact,Matched,197.0,4.74
223,2026-05-23 14:04:36,trade,exact,Matched,196.0,4.68
223,2026-05-23 14:04:36,trade,exact,Matched,195.0,4.74
223,2026-05-23 14:04:36,trade,exact,Matched,194.0,1.85
223,2026-05-23 14:04:36,trade,exact,Matched,193.0,2.75
223,2026-05-23 14:04:36,trade,exact,Matched,192.0,5.0
223,2026-05-23 14:04:36,position,api_position_matched,Matched,215.0,7.32
223,2026-05-23 14:04:36,position,api_position_matched,Matched,218.0,7.49
223,2026-05-23 14:04:36,position,api_position_matched,Matched,216.0,7.93
223,2026-05-23 14:04:36,position,api_position_matched,Matched,217.0,7.83
223,2026-05-23 14:04:36,position,api_position_matched,Matched,213.0,8.05
223,2026-05-23 14:04:36,position,api_position_resolved_matched,Matched,206.0,0.0
223,2026-05-23 14:04:36,position,api_position_resolved_matched,Matched,210.0,0.0
223,2026-05-23 14:04:36,position,api_position_resolved_matched,Matched,197.0,0.0
223,2026-05-23 14:04:36,position,api_position_matched,Matched,214.0,1.34
224,2026-05-23 14:14:35,trade,exact,Matched,218.0,8.06
224,2026-05-23 14:14:35,trade,exact,Matched,217.0,8.06
224,2026-05-23 14:14:35,trade,exact,Matched,216.0,8.0
224,2026-05-23 14:14:35,trade,exact,Matched,215.0,8.06
224,2026-05-23 14:14:35,trade,exact,Matched,214.0,1.17
224,2026-05-23 14:14:35,trade,exact,Matched,213.0,8.06
224,2026-05-23 14:14:35,trade,exact,Matched,212.0,5.26
224,2026-05-23 14:14:35,trade,exact,Matched,211.0,5.11
224,2026-05-23 14:14:35,trade,exact,Matched,210.0,5.07
224,2026-05-23 14:14:35,trade,exact,Matched,209.0,2.5
224,2026-05-23 14:14:35,trade,exact,Matched,208.0,2.57
224,2026-05-23 14:14:35,trade,exact,Matched,207.0,5.25
224,2026-05-23 14:14:35,trade,exact,Matched,206.0,5.26
224,2026-05-23 14:14:35,trade,exact,Matched,205.0,1.96
224,2026-05-23 14:14:35,trade,exact,Matched,204.0,4.41
224,2026-05-23 14:14:35,trade,exact,Matched,203.0,1.73
224,2026-05-23 14:14:35,trade,exact,Matched,202.0,1.8
224,2026-05-23 14:14:35,trade,exact,Matched,201.0,4.5
224,2026-05-23 14:14:35,trade,exact,Matched,200.0,4.5
224,2026-05-23 14:14:35,trade,exact,Matched,199.0,4.5
224,2026-05-23 14:14:35,trade,exact,Matched,198.0,4.73
224,2026-05-23 14:14:35,trade,exact,Matched,197.0,4.74
224,2026-05-23 14:14:35,trade,exact,Matched,196.0,4.68
224,2026-05-23 14:14:35,trade,exact,Matched,195.0,4.74
224,2026-05-23 14:14:35,trade,exact,Matched,194.0,1.85
224,2026-05-23 14:14:35,trade,exact,Matched,193.0,2.75
224,2026-05-23 14:14:35,trade,exact,Matched,192.0,5.0
224,2026-05-23 14:14:35,position,api_position_matched,Matched,215.0,7.32
224,2026-05-23 14:14:35,position,api_position_matched,Matched,218.0,7.44
224,2026-05-23 14:14:35,position,api_position_matched,Matched,216.0,7.93
224,2026-05-23 14:14:35,position,api_position_matched,Matched,217.0,7.83
224,2026-05-23 14:14:35,position,api_position_matched,Matched,213.0,8.1
224,2026-05-23 14:14:35,position,api_position_resolved_matched,Matched,206.0,0.0
224,2026-05-23 14:14:35,position,api_position_resolved_matched,Matched,210.0,0.0
224,2026-05-23 14:14:35,position,api_position_resolved_matched,Matched,197.0,0.0
224,2026-05-23 14:14:35,position,api_position_matched,Matched,214.0,1.34
225,2026-05-23 14:24:35,trade,exact,Matched,218.0,8.06
225,2026-05-23 14:24:35,trade,exact,Matched,217.0,8.06
225,2026-05-23 14:24:35,trade,exact,Matched,216.0,8.0
225,2026-05-23 14:24:35,trade,exact,Matched,215.0,8.06
225,2026-05-23 14:24:35,trade,exact,Matched,214.0,1.17
225,2026-05-23 14:24:35,trade,exact,Matched,213.0,8.06
225,2026-05-23 14:24:35,trade,exact,Matched,212.0,5.26
225,2026-05-23 14:24:35,trade,exact,Matched,211.0,5.11
225,2026-05-23 14:24:35,trade,exact,Matched,210.0,5.07
225,2026-05-23 14:24:35,trade,exact,Matched,209.0,2.5
225,2026-05-23 14:24:35,trade,exact,Matched,208.0,2.57
225,2026-05-23 14:24:35,trade,exact,Matched,207.0,5.25
225,2026-05-23 14:24:35,trade,exact,Matched,206.0,5.26
225,2026-05-23 14:24:35,trade,exact,Matched,205.0,1.96
225,2026-05-23 14:24:35,trade,exact,Matched,204.0,4.41
225,2026-05-23 14:24:35,trade,exact,Matched,203.0,1.73
225,2026-05-23 14:24:35,trade,exact,Matched,202.0,1.8
225,2026-05-23 14:24:35,trade,exact,Matched,201.0,4.5
225,2026-05-23 14:24:35,trade,exact,Matched,200.0,4.5
225,2026-05-23 14:24:35,trade,exact,Matched,199.0,4.5
225,2026-05-23 14:24:35,trade,exact,Matched,198.0,4.73
225,2026-05-23 14:24:35,trade,exact,Matched,197.0,4.74
225,2026-05-23 14:24:35,trade,exact,Matched,196.0,4.68
225,2026-05-23 14:24:35,trade,exact,Matched,195.0,4.74
225,2026-05-23 14:24:35,trade,exact,Matched,194.0,1.85
225,2026-05-23 14:24:35,trade,exact,Matched,193.0,2.75
225,2026-05-23 14:24:35,trade,exact,Matched,192.0,5.0
225,2026-05-23 14:24:35,position,api_position_matched,Matched,215.0,7.43
225,2026-05-23 14:24:35,position,api_position_matched,Matched,218.0,7.49
225,2026-05-23 14:24:35,position,api_position_matched,Matched,216.0,7.93
225,2026-05-23 14:24:35,position,api_position_matched,Matched,217.0,7.83
225,2026-05-23 14:24:35,position,api_position_matched,Matched,213.0,8.1
225,2026-05-23 14:24:35,position,api_position_resolved_matched,Matched,206.0,0.0
225,2026-05-23 14:24:35,position,api_position_resolved_matched,Matched,210.0,0.0
225,2026-05-23 14:24:35,position,api_position_resolved_matched,Matched,197.0,0.0
225,2026-05-23 14:24:35,position,api_position_matched,Matched,214.0,1.34
226,2026-05-23 14:34:36,trade,exact,Matched,218.0,8.06
226,2026-05-23 14:34:36,trade,exact,Matched,217.0,8.06
226,2026-05-23 14:34:36,trade,exact,Matched,216.0,8.0
226,2026-05-23 14:34:36,trade,exact,Matched,215.0,8.06
226,2026-05-23 14:34:36,trade,exact,Matched,214.0,1.17
226,2026-05-23 14:34:36,trade,exact,Matched,213.0,8.06
226,2026-05-23 14:34:36,trade,exact,Matched,212.0,5.26
226,2026-05-23 14:34:36,trade,exact,Matched,211.0,5.11
226,2026-05-23 14:34:36,trade,exact,Matched,210.0,5.07
226,2026-05-23 14:34:36,trade,exact,Matched,209.0,2.5
226,2026-05-23 14:34:36,trade,exact,Matched,208.0,2.57
226,2026-05-23 14:34:36,trade,exact,Matched,207.0,5.25
226,2026-05-23 14:34:36,trade,exact,Matched,206.0,5.26
226,2026-05-23 14:34:36,trade,exact,Matched,205.0,1.96
226,2026-05-23 14:34:36,trade,exact,Matched,204.0,4.41
226,2026-05-23 14:34:36,trade,exact,Matched,203.0,1.73
226,2026-05-23 14:34:36,trade,exact,Matched,202.0,1.8
226,2026-05-23 14:34:36,trade,exact,Matched,201.0,4.5
226,2026-05-23 14:34:36,trade,exact,Matched,200.0,4.5
226,2026-05-23 14:34:36,trade,exact,Matched,199.0,4.5
226,2026-05-23 14:34:36,trade,exact,Matched,198.0,4.73
226,2026-05-23 14:34:36,trade,exact,Matched,197.0,4.74
226,2026-05-23 14:34:36,trade,exact,Matched,196.0,4.68
226,2026-05-23 14:34:36,trade,exact,Matched,195.0,4.74
226,2026-05-23 14:34:36,trade,exact,Matched,194.0,1.85
226,2026-05-23 14:34:36,trade,exact,Matched,193.0,2.75
226,2026-05-23 14:34:36,trade,exact,Matched,192.0,5.0
226,2026-05-23 14:34:36,position,api_position_matched,Matched,215.0,7.37
226,2026-05-23 14:34:36,position,api_position_matched,Matched,218.0,7.49
226,2026-05-23 14:34:36,position,api_position_matched,Matched,216.0,7.93
226,2026-05-23 14:34:36,position,api_position_matched,Matched,217.0,7.74
226,2026-05-23 14:34:36,position,api_position_matched,Matched,213.0,8.08
226,2026-05-23 14:34:36,position,api_position_resolved_matched,Matched,206.0,0.0
226,2026-05-23 14:34:36,position,api_position_resolved_matched,Matched,210.0,0.0
226,2026-05-23 14:34:36,position,api_position_resolved_matched,Matched,197.0,0.0
226,2026-05-23 14:34:36,position,api_position_matched,Matched,214.0,1.34
227,2026-05-23 14:44:35,trade,exact,Matched,218.0,8.06
227,2026-05-23 14:44:35,trade,exact,Matched,217.0,8.06
227,2026-05-23 14:44:35,trade,exact,Matched,216.0,8.0
227,2026-05-23 14:44:35,trade,exact,Matched,215.0,8.06
227,2026-05-23 14:44:35,trade,exact,Matched,214.0,1.17
227,2026-05-23 14:44:35,trade,exact,Matched,213.0,8.06
227,2026-05-23 14:44:35,trade,exact,Matched,212.0,5.26
227,2026-05-23 14:44:35,trade,exact,Matched,211.0,5.11
227,2026-05-23 14:44:35,trade,exact,Matched,210.0,5.07
227,2026-05-23 14:44:35,trade,exact,Matched,209.0,2.5
227,2026-05-23 14:44:35,trade,exact,Matched,208.0,2.57
227,2026-05-23 14:44:35,trade,exact,Matched,207.0,5.25
227,2026-05-23 14:44:35,trade,exact,Matched,206.0,5.26
227,2026-05-23 14:44:35,trade,exact,Matched,205.0,1.96
227,2026-05-23 14:44:35,trade,exact,Matched,204.0,4.41
227,2026-05-23 14:44:35,trade,exact,Matched,203.0,1.73
227,2026-05-23 14:44:35,trade,exact,Matched,202.0,1.8
227,2026-05-23 14:44:35,trade,exact,Matched,201.0,4.5
227,2026-05-23 14:44:35,trade,exact,Matched,200.0,4.5
227,2026-05-23 14:44:35,trade,exact,Matched,199.0,4.5
227,2026-05-23 14:44:35,trade,exact,Matched,198.0,4.73
227,2026-05-23 14:44:35,trade,exact,Matched,197.0,4.74
227,2026-05-23 14:44:35,trade,exact,Matched,196.0,4.68
227,2026-05-23 14:44:35,trade,exact,Matched,195.0,4.74
227,2026-05-23 14:44:35,trade,exact,Matched,194.0,1.85
227,2026-05-23 14:44:35,trade,exact,Matched,193.0,2.75
227,2026-05-23 14:44:35,trade,exact,Matched,192.0,5.0
227,2026-05-23 14:44:35,position,api_position_matched,Matched,215.0,7.37
227,2026-05-23 14:44:35,position,api_position_matched,Matched,218.0,7.49
227,2026-05-23 14:44:35,position,api_position_matched,Matched,216.0,8.02
227,2026-05-23 14:44:35,position,api_position_matched,Matched,217.0,7.74
227,2026-05-23 14:44:35,position,api_position_matched,Matched,213.0,8.25
227,2026-05-23 14:44:35,position,api_position_resolved_matched,Matched,206.0,0.0
227,2026-05-23 14:44:35,position,api_position_resolved_matched,Matched,210.0,0.0
227,2026-05-23 14:44:35,position,api_position_resolved_matched,Matched,197.0,0.0
227,2026-05-23 14:44:35,position,api_position_matched,Matched,214.0,1.34
228,2026-05-23 14:54:35,trade,exact,Matched,218.0,8.06
228,2026-05-23 14:54:35,trade,exact,Matched,217.0,8.06
228,2026-05-23 14:54:35,trade,exact,Matched,216.0,8.0
228,2026-05-23 14:54:35,trade,exact,Matched,215.0,8.06
228,2026-05-23 14:54:35,trade,exact,Matched,214.0,1.17
228,2026-05-23 14:54:35,trade,exact,Matched,213.0,8.06
228,2026-05-23 14:54:35,trade,exact,Matched,212.0,5.26
228,2026-05-23 14:54:35,trade,exact,Matched,211.0,5.11
228,2026-05-23 14:54:35,trade,exact,Matched,210.0,5.07
228,2026-05-23 14:54:35,trade,exact,Matched,209.0,2.5
228,2026-05-23 14:54:35,trade,exact,Matched,208.0,2.57
228,2026-05-23 14:54:35,trade,exact,Matched,207.0,5.25
228,2026-05-23 14:54:35,trade,exact,Matched,206.0,5.26
228,2026-05-23 14:54:35,trade,exact,Matched,205.0,1.96
228,2026-05-23 14:54:35,trade,exact,Matched,204.0,4.41
228,2026-05-23 14:54:35,trade,exact,Matched,203.0,1.73
228,2026-05-23 14:54:35,trade,exact,Matched,202.0,1.8
228,2026-05-23 14:54:35,trade,exact,Matched,201.0,4.5
228,2026-05-23 14:54:35,trade,exact,Matched,200.0,4.5
228,2026-05-23 14:54:35,trade,exact,Matched,199.0,4.5
228,2026-05-23 14:54:35,trade,exact,Matched,198.0,4.73
228,2026-05-23 14:54:35,trade,exact,Matched,197.0,4.74
228,2026-05-23 14:54:35,trade,exact,Matched,196.0,4.68
228,2026-05-23 14:54:35,trade,exact,Matched,195.0,4.74
228,2026-05-23 14:54:35,trade,exact,Matched,194.0,1.85
228,2026-05-23 14:54:35,trade,exact,Matched,193.0,2.75
228,2026-05-23 14:54:35,trade,exact,Matched,192.0,5.0
228,2026-05-23 14:54:35,position,api_position_matched,Matched,215.0,7.37
228,2026-05-23 14:54:35,position,api_position_matched,Matched,218.0,7.44
228,2026-05-23 14:54:35,position,api_position_matched,Matched,216.0,8.11
228,2026-05-23 14:54:35,position,api_position_matched,Matched,217.0,7.79
228,2026-05-23 14:54:35,position,api_position_matched,Matched,213.0,8.13
228,2026-05-23 14:54:35,position,api_position_resolved_matched,Matched,206.0,0.0
228,2026-05-23 14:54:35,position,api_position_resolved_matched,Matched,210.0,0.0
228,2026-05-23 14:54:35,position,api_position_resolved_matched,Matched,197.0,0.0
228,2026-05-23 14:54:35,position,api_position_matched,Matched,214.0,1.34
229,2026-05-23 15:04:35,trade,exact,Matched,218.0,8.06
229,2026-05-23 15:04:35,trade,exact,Matched,217.0,8.06
229,2026-05-23 15:04:35,trade,exact,Matched,216.0,8.0
229,2026-05-23 15:04:35,trade,exact,Matched,215.0,8.06
229,2026-05-23 15:04:35,trade,exact,Matched,214.0,1.17
229,2026-05-23 15:04:35,trade,exact,Matched,213.0,8.06
229,2026-05-23 15:04:35,trade,exact,Matched,212.0,5.26
229,2026-05-23 15:04:35,trade,exact,Matched,211.0,5.11
229,2026-05-23 15:04:35,trade,exact,Matched,210.0,5.07
229,2026-05-23 15:04:35,trade,exact,Matched,209.0,2.5
229,2026-05-23 15:04:35,trade,exact,Matched,208.0,2.57
229,2026-05-23 15:04:35,trade,exact,Matched,207.0,5.25
229,2026-05-23 15:04:35,trade,exact,Matched,206.0,5.26
229,2026-05-23 15:04:35,trade,exact,Matched,205.0,1.96
229,2026-05-23 15:04:35,trade,exact,Matched,204.0,4.41
229,2026-05-23 15:04:35,trade,exact,Matched,203.0,1.73
229,2026-05-23 15:04:35,trade,exact,Matched,202.0,1.8
229,2026-05-23 15:04:35,trade,exact,Matched,201.0,4.5
229,2026-05-23 15:04:35,trade,exact,Matched,200.0,4.5
229,2026-05-23 15:04:35,trade,exact,Matched,199.0,4.5
229,2026-05-23 15:04:35,trade,exact,Matched,198.0,4.73
229,2026-05-23 15:04:35,trade,exact,Matched,197.0,4.74
229,2026-05-23 15:04:35,trade,exact,Matched,196.0,4.68
229,2026-05-23 15:04:35,trade,exact,Matched,195.0,4.74
229,2026-05-23 15:04:35,trade,exact,Matched,194.0,1.85
229,2026-05-23 15:04:35,trade,exact,Matched,193.0,2.75
229,2026-05-23 15:04:35,trade,exact,Matched,192.0,5.0
229,2026-05-23 15:04:35,position,api_position_matched,Matched,215.0,7.21
229,2026-05-23 15:04:35,position,api_position_matched,Matched,218.0,7.39
229,2026-05-23 15:04:35,position,api_position_matched,Matched,216.0,8.11
229,2026-05-23 15:04:35,position,api_position_matched,Matched,217.0,7.79
229,2026-05-23 15:04:35,position,api_position_matched,Matched,213.0,8.13
229,2026-05-23 15:04:35,position,api_position_resolved_matched,Matched,206.0,0.0
229,2026-05-23 15:04:35,position,api_position_resolved_matched,Matched,210.0,0.0
229,2026-05-23 15:04:35,position,api_position_resolved_matched,Matched,197.0,0.0
229,2026-05-23 15:04:35,position,api_position_matched,Matched,214.0,1.34
230,2026-05-23 15:14:35,trade,exact,Matched,218.0,8.06
230,2026-05-23 15:14:35,trade,exact,Matched,217.0,8.06
230,2026-05-23 15:14:35,trade,exact,Matched,216.0,8.0
230,2026-05-23 15:14:35,trade,exact,Matched,215.0,8.06
230,2026-05-23 15:14:35,trade,exact,Matched,214.0,1.17
230,2026-05-23 15:14:35,trade,exact,Matched,213.0,8.06
230,2026-05-23 15:14:35,trade,exact,Matched,212.0,5.26
230,2026-05-23 15:14:35,trade,exact,Matched,211.0,5.11
230,2026-05-23 15:14:35,trade,exact,Matched,210.0,5.07
230,2026-05-23 15:14:35,trade,exact,Matched,209.0,2.5
230,2026-05-23 15:14:35,trade,exact,Matched,208.0,2.57
230,2026-05-23 15:14:35,trade,exact,Matched,207.0,5.25
230,2026-05-23 15:14:35,trade,exact,Matched,206.0,5.26
230,2026-05-23 15:14:35,trade,exact,Matched,205.0,1.96
230,2026-05-23 15:14:35,trade,exact,Matched,204.0,4.41
230,2026-05-23 15:14:35,trade,exact,Matched,203.0,1.73
230,2026-05-23 15:14:35,trade,exact,Matched,202.0,1.8
230,2026-05-23 15:14:35,trade,exact,Matched,201.0,4.5
230,2026-05-23 15:14:35,trade,exact,Matched,200.0,4.5
230,2026-05-23 15:14:35,trade,exact,Matched,199.0,4.5
230,2026-05-23 15:14:35,trade,exact,Matched,198.0,4.73
230,2026-05-23 15:14:35,trade,exact,Matched,197.0,4.74
230,2026-05-23 15:14:35,trade,exact,Matched,196.0,4.68
230,2026-05-23 15:14:35,trade,exact,Matched,195.0,4.74
230,2026-05-23 15:14:35,trade,exact,Matched,194.0,1.85
230,2026-05-23 15:14:35,trade,exact,Matched,193.0,2.75
230,2026-05-23 15:14:35,trade,exact,Matched,192.0,5.0
230,2026-05-23 15:14:35,position,api_position_matched,Matched,215.0,7.37
230,2026-05-23 15:14:35,position,api_position_matched,Matched,218.0,7.44
230,2026-05-23 15:14:35,position,api_position_matched,Matched,216.0,8.11
230,2026-05-23 15:14:35,position,api_position_matched,Matched,217.0,7.74
230,2026-05-23 15:14:35,position,api_position_matched,Matched,213.0,8.13
230,2026-05-23 15:14:35,position,api_position_resolved_matched,Matched,206.0,0.0
230,2026-05-23 15:14:35,position,api_position_resolved_matched,Matched,210.0,0.0
230,2026-05-23 15:14:35,position,api_position_resolved_matched,Matched,197.0,0.0
230,2026-05-23 15:14:35,position,api_position_matched,Matched,214.0,1.35
231,2026-05-23 15:24:35,trade,exact,Matched,218.0,8.06
231,2026-05-23 15:24:35,trade,exact,Matched,217.0,8.06
231,2026-05-23 15:24:35,trade,exact,Matched,216.0,8.0
231,2026-05-23 15:24:35,trade,exact,Matched,215.0,8.06
231,2026-05-23 15:24:35,trade,exact,Matched,214.0,1.17
231,2026-05-23 15:24:35,trade,exact,Matched,213.0,8.06
231,2026-05-23 15:24:35,trade,exact,Matched,212.0,5.26
231,2026-05-23 15:24:35,trade,exact,Matched,211.0,5.11
231,2026-05-23 15:24:35,trade,exact,Matched,210.0,5.07
231,2026-05-23 15:24:35,trade,exact,Matched,209.0,2.5
231,2026-05-23 15:24:35,trade,exact,Matched,208.0,2.57
231,2026-05-23 15:24:35,trade,exact,Matched,207.0,5.25
231,2026-05-23 15:24:35,trade,exact,Matched,206.0,5.26
231,2026-05-23 15:24:35,trade,exact,Matched,205.0,1.96
231,2026-05-23 15:24:35,trade,exact,Matched,204.0,4.41
231,2026-05-23 15:24:35,trade,exact,Matched,203.0,1.73
231,2026-05-23 15:24:35,trade,exact,Matched,202.0,1.8
231,2026-05-23 15:24:35,trade,exact,Matched,201.0,4.5
231,2026-05-23 15:24:35,trade,exact,Matched,200.0,4.5
231,2026-05-23 15:24:35,trade,exact,Matched,199.0,4.5
231,2026-05-23 15:24:35,trade,exact,Matched,198.0,4.73
231,2026-05-23 15:24:35,trade,exact,Matched,197.0,4.74
231,2026-05-23 15:24:35,trade,exact,Matched,196.0,4.68
231,2026-05-23 15:24:35,trade,exact,Matched,195.0,4.74
231,2026-05-23 15:24:35,trade,exact,Matched,194.0,1.85
231,2026-05-23 15:24:35,trade,exact,Matched,193.0,2.75
231,2026-05-23 15:24:35,trade,exact,Matched,192.0,5.0
231,2026-05-23 15:24:35,position,api_position_matched,Matched,215.0,7.43
231,2026-05-23 15:24:35,position,api_position_matched,Matched,218.0,7.44
231,2026-05-23 15:24:35,position,api_position_matched,Matched,216.0,8.11
231,2026-05-23 15:24:35,position,api_position_matched,Matched,217.0,7.79
231,2026-05-23 15:24:35,position,api_position_matched,Matched,213.0,8.27
231,2026-05-23 15:24:35,position,api_position_resolved_matched,Matched,206.0,0.0
231,2026-05-23 15:24:35,position,api_position_resolved_matched,Matched,210.0,0.0
231,2026-05-23 15:24:35,position,api_position_resolved_matched,Matched,197.0,0.0
231,2026-05-23 15:24:35,position,api_position_matched,Matched,214.0,1.35
232,2026-05-23 15:34:35,trade,exact,Matched,218.0,8.06
232,2026-05-23 15:34:35,trade,exact,Matched,217.0,8.06
232,2026-05-23 15:34:35,trade,exact,Matched,216.0,8.0
232,2026-05-23 15:34:35,trade,exact,Matched,215.0,8.06
232,2026-05-23 15:34:35,trade,exact,Matched,214.0,1.17
232,2026-05-23 15:34:35,trade,exact,Matched,213.0,8.06
232,2026-05-23 15:34:35,trade,exact,Matched,212.0,5.26
232,2026-05-23 15:34:35,trade,exact,Matched,211.0,5.11
232,2026-05-23 15:34:35,trade,exact,Matched,210.0,5.07
232,2026-05-23 15:34:35,trade,exact,Matched,209.0,2.5
232,2026-05-23 15:34:35,trade,exact,Matched,208.0,2.57
232,2026-05-23 15:34:35,trade,exact,Matched,207.0,5.25
232,2026-05-23 15:34:35,trade,exact,Matched,206.0,5.26
232,2026-05-23 15:34:35,trade,exact,Matched,205.0,1.96
232,2026-05-23 15:34:35,trade,exact,Matched,204.0,4.41
232,2026-05-23 15:34:35,trade,exact,Matched,203.0,1.73
232,2026-05-23 15:34:35,trade,exact,Matched,202.0,1.8
232,2026-05-23 15:34:35,trade,exact,Matched,201.0,4.5
232,2026-05-23 15:34:35,trade,exact,Matched,200.0,4.5
232,2026-05-23 15:34:35,trade,exact,Matched,199.0,4.5
232,2026-05-23 15:34:35,trade,exact,Matched,198.0,4.73
232,2026-05-23 15:34:35,trade,exact,Matched,197.0,4.74
232,2026-05-23 15:34:35,trade,exact,Matched,196.0,4.68
232,2026-05-23 15:34:35,trade,exact,Matched,195.0,4.74
232,2026-05-23 15:34:35,trade,exact,Matched,194.0,1.85
232,2026-05-23 15:34:35,trade,exact,Matched,193.0,2.75
232,2026-05-23 15:34:35,trade,exact,Matched,192.0,5.0
232,2026-05-23 15:34:35,position,api_position_matched,Matched,215.0,7.21
232,2026-05-23 15:34:35,position,api_position_matched,Matched,218.0,7.44
232,2026-05-23 15:34:35,position,api_position_matched,Matched,216.0,8.2
232,2026-05-23 15:34:35,position,api_position_matched,Matched,217.0,7.79
232,2026-05-23 15:34:35,position,api_position_matched,Matched,213.0,8.27
232,2026-05-23 15:34:35,position,api_position_resolved_matched,Matched,206.0,0.0
232,2026-05-23 15:34:35,position,api_position_resolved_matched,Matched,210.0,0.0
232,2026-05-23 15:34:35,position,api_position_resolved_matched,Matched,197.0,0.0
232,2026-05-23 15:34:35,position,api_position_matched,Matched,214.0,1.36
233,2026-05-23 15:44:37,trade,exact,Matched,218.0,8.06
233,2026-05-23 15:44:37,trade,exact,Matched,217.0,8.06
233,2026-05-23 15:44:37,trade,exact,Matched,216.0,8.0
233,2026-05-23 15:44:37,trade,exact,Matched,215.0,8.06
233,2026-05-23 15:44:37,trade,exact,Matched,214.0,1.17
233,2026-05-23 15:44:37,trade,exact,Matched,213.0,8.06
233,2026-05-23 15:44:37,trade,exact,Matched,212.0,5.26
233,2026-05-23 15:44:37,trade,exact,Matched,211.0,5.11
233,2026-05-23 15:44:37,trade,exact,Matched,210.0,5.07
233,2026-05-23 15:44:37,trade,exact,Matched,209.0,2.5
233,2026-05-23 15:44:37,trade,exact,Matched,208.0,2.57
233,2026-05-23 15:44:37,trade,exact,Matched,207.0,5.25
233,2026-05-23 15:44:37,trade,exact,Matched,206.0,5.26
233,2026-05-23 15:44:37,trade,exact,Matched,205.0,1.96
233,2026-05-23 15:44:37,trade,exact,Matched,204.0,4.41
233,2026-05-23 15:44:37,trade,exact,Matched,203.0,1.73
233,2026-05-23 15:44:37,trade,exact,Matched,202.0,1.8
233,2026-05-23 15:44:37,trade,exact,Matched,201.0,4.5
233,2026-05-23 15:44:37,trade,exact,Matched,200.0,4.5
233,2026-05-23 15:44:37,trade,exact,Matched,199.0,4.5
233,2026-05-23 15:44:37,trade,exact,Matched,198.0,4.73
233,2026-05-23 15:44:37,trade,exact,Matched,197.0,4.74
233,2026-05-23 15:44:37,trade,exact,Matched,196.0,4.68
233,2026-05-23 15:44:37,trade,exact,Matched,195.0,4.74
233,2026-05-23 15:44:37,trade,exact,Matched,194.0,1.85
233,2026-05-23 15:44:37,trade,exact,Matched,193.0,2.75
233,2026-05-23 15:44:37,trade,exact,Matched,192.0,5.0
233,2026-05-23 15:44:37,position,api_position_matched,Matched,215.0,7.53
233,2026-05-23 15:44:37,position,api_position_matched,Matched,218.0,7.54
233,2026-05-23 15:44:37,position,api_position_matched,Matched,216.0,8.2
233,2026-05-23 15:44:37,position,api_position_matched,Matched,217.0,7.74
233,2026-05-23 15:44:37,position,api_position_matched,Matched,213.0,8.27
233,2026-05-23 15:44:37,position,api_position_resolved_matched,Matched,206.0,0.0
233,2026-05-23 15:44:37,position,api_position_resolved_matched,Matched,210.0,0.0
233,2026-05-23 15:44:37,position,api_position_resolved_matched,Matched,197.0,0.0
233,2026-05-23 15:44:37,position,api_position_matched,Matched,214.0,1.37
234,2026-05-23 15:54:35,trade,exact,Matched,218.0,8.06
234,2026-05-23 15:54:35,trade,exact,Matched,217.0,8.06
234,2026-05-23 15:54:35,trade,exact,Matched,216.0,8.0
234,2026-05-23 15:54:35,trade,exact,Matched,215.0,8.06
234,2026-05-23 15:54:35,trade,exact,Matched,214.0,1.17
234,2026-05-23 15:54:35,trade,exact,Matched,213.0,8.06
234,2026-05-23 15:54:35,trade,exact,Matched,212.0,5.26
234,2026-05-23 15:54:35,trade,exact,Matched,211.0,5.11
234,2026-05-23 15:54:35,trade,exact,Matched,210.0,5.07
234,2026-05-23 15:54:35,trade,exact,Matched,209.0,2.5
234,2026-05-23 15:54:35,trade,exact,Matched,208.0,2.57
234,2026-05-23 15:54:35,trade,exact,Matched,207.0,5.25
234,2026-05-23 15:54:35,trade,exact,Matched,206.0,5.26
234,2026-05-23 15:54:35,trade,exact,Matched,205.0,1.96
234,2026-05-23 15:54:35,trade,exact,Matched,204.0,4.41
234,2026-05-23 15:54:35,trade,exact,Matched,203.0,1.73
234,2026-05-23 15:54:35,trade,exact,Matched,202.0,1.8
234,2026-05-23 15:54:35,trade,exact,Matched,201.0,4.5
234,2026-05-23 15:54:35,trade,exact,Matched,200.0,4.5
234,2026-05-23 15:54:35,trade,exact,Matched,199.0,4.5
234,2026-05-23 15:54:35,trade,exact,Matched,198.0,4.73
234,2026-05-23 15:54:35,trade,exact,Matched,197.0,4.74
234,2026-05-23 15:54:35,trade,exact,Matched,196.0,4.68
234,2026-05-23 15:54:35,trade,exact,Matched,195.0,4.74
234,2026-05-23 15:54:35,trade,exact,Matched,194.0,1.85
234,2026-05-23 15:54:35,trade,exact,Matched,193.0,2.75
234,2026-05-23 15:54:35,trade,exact,Matched,192.0,5.0
234,2026-05-23 15:54:35,position,api_position_matched,Matched,215.0,7.11
234,2026-05-23 15:54:35,position,api_position_matched,Matched,218.0,7.54
234,2026-05-23 15:54:35,position,api_position_matched,Matched,216.0,8.2
234,2026-05-23 15:54:35,position,api_position_matched,Matched,217.0,7.74
234,2026-05-23 15:54:35,position,api_position_matched,Matched,213.0,8.27
234,2026-05-23 15:54:35,position,api_position_resolved_matched,Matched,206.0,0.0
234,2026-05-23 15:54:35,position,api_position_resolved_matched,Matched,210.0,0.0
234,2026-05-23 15:54:35,position,api_position_resolved_matched,Matched,197.0,0.0
234,2026-05-23 15:54:35,position,api_position_matched,Matched,214.0,1.37
235,2026-05-23 16:04:35,trade,exact,Matched,218.0,8.06
235,2026-05-23 16:04:35,trade,exact,Matched,217.0,8.06
235,2026-05-23 16:04:35,trade,exact,Matched,216.0,8.0
235,2026-05-23 16:04:35,trade,exact,Matched,215.0,8.06
235,2026-05-23 16:04:35,trade,exact,Matched,214.0,1.17
235,2026-05-23 16:04:35,trade,exact,Matched,213.0,8.06
235,2026-05-23 16:04:35,trade,exact,Matched,212.0,5.26
235,2026-05-23 16:04:35,trade,exact,Matched,211.0,5.11
235,2026-05-23 16:04:35,trade,exact,Matched,210.0,5.07
235,2026-05-23 16:04:35,trade,exact,Matched,209.0,2.5
235,2026-05-23 16:04:35,trade,exact,Matched,208.0,2.57
235,2026-05-23 16:04:35,trade,exact,Matched,207.0,5.25
235,2026-05-23 16:04:35,trade,exact,Matched,206.0,5.26
235,2026-05-23 16:04:35,trade,exact,Matched,205.0,1.96
235,2026-05-23 16:04:35,trade,exact,Matched,204.0,4.41
235,2026-05-23 16:04:35,trade,exact,Matched,203.0,1.73
235,2026-05-23 16:04:35,trade,exact,Matched,202.0,1.8
235,2026-05-23 16:04:35,trade,exact,Matched,201.0,4.5
235,2026-05-23 16:04:35,trade,exact,Matched,200.0,4.5
235,2026-05-23 16:04:35,trade,exact,Matched,199.0,4.5
235,2026-05-23 16:04:35,trade,exact,Matched,198.0,4.73
235,2026-05-23 16:04:35,trade,exact,Matched,197.0,4.74
235,2026-05-23 16:04:35,trade,exact,Matched,196.0,4.68
235,2026-05-23 16:04:35,trade,exact,Matched,195.0,4.74
235,2026-05-23 16:04:35,trade,exact,Matched,194.0,1.85
235,2026-05-23 16:04:35,trade,exact,Matched,193.0,2.75
235,2026-05-23 16:04:35,trade,exact,Matched,192.0,5.0
235,2026-05-23 16:04:35,position,api_position_matched,Matched,215.0,7.27
235,2026-05-23 16:04:35,position,api_position_matched,Matched,218.0,7.54
235,2026-05-23 16:04:35,position,api_position_matched,Matched,216.0,8.2
235,2026-05-23 16:04:35,position,api_position_matched,Matched,217.0,7.79
235,2026-05-23 16:04:35,position,api_position_matched,Matched,213.0,8.14
235,2026-05-23 16:04:35,position,api_position_resolved_matched,Matched,206.0,0.0
235,2026-05-23 16:04:35,position,api_position_resolved_matched,Matched,210.0,0.0
235,2026-05-23 16:04:35,position,api_position_resolved_matched,Matched,197.0,0.0
235,2026-05-23 16:04:35,position,api_position_matched,Matched,214.0,1.37
236,2026-05-23 16:14:35,trade,exact,Matched,218.0,8.06
236,2026-05-23 16:14:35,trade,exact,Matched,217.0,8.06
236,2026-05-23 16:14:35,trade,exact,Matched,216.0,8.0
236,2026-05-23 16:14:35,trade,exact,Matched,215.0,8.06
236,2026-05-23 16:14:35,trade,exact,Matched,214.0,1.17
236,2026-05-23 16:14:35,trade,exact,Matched,213.0,8.06
236,2026-05-23 16:14:35,trade,exact,Matched,212.0,5.26
236,2026-05-23 16:14:35,trade,exact,Matched,211.0,5.11
236,2026-05-23 16:14:35,trade,exact,Matched,210.0,5.07
236,2026-05-23 16:14:35,trade,exact,Matched,209.0,2.5
236,2026-05-23 16:14:35,trade,exact,Matched,208.0,2.57
236,2026-05-23 16:14:35,trade,exact,Matched,207.0,5.25
236,2026-05-23 16:14:35,trade,exact,Matched,206.0,5.26
236,2026-05-23 16:14:35,trade,exact,Matched,205.0,1.96
236,2026-05-23 16:14:35,trade,exact,Matched,204.0,4.41
236,2026-05-23 16:14:35,trade,exact,Matched,203.0,1.73
236,2026-05-23 16:14:35,trade,exact,Matched,202.0,1.8
236,2026-05-23 16:14:35,trade,exact,Matched,201.0,4.5
236,2026-05-23 16:14:35,trade,exact,Matched,200.0,4.5
236,2026-05-23 16:14:35,trade,exact,Matched,199.0,4.5
236,2026-05-23 16:14:35,trade,exact,Matched,198.0,4.73
236,2026-05-23 16:14:35,trade,exact,Matched,197.0,4.74
236,2026-05-23 16:14:35,trade,exact,Matched,196.0,4.68
236,2026-05-23 16:14:35,trade,exact,Matched,195.0,4.74
236,2026-05-23 16:14:35,trade,exact,Matched,194.0,1.85
236,2026-05-23 16:14:35,trade,exact,Matched,193.0,2.75
236,2026-05-23 16:14:35,trade,exact,Matched,192.0,5.0
236,2026-05-23 16:14:35,position,api_position_matched,Matched,215.0,7.16
236,2026-05-23 16:14:35,position,api_position_matched,Matched,218.0,7.54
236,2026-05-23 16:14:35,position,api_position_matched,Matched,216.0,8.3
236,2026-05-23 16:14:35,position,api_position_matched,Matched,217.0,7.69
236,2026-05-23 16:14:35,position,api_position_matched,Matched,213.0,8.14
236,2026-05-23 16:14:35,position,api_position_resolved_matched,Matched,206.0,0.0
236,2026-05-23 16:14:35,position,api_position_resolved_matched,Matched,210.0,0.0
236,2026-05-23 16:14:35,position,api_position_resolved_matched,Matched,197.0,0.0
236,2026-05-23 16:14:35,position,api_position_matched,Matched,214.0,1.38
237,2026-05-23 16:24:35,trade,exact,Matched,218.0,8.06
237,2026-05-23 16:24:35,trade,exact,Matched,217.0,8.06
237,2026-05-23 16:24:35,trade,exact,Matched,216.0,8.0
237,2026-05-23 16:24:35,trade,exact,Matched,215.0,8.06
237,2026-05-23 16:24:35,trade,exact,Matched,214.0,1.17
237,2026-05-23 16:24:35,trade,exact,Matched,213.0,8.06
237,2026-05-23 16:24:35,trade,exact,Matched,212.0,5.26
237,2026-05-23 16:24:35,trade,exact,Matched,211.0,5.11
237,2026-05-23 16:24:35,trade,exact,Matched,210.0,5.07
237,2026-05-23 16:24:35,trade,exact,Matched,209.0,2.5
237,2026-05-23 16:24:35,trade,exact,Matched,208.0,2.57
237,2026-05-23 16:24:35,trade,exact,Matched,207.0,5.25
237,2026-05-23 16:24:35,trade,exact,Matched,206.0,5.26
237,2026-05-23 16:24:35,trade,exact,Matched,205.0,1.96
237,2026-05-23 16:24:35,trade,exact,Matched,204.0,4.41
237,2026-05-23 16:24:35,trade,exact,Matched,203.0,1.73
237,2026-05-23 16:24:35,trade,exact,Matched,202.0,1.8
237,2026-05-23 16:24:35,trade,exact,Matched,201.0,4.5
237,2026-05-23 16:24:35,trade,exact,Matched,200.0,4.5
237,2026-05-23 16:24:35,trade,exact,Matched,199.0,4.5
237,2026-05-23 16:24:35,trade,exact,Matched,198.0,4.73
237,2026-05-23 16:24:35,trade,exact,Matched,197.0,4.74
237,2026-05-23 16:24:35,trade,exact,Matched,196.0,4.68
237,2026-05-23 16:24:35,trade,exact,Matched,195.0,4.74
237,2026-05-23 16:24:35,trade,exact,Matched,194.0,1.85
237,2026-05-23 16:24:35,trade,exact,Matched,193.0,2.75
237,2026-05-23 16:24:35,trade,exact,Matched,192.0,5.0
237,2026-05-23 16:24:35,position,api_position_matched,Matched,215.0,7.16
237,2026-05-23 16:24:35,position,api_position_matched,Matched,218.0,6.91
237,2026-05-23 16:24:35,position,api_position_matched,Matched,216.0,8.3
237,2026-05-23 16:24:35,position,api_position_matched,Matched,217.0,8.06
237,2026-05-23 16:24:35,position,api_position_matched,Matched,213.0,8.14
237,2026-05-23 16:24:35,position,api_position_resolved_matched,Matched,206.0,0.0
237,2026-05-23 16:24:35,position,api_position_resolved_matched,Matched,210.0,0.0
237,2026-05-23 16:24:35,position,api_position_resolved_matched,Matched,197.0,0.0
237,2026-05-23 16:24:35,position,api_position_matched,Matched,214.0,1.44
238,2026-05-23 16:34:35,trade,exact,Matched,218.0,8.06
238,2026-05-23 16:34:35,trade,exact,Matched,217.0,8.06
238,2026-05-23 16:34:35,trade,exact,Matched,216.0,8.0
238,2026-05-23 16:34:35,trade,exact,Matched,215.0,8.06
238,2026-05-23 16:34:35,trade,exact,Matched,214.0,1.17
238,2026-05-23 16:34:35,trade,exact,Matched,213.0,8.06
238,2026-05-23 16:34:35,trade,exact,Matched,212.0,5.26
238,2026-05-23 16:34:35,trade,exact,Matched,211.0,5.11
238,2026-05-23 16:34:35,trade,exact,Matched,210.0,5.07
238,2026-05-23 16:34:35,trade,exact,Matched,209.0,2.5
238,2026-05-23 16:34:35,trade,exact,Matched,208.0,2.57
238,2026-05-23 16:34:35,trade,exact,Matched,207.0,5.25
238,2026-05-23 16:34:35,trade,exact,Matched,206.0,5.26
238,2026-05-23 16:34:35,trade,exact,Matched,205.0,1.96
238,2026-05-23 16:34:35,trade,exact,Matched,204.0,4.41
238,2026-05-23 16:34:35,trade,exact,Matched,203.0,1.73
238,2026-05-23 16:34:35,trade,exact,Matched,202.0,1.8
238,2026-05-23 16:34:35,trade,exact,Matched,201.0,4.5
238,2026-05-23 16:34:35,trade,exact,Matched,200.0,4.5
238,2026-05-23 16:34:35,trade,exact,Matched,199.0,4.5
238,2026-05-23 16:34:35,trade,exact,Matched,198.0,4.73
238,2026-05-23 16:34:35,trade,exact,Matched,197.0,4.74
238,2026-05-23 16:34:35,trade,exact,Matched,196.0,4.68
238,2026-05-23 16:34:35,trade,exact,Matched,195.0,4.74
238,2026-05-23 16:34:35,trade,exact,Matched,194.0,1.85
238,2026-05-23 16:34:35,trade,exact,Matched,193.0,2.75
238,2026-05-23 16:34:35,trade,exact,Matched,192.0,5.0
238,2026-05-23 16:34:35,position,api_position_matched,Matched,215.0,7.43
238,2026-05-23 16:34:35,position,api_position_matched,Matched,218.0,6.91
238,2026-05-23 16:34:35,position,api_position_matched,Matched,216.0,8.3
238,2026-05-23 16:34:35,position,api_position_matched,Matched,217.0,7.83
238,2026-05-23 16:34:35,position,api_position_matched,Matched,213.0,8.33
238,2026-05-23 16:34:35,position,api_position_resolved_matched,Matched,206.0,0.0
238,2026-05-23 16:34:35,position,api_position_resolved_matched,Matched,210.0,0.0
238,2026-05-23 16:34:35,position,api_position_resolved_matched,Matched,197.0,0.0
238,2026-05-23 16:34:35,position,api_position_matched,Matched,214.0,1.45
239,2026-05-23 16:44:34,trade,exact,Matched,218.0,8.06
239,2026-05-23 16:44:34,trade,exact,Matched,217.0,8.06
239,2026-05-23 16:44:34,trade,exact,Matched,216.0,8.0
239,2026-05-23 16:44:34,trade,exact,Matched,215.0,8.06
239,2026-05-23 16:44:34,trade,exact,Matched,214.0,1.17
239,2026-05-23 16:44:34,trade,exact,Matched,213.0,8.06
239,2026-05-23 16:44:34,trade,exact,Matched,212.0,5.26
239,2026-05-23 16:44:34,trade,exact,Matched,211.0,5.11
239,2026-05-23 16:44:34,trade,exact,Matched,210.0,5.07
239,2026-05-23 16:44:34,trade,exact,Matched,209.0,2.5
239,2026-05-23 16:44:34,trade,exact,Matched,208.0,2.57
239,2026-05-23 16:44:34,trade,exact,Matched,207.0,5.25
239,2026-05-23 16:44:34,trade,exact,Matched,206.0,5.26
239,2026-05-23 16:44:34,trade,exact,Matched,205.0,1.96
239,2026-05-23 16:44:34,trade,exact,Matched,204.0,4.41
239,2026-05-23 16:44:34,trade,exact,Matched,203.0,1.73
239,2026-05-23 16:44:34,trade,exact,Matched,202.0,1.8
239,2026-05-23 16:44:34,trade,exact,Matched,201.0,4.5
239,2026-05-23 16:44:34,trade,exact,Matched,200.0,4.5
239,2026-05-23 16:44:34,trade,exact,Matched,199.0,4.5
239,2026-05-23 16:44:34,trade,exact,Matched,198.0,4.73
239,2026-05-23 16:44:34,trade,exact,Matched,197.0,4.74
239,2026-05-23 16:44:34,trade,exact,Matched,196.0,4.68
239,2026-05-23 16:44:34,trade,exact,Matched,195.0,4.74
239,2026-05-23 16:44:34,trade,exact,Matched,194.0,1.85
239,2026-05-23 16:44:34,trade,exact,Matched,193.0,2.75
239,2026-05-23 16:44:34,trade,exact,Matched,192.0,5.0
239,2026-05-23 16:44:34,position,api_position_matched,Matched,215.0,7.48
239,2026-05-23 16:44:34,position,api_position_matched,Matched,218.0,7.01
239,2026-05-23 16:44:34,position,api_position_matched,Matched,216.0,8.3
239,2026-05-23 16:44:34,position,api_position_matched,Matched,217.0,7.92
239,2026-05-23 16:44:34,position,api_position_matched,Matched,213.0,8.47
239,2026-05-23 16:44:34,position,api_position_resolved_matched,Matched,206.0,0.0
239,2026-05-23 16:44:34,position,api_position_resolved_matched,Matched,210.0,0.0
239,2026-05-23 16:44:34,position,api_position_resolved_matched,Matched,197.0,0.0
239,2026-05-23 16:44:34,position,api_position_matched,Matched,214.0,1.45
240,2026-05-23 16:54:35,trade,exact,Matched,218.0,8.06
240,2026-05-23 16:54:35,trade,exact,Matched,217.0,8.06
240,2026-05-23 16:54:35,trade,exact,Matched,216.0,8.0
240,2026-05-23 16:54:35,trade,exact,Matched,215.0,8.06
240,2026-05-23 16:54:35,trade,exact,Matched,214.0,1.17
240,2026-05-23 16:54:35,trade,exact,Matched,213.0,8.06
240,2026-05-23 16:54:35,trade,exact,Matched,212.0,5.26
240,2026-05-23 16:54:35,trade,exact,Matched,211.0,5.11
240,2026-05-23 16:54:35,trade,exact,Matched,210.0,5.07
240,2026-05-23 16:54:35,trade,exact,Matched,209.0,2.5
240,2026-05-23 16:54:35,trade,exact,Matched,208.0,2.57
240,2026-05-23 16:54:35,trade,exact,Matched,207.0,5.25
240,2026-05-23 16:54:35,trade,exact,Matched,206.0,5.26
240,2026-05-23 16:54:35,trade,exact,Matched,205.0,1.96
240,2026-05-23 16:54:35,trade,exact,Matched,204.0,4.41
240,2026-05-23 16:54:35,trade,exact,Matched,203.0,1.73
240,2026-05-23 16:54:35,trade,exact,Matched,202.0,1.8
240,2026-05-23 16:54:35,trade,exact,Matched,201.0,4.5
240,2026-05-23 16:54:35,trade,exact,Matched,200.0,4.5
240,2026-05-23 16:54:35,trade,exact,Matched,199.0,4.5
240,2026-05-23 16:54:35,trade,exact,Matched,198.0,4.73
240,2026-05-23 16:54:35,trade,exact,Matched,197.0,4.74
240,2026-05-23 16:54:35,trade,exact,Matched,196.0,4.68
240,2026-05-23 16:54:35,trade,exact,Matched,195.0,4.74
240,2026-05-23 16:54:35,trade,exact,Matched,194.0,1.85
240,2026-05-23 16:54:35,trade,exact,Matched,193.0,2.75
240,2026-05-23 16:54:35,trade,exact,Matched,192.0,5.0
240,2026-05-23 16:54:35,position,api_position_matched,Matched,215.0,7.48
240,2026-05-23 16:54:35,position,api_position_matched,Matched,218.0,6.86
240,2026-05-23 16:54:35,position,api_position_matched,Matched,216.0,8.25
240,2026-05-23 16:54:35,position,api_position_matched,Matched,217.0,7.92
240,2026-05-23 16:54:35,position,api_position_matched,Matched,213.0,8.5
240,2026-05-23 16:54:35,position,api_position_resolved_matched,Matched,206.0,0.0
240,2026-05-23 16:54:35,position,api_position_resolved_matched,Matched,210.0,0.0
240,2026-05-23 16:54:35,position,api_position_resolved_matched,Matched,197.0,0.0
240,2026-05-23 16:54:35,position,api_position_matched,Matched,214.0,1.39
241,2026-05-23 17:04:35,trade,exact,Matched,218.0,8.06
241,2026-05-23 17:04:35,trade,exact,Matched,217.0,8.06
241,2026-05-23 17:04:35,trade,exact,Matched,216.0,8.0
241,2026-05-23 17:04:35,trade,exact,Matched,215.0,8.06
241,2026-05-23 17:04:35,trade,exact,Matched,214.0,1.17
241,2026-05-23 17:04:35,trade,exact,Matched,213.0,8.06
241,2026-05-23 17:04:35,trade,exact,Matched,212.0,5.26
241,2026-05-23 17:04:35,trade,exact,Matched,211.0,5.11
241,2026-05-23 17:04:35,trade,exact,Matched,210.0,5.07
241,2026-05-23 17:04:35,trade,exact,Matched,209.0,2.5
241,2026-05-23 17:04:35,trade,exact,Matched,208.0,2.57
241,2026-05-23 17:04:35,trade,exact,Matched,207.0,5.25
241,2026-05-23 17:04:35,trade,exact,Matched,206.0,5.26
241,2026-05-23 17:04:35,trade,exact,Matched,205.0,1.96
241,2026-05-23 17:04:35,trade,exact,Matched,204.0,4.41
241,2026-05-23 17:04:35,trade,exact,Matched,203.0,1.73
241,2026-05-23 17:04:35,trade,exact,Matched,202.0,1.8
241,2026-05-23 17:04:35,trade,exact,Matched,201.0,4.5
241,2026-05-23 17:04:35,trade,exact,Matched,200.0,4.5
241,2026-05-23 17:04:35,trade,exact,Matched,199.0,4.5
241,2026-05-23 17:04:35,trade,exact,Matched,198.0,4.73
241,2026-05-23 17:04:35,trade,exact,Matched,197.0,4.74
241,2026-05-23 17:04:35,trade,exact,Matched,196.0,4.68
241,2026-05-23 17:04:35,trade,exact,Matched,195.0,4.74
241,2026-05-23 17:04:35,trade,exact,Matched,194.0,1.85
241,2026-05-23 17:04:35,trade,exact,Matched,193.0,2.75
241,2026-05-23 17:04:35,trade,exact,Matched,192.0,5.0
241,2026-05-23 17:04:35,position,api_position_matched,Matched,215.0,7.16
241,2026-05-23 17:04:35,position,api_position_matched,Matched,218.0,6.82
241,2026-05-23 17:04:35,position,api_position_matched,Matched,216.0,8.39
241,2026-05-23 17:04:35,position,api_position_matched,Matched,217.0,8.02
241,2026-05-23 17:04:35,position,api_position_matched,Matched,213.0,8.46
241,2026-05-23 17:04:35,position,api_position_resolved_matched,Matched,206.0,0.0
241,2026-05-23 17:04:35,position,api_position_resolved_matched,Matched,210.0,0.0
241,2026-05-23 17:04:35,position,api_position_resolved_matched,Matched,197.0,0.0
241,2026-05-23 17:04:35,position,api_position_matched,Matched,214.0,1.42
242,2026-05-23 17:14:35,trade,exact,Matched,218.0,8.06
242,2026-05-23 17:14:35,trade,exact,Matched,217.0,8.06
242,2026-05-23 17:14:35,trade,exact,Matched,216.0,8.0
242,2026-05-23 17:14:35,trade,exact,Matched,215.0,8.06
242,2026-05-23 17:14:35,trade,exact,Matched,214.0,1.17
242,2026-05-23 17:14:35,trade,exact,Matched,213.0,8.06
242,2026-05-23 17:14:35,trade,exact,Matched,212.0,5.26
242,2026-05-23 17:14:35,trade,exact,Matched,211.0,5.11
242,2026-05-23 17:14:35,trade,exact,Matched,210.0,5.07
242,2026-05-23 17:14:35,trade,exact,Matched,209.0,2.5
242,2026-05-23 17:14:35,trade,exact,Matched,208.0,2.57
242,2026-05-23 17:14:35,trade,exact,Matched,207.0,5.25
242,2026-05-23 17:14:35,trade,exact,Matched,206.0,5.26
242,2026-05-23 17:14:35,trade,exact,Matched,205.0,1.96
242,2026-05-23 17:14:35,trade,exact,Matched,204.0,4.41
242,2026-05-23 17:14:35,trade,exact,Matched,203.0,1.73
242,2026-05-23 17:14:35,trade,exact,Matched,202.0,1.8
242,2026-05-23 17:14:35,trade,exact,Matched,201.0,4.5
242,2026-05-23 17:14:35,trade,exact,Matched,200.0,4.5
242,2026-05-23 17:14:35,trade,exact,Matched,199.0,4.5
242,2026-05-23 17:14:35,trade,exact,Matched,198.0,4.73
242,2026-05-23 17:14:35,trade,exact,Matched,197.0,4.74
242,2026-05-23 17:14:35,trade,exact,Matched,196.0,4.68
242,2026-05-23 17:14:35,trade,exact,Matched,195.0,4.74
242,2026-05-23 17:14:35,trade,exact,Matched,194.0,1.85
242,2026-05-23 17:14:35,trade,exact,Matched,193.0,2.75
242,2026-05-23 17:14:35,trade,exact,Matched,192.0,5.0
242,2026-05-23 17:14:35,position,api_position_matched,Matched,215.0,6.74
242,2026-05-23 17:14:35,position,api_position_matched,Matched,218.0,6.86
242,2026-05-23 17:14:35,position,api_position_matched,Matched,216.0,8.39
242,2026-05-23 17:14:35,position,api_position_matched,Matched,217.0,8.02
242,2026-05-23 17:14:35,position,api_position_matched,Matched,213.0,8.46
242,2026-05-23 17:14:35,position,api_position_resolved_matched,Matched,206.0,0.0
242,2026-05-23 17:14:35,position,api_position_resolved_matched,Matched,210.0,0.0
242,2026-05-23 17:14:35,position,api_position_resolved_matched,Matched,197.0,0.0
242,2026-05-23 17:14:35,position,api_position_matched,Matched,214.0,1.42
243,2026-05-23 17:24:35,trade,exact,Matched,218.0,8.06
243,2026-05-23 17:24:35,trade,exact,Matched,217.0,8.06
243,2026-05-23 17:24:35,trade,exact,Matched,216.0,8.0
243,2026-05-23 17:24:35,trade,exact,Matched,215.0,8.06
243,2026-05-23 17:24:35,trade,exact,Matched,214.0,1.17
243,2026-05-23 17:24:35,trade,exact,Matched,213.0,8.06
243,2026-05-23 17:24:35,trade,exact,Matched,212.0,5.26
243,2026-05-23 17:24:35,trade,exact,Matched,211.0,5.11
243,2026-05-23 17:24:35,trade,exact,Matched,210.0,5.07
243,2026-05-23 17:24:35,trade,exact,Matched,209.0,2.5
243,2026-05-23 17:24:35,trade,exact,Matched,208.0,2.57
243,2026-05-23 17:24:35,trade,exact,Matched,207.0,5.25
243,2026-05-23 17:24:35,trade,exact,Matched,206.0,5.26
243,2026-05-23 17:24:35,trade,exact,Matched,205.0,1.96
243,2026-05-23 17:24:35,trade,exact,Matched,204.0,4.41
243,2026-05-23 17:24:35,trade,exact,Matched,203.0,1.73
243,2026-05-23 17:24:35,trade,exact,Matched,202.0,1.8
243,2026-05-23 17:24:35,trade,exact,Matched,201.0,4.5
243,2026-05-23 17:24:35,trade,exact,Matched,200.0,4.5
243,2026-05-23 17:24:35,trade,exact,Matched,199.0,4.5
243,2026-05-23 17:24:35,trade,exact,Matched,198.0,4.73
243,2026-05-23 17:24:35,trade,exact,Matched,197.0,4.74
243,2026-05-23 17:24:35,trade,exact,Matched,196.0,4.68
243,2026-05-23 17:24:35,trade,exact,Matched,195.0,4.74
243,2026-05-23 17:24:35,trade,exact,Matched,194.0,1.85
243,2026-05-23 17:24:35,trade,exact,Matched,193.0,2.75
243,2026-05-23 17:24:35,trade,exact,Matched,192.0,5.0
243,2026-05-23 17:24:35,position,api_position_matched,Matched,215.0,6.68
243,2026-05-23 17:24:35,position,api_position_matched,Matched,218.0,6.86
243,2026-05-23 17:24:35,position,api_position_matched,Matched,216.0,8.39
243,2026-05-23 17:24:35,position,api_position_matched,Matched,217.0,8.15
243,2026-05-23 17:24:35,position,api_position_matched,Matched,213.0,8.5
243,2026-05-23 17:24:35,position,api_position_resolved_matched,Matched,206.0,0.0
243,2026-05-23 17:24:35,position,api_position_resolved_matched,Matched,210.0,0.0
243,2026-05-23 17:24:35,position,api_position_resolved_matched,Matched,197.0,0.0
243,2026-05-23 17:24:35,position,api_position_matched,Matched,214.0,1.39
244,2026-05-23 17:34:36,trade,exact,Matched,218.0,8.06
244,2026-05-23 17:34:36,trade,exact,Matched,217.0,8.06
244,2026-05-23 17:34:36,trade,exact,Matched,216.0,8.0
244,2026-05-23 17:34:36,trade,exact,Matched,215.0,8.06
244,2026-05-23 17:34:36,trade,exact,Matched,214.0,1.17
244,2026-05-23 17:34:36,trade,exact,Matched,213.0,8.06
244,2026-05-23 17:34:36,trade,exact,Matched,212.0,5.26
244,2026-05-23 17:34:36,trade,exact,Matched,211.0,5.11
244,2026-05-23 17:34:36,trade,exact,Matched,210.0,5.07
244,2026-05-23 17:34:36,trade,exact,Matched,209.0,2.5
244,2026-05-23 17:34:36,trade,exact,Matched,208.0,2.57
244,2026-05-23 17:34:36,trade,exact,Matched,207.0,5.25
244,2026-05-23 17:34:36,trade,exact,Matched,206.0,5.26
244,2026-05-23 17:34:36,trade,exact,Matched,205.0,1.96
244,2026-05-23 17:34:36,trade,exact,Matched,204.0,4.41
244,2026-05-23 17:34:36,trade,exact,Matched,203.0,1.73
244,2026-05-23 17:34:36,trade,exact,Matched,202.0,1.8
244,2026-05-23 17:34:36,trade,exact,Matched,201.0,4.5
244,2026-05-23 17:34:36,trade,exact,Matched,200.0,4.5
244,2026-05-23 17:34:36,trade,exact,Matched,199.0,4.5
244,2026-05-23 17:34:36,trade,exact,Matched,198.0,4.73
244,2026-05-23 17:34:36,trade,exact,Matched,197.0,4.74
244,2026-05-23 17:34:36,trade,exact,Matched,196.0,4.68
244,2026-05-23 17:34:36,trade,exact,Matched,195.0,4.74
244,2026-05-23 17:34:36,trade,exact,Matched,194.0,1.85
244,2026-05-23 17:34:36,trade,exact,Matched,193.0,2.75
244,2026-05-23 17:34:36,trade,exact,Matched,192.0,5.0
244,2026-05-23 17:34:36,position,api_position_matched,Matched,215.0,6.15
244,2026-05-23 17:34:36,position,api_position_matched,Matched,218.0,6.96
244,2026-05-23 17:34:36,position,api_position_matched,Matched,216.0,8.44
244,2026-05-23 17:34:36,position,api_position_matched,Matched,217.0,8.15
244,2026-05-23 17:34:36,position,api_position_matched,Matched,213.0,8.59
244,2026-05-23 17:34:36,position,api_position_resolved_matched,Matched,206.0,0.0
244,2026-05-23 17:34:36,position,api_position_resolved_matched,Matched,210.0,0.0
244,2026-05-23 17:34:36,position,api_position_resolved_matched,Matched,197.0,0.0
244,2026-05-23 17:34:36,position,api_position_matched,Matched,214.0,1.43
245,2026-05-23 17:44:34,trade,exact,Matched,218.0,8.06
245,2026-05-23 17:44:34,trade,exact,Matched,217.0,8.06
245,2026-05-23 17:44:34,trade,exact,Matched,216.0,8.0
245,2026-05-23 17:44:34,trade,exact,Matched,215.0,8.06
245,2026-05-23 17:44:34,trade,exact,Matched,214.0,1.17
245,2026-05-23 17:44:34,trade,exact,Matched,213.0,8.06
245,2026-05-23 17:44:34,trade,exact,Matched,212.0,5.26
245,2026-05-23 17:44:34,trade,exact,Matched,211.0,5.11
245,2026-05-23 17:44:34,trade,exact,Matched,210.0,5.07
245,2026-05-23 17:44:34,trade,exact,Matched,209.0,2.5
245,2026-05-23 17:44:34,trade,exact,Matched,208.0,2.57
245,2026-05-23 17:44:34,trade,exact,Matched,207.0,5.25
245,2026-05-23 17:44:34,trade,exact,Matched,206.0,5.26
245,2026-05-23 17:44:34,trade,exact,Matched,205.0,1.96
245,2026-05-23 17:44:34,trade,exact,Matched,204.0,4.41
245,2026-05-23 17:44:34,trade,exact,Matched,203.0,1.73
245,2026-05-23 17:44:34,trade,exact,Matched,202.0,1.8
245,2026-05-23 17:44:34,trade,exact,Matched,201.0,4.5
245,2026-05-23 17:44:34,trade,exact,Matched,200.0,4.5
245,2026-05-23 17:44:34,trade,exact,Matched,199.0,4.5
245,2026-05-23 17:44:34,trade,exact,Matched,198.0,4.73
245,2026-05-23 17:44:34,trade,exact,Matched,197.0,4.74
245,2026-05-23 17:44:34,trade,exact,Matched,196.0,4.68
245,2026-05-23 17:44:34,trade,exact,Matched,195.0,4.74
245,2026-05-23 17:44:34,trade,exact,Matched,194.0,1.85
245,2026-05-23 17:44:34,trade,exact,Matched,193.0,2.75
245,2026-05-23 17:44:34,trade,exact,Matched,192.0,5.0
245,2026-05-23 17:44:34,position,api_position_matched,Matched,215.0,6.21
245,2026-05-23 17:44:34,position,api_position_matched,Matched,218.0,7.01
245,2026-05-23 17:44:34,position,api_position_matched,Matched,216.0,8.39
245,2026-05-23 17:44:34,position,api_position_matched,Matched,217.0,8.15
245,2026-05-23 17:44:34,position,api_position_matched,Matched,213.0,8.6
245,2026-05-23 17:44:34,position,api_position_resolved_matched,Matched,206.0,0.0
245,2026-05-23 17:44:34,position,api_position_resolved_matched,Matched,210.0,0.0
245,2026-05-23 17:44:34,position,api_position_resolved_matched,Matched,197.0,0.0
245,2026-05-23 17:44:34,position,api_position_matched,Matched,214.0,1.46
246,2026-05-23 17:54:34,trade,exact,Matched,218.0,8.06
246,2026-05-23 17:54:34,trade,exact,Matched,217.0,8.06
246,2026-05-23 17:54:34,trade,exact,Matched,216.0,8.0
246,2026-05-23 17:54:34,trade,exact,Matched,215.0,8.06
246,2026-05-23 17:54:34,trade,exact,Matched,214.0,1.17
246,2026-05-23 17:54:34,trade,exact,Matched,213.0,8.06
246,2026-05-23 17:54:34,trade,exact,Matched,212.0,5.26
246,2026-05-23 17:54:34,trade,exact,Matched,211.0,5.11
246,2026-05-23 17:54:34,trade,exact,Matched,210.0,5.07
246,2026-05-23 17:54:34,trade,exact,Matched,209.0,2.5
246,2026-05-23 17:54:34,trade,exact,Matched,208.0,2.57
246,2026-05-23 17:54:34,trade,exact,Matched,207.0,5.25
246,2026-05-23 17:54:34,trade,exact,Matched,206.0,5.26
246,2026-05-23 17:54:34,trade,exact,Matched,205.0,1.96
246,2026-05-23 17:54:34,trade,exact,Matched,204.0,4.41
246,2026-05-23 17:54:34,trade,exact,Matched,203.0,1.73
246,2026-05-23 17:54:34,trade,exact,Matched,202.0,1.8
246,2026-05-23 17:54:34,trade,exact,Matched,201.0,4.5
246,2026-05-23 17:54:34,trade,exact,Matched,200.0,4.5
246,2026-05-23 17:54:34,trade,exact,Matched,199.0,4.5
246,2026-05-23 17:54:34,trade,exact,Matched,198.0,4.73
246,2026-05-23 17:54:34,trade,exact,Matched,197.0,4.74
246,2026-05-23 17:54:34,trade,exact,Matched,196.0,4.68
246,2026-05-23 17:54:34,trade,exact,Matched,195.0,4.74
246,2026-05-23 17:54:34,trade,exact,Matched,194.0,1.85
246,2026-05-23 17:54:34,trade,exact,Matched,193.0,2.75
246,2026-05-23 17:54:34,trade,exact,Matched,192.0,5.0
246,2026-05-23 17:54:34,position,api_position_matched,Matched,215.0,6.1
246,2026-05-23 17:54:34,position,api_position_matched,Matched,218.0,7.3
246,2026-05-23 17:54:34,position,api_position_matched,Matched,216.0,8.39
246,2026-05-23 17:54:34,position,api_position_matched,Matched,217.0,8.15
246,2026-05-23 17:54:34,position,api_position_matched,Matched,213.0,8.65
246,2026-05-23 17:54:34,position,api_position_resolved_matched,Matched,206.0,0.0
246,2026-05-23 17:54:34,position,api_position_resolved_matched,Matched,210.0,0.0
246,2026-05-23 17:54:34,position,api_position_resolved_matched,Matched,197.0,0.0
246,2026-05-23 17:54:34,position,api_position_matched,Matched,214.0,1.46
247,2026-05-23 18:04:35,trade,exact,Matched,218.0,8.06
247,2026-05-23 18:04:35,trade,exact,Matched,217.0,8.06
247,2026-05-23 18:04:35,trade,exact,Matched,216.0,8.0
247,2026-05-23 18:04:35,trade,exact,Matched,215.0,8.06
247,2026-05-23 18:04:35,trade,exact,Matched,214.0,1.17
247,2026-05-23 18:04:35,trade,exact,Matched,213.0,8.06
247,2026-05-23 18:04:35,trade,exact,Matched,212.0,5.26
247,2026-05-23 18:04:35,trade,exact,Matched,211.0,5.11
247,2026-05-23 18:04:35,trade,exact,Matched,210.0,5.07
247,2026-05-23 18:04:35,trade,exact,Matched,209.0,2.5
247,2026-05-23 18:04:35,trade,exact,Matched,208.0,2.57
247,2026-05-23 18:04:35,trade,exact,Matched,207.0,5.25
247,2026-05-23 18:04:35,trade,exact,Matched,206.0,5.26
247,2026-05-23 18:04:35,trade,exact,Matched,205.0,1.96
247,2026-05-23 18:04:35,trade,exact,Matched,204.0,4.41
247,2026-05-23 18:04:35,trade,exact,Matched,203.0,1.73
247,2026-05-23 18:04:35,trade,exact,Matched,202.0,1.8
247,2026-05-23 18:04:35,trade,exact,Matched,201.0,4.5
247,2026-05-23 18:04:35,trade,exact,Matched,200.0,4.5
247,2026-05-23 18:04:35,trade,exact,Matched,199.0,4.5
247,2026-05-23 18:04:35,trade,exact,Matched,198.0,4.73
247,2026-05-23 18:04:35,trade,exact,Matched,197.0,4.74
247,2026-05-23 18:04:35,trade,exact,Matched,196.0,4.68
247,2026-05-23 18:04:35,trade,exact,Matched,195.0,4.74
247,2026-05-23 18:04:35,trade,exact,Matched,194.0,1.85
247,2026-05-23 18:04:35,trade,exact,Matched,193.0,2.75
247,2026-05-23 18:04:35,trade,exact,Matched,192.0,5.0
247,2026-05-23 18:04:35,position,api_position_matched,Matched,215.0,6.1
247,2026-05-23 18:04:35,position,api_position_matched,Matched,218.0,7.34
247,2026-05-23 18:04:35,position,api_position_matched,Matched,216.0,8.48
247,2026-05-23 18:04:35,position,api_position_matched,Matched,217.0,8.15
247,2026-05-23 18:04:35,position,api_position_matched,Matched,213.0,8.65
247,2026-05-23 18:04:35,position,api_position_resolved_matched,Matched,206.0,0.0
247,2026-05-23 18:04:35,position,api_position_resolved_matched,Matched,210.0,0.0
247,2026-05-23 18:04:35,position,api_position_resolved_matched,Matched,197.0,0.0
247,2026-05-23 18:04:35,position,api_position_matched,Matched,214.0,1.48
248,2026-05-23 18:14:35,trade,exact,Matched,218.0,8.06
248,2026-05-23 18:14:35,trade,exact,Matched,217.0,8.06
248,2026-05-23 18:14:35,trade,exact,Matched,216.0,8.0
248,2026-05-23 18:14:35,trade,exact,Matched,215.0,8.06
248,2026-05-23 18:14:35,trade,exact,Matched,214.0,1.17
248,2026-05-23 18:14:35,trade,exact,Matched,213.0,8.06
248,2026-05-23 18:14:35,trade,exact,Matched,212.0,5.26
248,2026-05-23 18:14:35,trade,exact,Matched,211.0,5.11
248,2026-05-23 18:14:35,trade,exact,Matched,210.0,5.07
248,2026-05-23 18:14:35,trade,exact,Matched,209.0,2.5
248,2026-05-23 18:14:35,trade,exact,Matched,208.0,2.57
248,2026-05-23 18:14:35,trade,exact,Matched,207.0,5.25
248,2026-05-23 18:14:35,trade,exact,Matched,206.0,5.26
248,2026-05-23 18:14:35,trade,exact,Matched,205.0,1.96
248,2026-05-23 18:14:35,trade,exact,Matched,204.0,4.41
248,2026-05-23 18:14:35,trade,exact,Matched,203.0,1.73
248,2026-05-23 18:14:35,trade,exact,Matched,202.0,1.8
248,2026-05-23 18:14:35,trade,exact,Matched,201.0,4.5
248,2026-05-23 18:14:35,trade,exact,Matched,200.0,4.5
248,2026-05-23 18:14:35,trade,exact,Matched,199.0,4.5
248,2026-05-23 18:14:35,trade,exact,Matched,198.0,4.73
248,2026-05-23 18:14:35,trade,exact,Matched,197.0,4.74
248,2026-05-23 18:14:35,trade,exact,Matched,196.0,4.68
248,2026-05-23 18:14:35,trade,exact,Matched,195.0,4.74
248,2026-05-23 18:14:35,trade,exact,Matched,194.0,1.85
248,2026-05-23 18:14:35,trade,exact,Matched,193.0,2.75
248,2026-05-23 18:14:35,trade,exact,Matched,192.0,5.0
248,2026-05-23 18:14:35,position,api_position_matched,Matched,215.0,5.99
248,2026-05-23 18:14:35,position,api_position_matched,Matched,218.0,7.58
248,2026-05-23 18:14:35,position,api_position_matched,Matched,216.0,8.48
248,2026-05-23 18:14:35,position,api_position_matched,Matched,217.0,8.15
248,2026-05-23 18:14:35,position,api_position_matched,Matched,213.0,8.79
248,2026-05-23 18:14:35,position,api_position_resolved_matched,Matched,206.0,0.0
248,2026-05-23 18:14:35,position,api_position_resolved_matched,Matched,210.0,0.0
248,2026-05-23 18:14:35,position,api_position_resolved_matched,Matched,197.0,0.0
248,2026-05-23 18:14:35,position,api_position_matched,Matched,214.0,1.46
249,2026-05-23 18:24:35,trade,exact,Matched,218.0,8.06
249,2026-05-23 18:24:35,trade,exact,Matched,217.0,8.06
249,2026-05-23 18:24:35,trade,exact,Matched,216.0,8.0
249,2026-05-23 18:24:35,trade,exact,Matched,215.0,8.06
249,2026-05-23 18:24:35,trade,exact,Matched,214.0,1.17
249,2026-05-23 18:24:35,trade,exact,Matched,213.0,8.06
249,2026-05-23 18:24:35,trade,exact,Matched,212.0,5.26
249,2026-05-23 18:24:35,trade,exact,Matched,211.0,5.11
249,2026-05-23 18:24:35,trade,exact,Matched,210.0,5.07
249,2026-05-23 18:24:35,trade,exact,Matched,209.0,2.5
249,2026-05-23 18:24:35,trade,exact,Matched,208.0,2.57
249,2026-05-23 18:24:35,trade,exact,Matched,207.0,5.25
249,2026-05-23 18:24:35,trade,exact,Matched,206.0,5.26
249,2026-05-23 18:24:35,trade,exact,Matched,205.0,1.96
249,2026-05-23 18:24:35,trade,exact,Matched,204.0,4.41
249,2026-05-23 18:24:35,trade,exact,Matched,203.0,1.73
249,2026-05-23 18:24:35,trade,exact,Matched,202.0,1.8
249,2026-05-23 18:24:35,trade,exact,Matched,201.0,4.5
249,2026-05-23 18:24:35,trade,exact,Matched,200.0,4.5
249,2026-05-23 18:24:35,trade,exact,Matched,199.0,4.5
249,2026-05-23 18:24:35,trade,exact,Matched,198.0,4.73
249,2026-05-23 18:24:35,trade,exact,Matched,197.0,4.74
249,2026-05-23 18:24:35,trade,exact,Matched,196.0,4.68
249,2026-05-23 18:24:35,trade,exact,Matched,195.0,4.74
249,2026-05-23 18:24:35,trade,exact,Matched,194.0,1.85
249,2026-05-23 18:24:35,trade,exact,Matched,193.0,2.75
249,2026-05-23 18:24:35,trade,exact,Matched,192.0,5.0
249,2026-05-23 18:24:35,position,api_position_matched,Matched,215.0,5.73
249,2026-05-23 18:24:35,position,api_position_matched,Matched,218.0,7.54
249,2026-05-23 18:24:35,position,api_position_matched,Matched,216.0,8.48
249,2026-05-23 18:24:35,position,api_position_matched,Matched,217.0,8.15
249,2026-05-23 18:24:35,position,api_position_matched,Matched,213.0,8.83
249,2026-05-23 18:24:35,position,api_position_resolved_matched,Matched,206.0,0.0
249,2026-05-23 18:24:35,position,api_position_resolved_matched,Matched,210.0,0.0
249,2026-05-23 18:24:35,position,api_position_resolved_matched,Matched,197.0,0.0
249,2026-05-23 18:24:35,position,api_position_matched,Matched,214.0,1.51
250,2026-05-23 18:34:34,trade,exact,Matched,218.0,8.06
250,2026-05-23 18:34:34,trade,exact,Matched,217.0,8.06
250,2026-05-23 18:34:34,trade,exact,Matched,216.0,8.0
250,2026-05-23 18:34:34,trade,exact,Matched,215.0,8.06
250,2026-05-23 18:34:34,trade,exact,Matched,214.0,1.17
250,2026-05-23 18:34:34,trade,exact,Matched,213.0,8.06
250,2026-05-23 18:34:34,trade,exact,Matched,212.0,5.26
250,2026-05-23 18:34:34,trade,exact,Matched,211.0,5.11
250,2026-05-23 18:34:34,trade,exact,Matched,210.0,5.07
250,2026-05-23 18:34:34,trade,exact,Matched,209.0,2.5
250,2026-05-23 18:34:34,trade,exact,Matched,208.0,2.57
250,2026-05-23 18:34:34,trade,exact,Matched,207.0,5.25
250,2026-05-23 18:34:34,trade,exact,Matched,206.0,5.26
250,2026-05-23 18:34:34,trade,exact,Matched,205.0,1.96
250,2026-05-23 18:34:34,trade,exact,Matched,204.0,4.41
250,2026-05-23 18:34:34,trade,exact,Matched,203.0,1.73
250,2026-05-23 18:34:34,trade,exact,Matched,202.0,1.8
250,2026-05-23 18:34:34,trade,exact,Matched,201.0,4.5
250,2026-05-23 18:34:34,trade,exact,Matched,200.0,4.5
250,2026-05-23 18:34:34,trade,exact,Matched,199.0,4.5
250,2026-05-23 18:34:34,trade,exact,Matched,198.0,4.73
250,2026-05-23 18:34:34,trade,exact,Matched,197.0,4.74
250,2026-05-23 18:34:34,trade,exact,Matched,196.0,4.68
250,2026-05-23 18:34:34,trade,exact,Matched,195.0,4.74
250,2026-05-23 18:34:34,trade,exact,Matched,194.0,1.85
250,2026-05-23 18:34:34,trade,exact,Matched,193.0,2.75
250,2026-05-23 18:34:34,trade,exact,Matched,192.0,5.0
250,2026-05-23 18:34:34,position,api_position_matched,Matched,215.0,6.26
250,2026-05-23 18:34:34,position,api_position_matched,Matched,218.0,7.58
250,2026-05-23 18:34:34,position,api_position_matched,Matched,216.0,8.57
250,2026-05-23 18:34:34,position,api_position_matched,Matched,217.0,8.11
250,2026-05-23 18:34:34,position,api_position_matched,Matched,213.0,8.84
250,2026-05-23 18:34:34,position,api_position_resolved_matched,Matched,206.0,0.0
250,2026-05-23 18:34:34,position,api_position_resolved_matched,Matched,210.0,0.0
250,2026-05-23 18:34:34,position,api_position_resolved_matched,Matched,197.0,0.0
250,2026-05-23 18:34:34,position,api_position_matched,Matched,214.0,1.53
251,2026-05-23 18:44:35,trade,exact,Matched,218.0,8.06
251,2026-05-23 18:44:35,trade,exact,Matched,217.0,8.06
251,2026-05-23 18:44:35,trade,exact,Matched,216.0,8.0
251,2026-05-23 18:44:35,trade,exact,Matched,215.0,8.06
251,2026-05-23 18:44:35,trade,exact,Matched,214.0,1.17
251,2026-05-23 18:44:35,trade,exact,Matched,213.0,8.06
251,2026-05-23 18:44:35,trade,exact,Matched,212.0,5.26
251,2026-05-23 18:44:35,trade,exact,Matched,211.0,5.11
251,2026-05-23 18:44:35,trade,exact,Matched,210.0,5.07
251,2026-05-23 18:44:35,trade,exact,Matched,209.0,2.5
251,2026-05-23 18:44:35,trade,exact,Matched,208.0,2.57
251,2026-05-23 18:44:35,trade,exact,Matched,207.0,5.25
251,2026-05-23 18:44:35,trade,exact,Matched,206.0,5.26
251,2026-05-23 18:44:35,trade,exact,Matched,205.0,1.96
251,2026-05-23 18:44:35,trade,exact,Matched,204.0,4.41
251,2026-05-23 18:44:35,trade,exact,Matched,203.0,1.73
251,2026-05-23 18:44:35,trade,exact,Matched,202.0,1.8
251,2026-05-23 18:44:35,trade,exact,Matched,201.0,4.5
251,2026-05-23 18:44:35,trade,exact,Matched,200.0,4.5
251,2026-05-23 18:44:35,trade,exact,Matched,199.0,4.5
251,2026-05-23 18:44:35,trade,exact,Matched,198.0,4.73
251,2026-05-23 18:44:35,trade,exact,Matched,197.0,4.74
251,2026-05-23 18:44:35,trade,exact,Matched,196.0,4.68
251,2026-05-23 18:44:35,trade,exact,Matched,195.0,4.74
251,2026-05-23 18:44:35,trade,exact,Matched,194.0,1.85
251,2026-05-23 18:44:35,trade,exact,Matched,193.0,2.75
251,2026-05-23 18:44:35,trade,exact,Matched,192.0,5.0
251,2026-05-23 18:44:35,position,api_position_matched,Matched,215.0,5.68
251,2026-05-23 18:44:35,position,api_position_matched,Matched,218.0,7.39
251,2026-05-23 18:44:35,position,api_position_matched,Matched,216.0,8.62
251,2026-05-23 18:44:35,position,api_position_matched,Matched,217.0,8.11
251,2026-05-23 18:44:35,position,api_position_matched,Matched,213.0,8.84
251,2026-05-23 18:44:35,position,api_position_resolved_matched,Matched,206.0,0.0
251,2026-05-23 18:44:35,position,api_position_resolved_matched,Matched,210.0,0.0
251,2026-05-23 18:44:35,position,api_position_resolved_matched,Matched,197.0,0.0
251,2026-05-23 18:44:35,position,api_position_matched,Matched,214.0,1.53
252,2026-05-23 18:54:34,trade,exact,Matched,218.0,8.06
252,2026-05-23 18:54:34,trade,exact,Matched,217.0,8.06
252,2026-05-23 18:54:34,trade,exact,Matched,216.0,8.0
252,2026-05-23 18:54:34,trade,exact,Matched,215.0,8.06
252,2026-05-23 18:54:34,trade,exact,Matched,214.0,1.17
252,2026-05-23 18:54:34,trade,exact,Matched,213.0,8.06
252,2026-05-23 18:54:34,trade,exact,Matched,212.0,5.26
252,2026-05-23 18:54:34,trade,exact,Matched,211.0,5.11
252,2026-05-23 18:54:34,trade,exact,Matched,210.0,5.07
252,2026-05-23 18:54:34,trade,exact,Matched,209.0,2.5
252,2026-05-23 18:54:34,trade,exact,Matched,208.0,2.57
252,2026-05-23 18:54:34,trade,exact,Matched,207.0,5.25
252,2026-05-23 18:54:34,trade,exact,Matched,206.0,5.26
252,2026-05-23 18:54:34,trade,exact,Matched,205.0,1.96
252,2026-05-23 18:54:34,trade,exact,Matched,204.0,4.41
252,2026-05-23 18:54:34,trade,exact,Matched,203.0,1.73
252,2026-05-23 18:54:34,trade,exact,Matched,202.0,1.8
252,2026-05-23 18:54:34,trade,exact,Matched,201.0,4.5
252,2026-05-23 18:54:34,trade,exact,Matched,200.0,4.5
252,2026-05-23 18:54:34,trade,exact,Matched,199.0,4.5
252,2026-05-23 18:54:34,trade,exact,Matched,198.0,4.73
252,2026-05-23 18:54:34,trade,exact,Matched,197.0,4.74
252,2026-05-23 18:54:34,trade,exact,Matched,196.0,4.68
252,2026-05-23 18:54:34,trade,exact,Matched,195.0,4.74
252,2026-05-23 18:54:34,trade,exact,Matched,194.0,1.85
252,2026-05-23 18:54:34,trade,exact,Matched,193.0,2.75
252,2026-05-23 18:54:34,trade,exact,Matched,192.0,5.0
252,2026-05-23 18:54:34,position,api_position_matched,Matched,215.0,5.46
252,2026-05-23 18:54:34,position,api_position_matched,Matched,218.0,7.1
252,2026-05-23 18:54:34,position,api_position_matched,Matched,216.0,8.9
252,2026-05-23 18:54:34,position,api_position_matched,Matched,217.0,8.93
252,2026-05-23 18:54:34,position,api_position_matched,Matched,213.0,8.84
252,2026-05-23 18:54:34,position,api_position_resolved_matched,Matched,206.0,0.0
252,2026-05-23 18:54:34,position,api_position_resolved_matched,Matched,210.0,0.0
252,2026-05-23 18:54:34,position,api_position_resolved_matched,Matched,197.0,0.0
252,2026-05-23 18:54:34,position,api_position_matched,Matched,214.0,1.54
253,2026-05-23 19:04:34,trade,exact,Matched,218.0,8.06
253,2026-05-23 19:04:34,trade,exact,Matched,217.0,8.06
253,2026-05-23 19:04:34,trade,exact,Matched,216.0,8.0
253,2026-05-23 19:04:34,trade,exact,Matched,215.0,8.06
253,2026-05-23 19:04:34,trade,exact,Matched,214.0,1.17
253,2026-05-23 19:04:34,trade,exact,Matched,213.0,8.06
253,2026-05-23 19:04:34,trade,exact,Matched,212.0,5.26
253,2026-05-23 19:04:34,trade,exact,Matched,211.0,5.11
253,2026-05-23 19:04:34,trade,exact,Matched,210.0,5.07
253,2026-05-23 19:04:34,trade,exact,Matched,209.0,2.5
253,2026-05-23 19:04:34,trade,exact,Matched,208.0,2.57
253,2026-05-23 19:04:34,trade,exact,Matched,207.0,5.25
253,2026-05-23 19:04:34,trade,exact,Matched,206.0,5.26
253,2026-05-23 19:04:34,trade,exact,Matched,205.0,1.96
253,2026-05-23 19:04:34,trade,exact,Matched,204.0,4.41
253,2026-05-23 19:04:34,trade,exact,Matched,203.0,1.73
253,2026-05-23 19:04:34,trade,exact,Matched,202.0,1.8
253,2026-05-23 19:04:34,trade,exact,Matched,201.0,4.5
253,2026-05-23 19:04:34,trade,exact,Matched,200.0,4.5
253,2026-05-23 19:04:34,trade,exact,Matched,199.0,4.5
253,2026-05-23 19:04:34,trade,exact,Matched,198.0,4.73
253,2026-05-23 19:04:34,trade,exact,Matched,197.0,4.74
253,2026-05-23 19:04:34,trade,exact,Matched,196.0,4.68
253,2026-05-23 19:04:34,trade,exact,Matched,195.0,4.74
253,2026-05-23 19:04:34,trade,exact,Matched,194.0,1.85
253,2026-05-23 19:04:34,trade,exact,Matched,193.0,2.75
253,2026-05-23 19:04:34,trade,exact,Matched,192.0,5.0
253,2026-05-23 19:04:34,position,api_position_matched,Matched,215.0,5.46
253,2026-05-23 19:04:34,position,api_position_matched,Matched,218.0,7.1
253,2026-05-23 19:04:34,position,api_position_matched,Matched,216.0,9.22
253,2026-05-23 19:04:34,position,api_position_matched,Matched,217.0,9.11
253,2026-05-23 19:04:34,position,api_position_matched,Matched,213.0,8.84
253,2026-05-23 19:04:34,position,api_position_resolved_matched,Matched,206.0,0.0
253,2026-05-23 19:04:34,position,api_position_resolved_matched,Matched,210.0,0.0
253,2026-05-23 19:04:34,position,api_position_resolved_matched,Matched,197.0,0.0
253,2026-05-23 19:04:34,position,api_position_matched,Matched,214.0,1.55
254,2026-05-23 19:14:34,trade,exact,Matched,218.0,8.06
254,2026-05-23 19:14:34,trade,exact,Matched,217.0,8.06
254,2026-05-23 19:14:34,trade,exact,Matched,216.0,8.0
254,2026-05-23 19:14:34,trade,exact,Matched,215.0,8.06
254,2026-05-23 19:14:34,trade,exact,Matched,214.0,1.17
254,2026-05-23 19:14:34,trade,exact,Matched,213.0,8.06
254,2026-05-23 19:14:34,trade,exact,Matched,212.0,5.26
254,2026-05-23 19:14:34,trade,exact,Matched,211.0,5.11
254,2026-05-23 19:14:34,trade,exact,Matched,210.0,5.07
254,2026-05-23 19:14:34,trade,exact,Matched,209.0,2.5
254,2026-05-23 19:14:34,trade,exact,Matched,208.0,2.57
254,2026-05-23 19:14:34,trade,exact,Matched,207.0,5.25
254,2026-05-23 19:14:34,trade,exact,Matched,206.0,5.26
254,2026-05-23 19:14:34,trade,exact,Matched,205.0,1.96
254,2026-05-23 19:14:34,trade,exact,Matched,204.0,4.41
254,2026-05-23 19:14:34,trade,exact,Matched,203.0,1.73
254,2026-05-23 19:14:34,trade,exact,Matched,202.0,1.8
254,2026-05-23 19:14:34,trade,exact,Matched,201.0,4.5
254,2026-05-23 19:14:34,trade,exact,Matched,200.0,4.5
254,2026-05-23 19:14:34,trade,exact,Matched,199.0,4.5
254,2026-05-23 19:14:34,trade,exact,Matched,198.0,4.73
254,2026-05-23 19:14:34,trade,exact,Matched,197.0,4.74
254,2026-05-23 19:14:34,trade,exact,Matched,196.0,4.68
254,2026-05-23 19:14:34,trade,exact,Matched,195.0,4.74
254,2026-05-23 19:14:34,trade,exact,Matched,194.0,1.85
254,2026-05-23 19:14:34,trade,exact,Matched,193.0,2.75
254,2026-05-23 19:14:34,trade,exact,Matched,192.0,5.0
254,2026-05-23 19:14:34,position,api_position_matched,Matched,215.0,6.53
254,2026-05-23 19:14:34,position,api_position_matched,Matched,218.0,7.34
254,2026-05-23 19:14:34,position,api_position_matched,Matched,216.0,9.22
254,2026-05-23 19:14:34,position,api_position_matched,Matched,217.0,9.16
254,2026-05-23 19:14:34,position,api_position_matched,Matched,213.0,8.97
254,2026-05-23 19:14:34,position,api_position_resolved_matched,Matched,206.0,0.0
254,2026-05-23 19:14:34,position,api_position_resolved_matched,Matched,210.0,0.0
254,2026-05-23 19:14:34,position,api_position_resolved_matched,Matched,197.0,0.0
254,2026-05-23 19:14:34,position,api_position_matched,Matched,214.0,1.53
255,2026-05-23 19:24:35,trade,exact,Matched,218.0,8.06
255,2026-05-23 19:24:35,trade,exact,Matched,217.0,8.06
255,2026-05-23 19:24:35,trade,exact,Matched,216.0,8.0
255,2026-05-23 19:24:35,trade,exact,Matched,215.0,8.06
255,2026-05-23 19:24:35,trade,exact,Matched,214.0,1.17
255,2026-05-23 19:24:35,trade,exact,Matched,213.0,8.06
255,2026-05-23 19:24:35,trade,exact,Matched,212.0,5.26
255,2026-05-23 19:24:35,trade,exact,Matched,211.0,5.11
255,2026-05-23 19:24:35,trade,exact,Matched,210.0,5.07
255,2026-05-23 19:24:35,trade,exact,Matched,209.0,2.5
255,2026-05-23 19:24:35,trade,exact,Matched,208.0,2.57
255,2026-05-23 19:24:35,trade,exact,Matched,207.0,5.25
255,2026-05-23 19:24:35,trade,exact,Matched,206.0,5.26
255,2026-05-23 19:24:35,trade,exact,Matched,205.0,1.96
255,2026-05-23 19:24:35,trade,exact,Matched,204.0,4.41
255,2026-05-23 19:24:35,trade,exact,Matched,203.0,1.73
255,2026-05-23 19:24:35,trade,exact,Matched,202.0,1.8
255,2026-05-23 19:24:35,trade,exact,Matched,201.0,4.5
255,2026-05-23 19:24:35,trade,exact,Matched,200.0,4.5
255,2026-05-23 19:24:35,trade,exact,Matched,199.0,4.5
255,2026-05-23 19:24:35,trade,exact,Matched,198.0,4.73
255,2026-05-23 19:24:35,trade,exact,Matched,197.0,4.74
255,2026-05-23 19:24:35,trade,exact,Matched,196.0,4.68
255,2026-05-23 19:24:35,trade,exact,Matched,195.0,4.74
255,2026-05-23 19:24:35,trade,exact,Matched,194.0,1.85
255,2026-05-23 19:24:35,trade,exact,Matched,193.0,2.75
255,2026-05-23 19:24:35,trade,exact,Matched,192.0,5.0
255,2026-05-23 19:24:35,position,api_position_matched,Matched,215.0,5.99
255,2026-05-23 19:24:35,position,api_position_matched,Matched,218.0,6.96
255,2026-05-23 19:24:35,position,api_position_matched,Matched,216.0,9.27
255,2026-05-23 19:24:35,position,api_position_matched,Matched,217.0,9.16
255,2026-05-23 19:24:35,position,api_position_matched,Matched,213.0,8.97
255,2026-05-23 19:24:35,position,api_position_resolved_matched,Matched,206.0,0.0
255,2026-05-23 19:24:35,position,api_position_resolved_matched,Matched,210.0,0.0
255,2026-05-23 19:24:35,position,api_position_resolved_matched,Matched,197.0,0.0
255,2026-05-23 19:24:35,position,api_position_matched,Matched,214.0,1.53
256,2026-05-23 19:34:35,trade,exact,Matched,218.0,8.06
256,2026-05-23 19:34:35,trade,exact,Matched,217.0,8.06
256,2026-05-23 19:34:35,trade,exact,Matched,216.0,8.0
256,2026-05-23 19:34:35,trade,exact,Matched,215.0,8.06
256,2026-05-23 19:34:35,trade,exact,Matched,214.0,1.17
256,2026-05-23 19:34:35,trade,exact,Matched,213.0,8.06
256,2026-05-23 19:34:35,trade,exact,Matched,212.0,5.26
256,2026-05-23 19:34:35,trade,exact,Matched,211.0,5.11
256,2026-05-23 19:34:35,trade,exact,Matched,210.0,5.07
256,2026-05-23 19:34:35,trade,exact,Matched,209.0,2.5
256,2026-05-23 19:34:35,trade,exact,Matched,208.0,2.57
256,2026-05-23 19:34:35,trade,exact,Matched,207.0,5.25
256,2026-05-23 19:34:35,trade,exact,Matched,206.0,5.26
256,2026-05-23 19:34:35,trade,exact,Matched,205.0,1.96
256,2026-05-23 19:34:35,trade,exact,Matched,204.0,4.41
256,2026-05-23 19:34:35,trade,exact,Matched,203.0,1.73
256,2026-05-23 19:34:35,trade,exact,Matched,202.0,1.8
256,2026-05-23 19:34:35,trade,exact,Matched,201.0,4.5
256,2026-05-23 19:34:35,trade,exact,Matched,200.0,4.5
256,2026-05-23 19:34:35,trade,exact,Matched,199.0,4.5
256,2026-05-23 19:34:35,trade,exact,Matched,198.0,4.73
256,2026-05-23 19:34:35,trade,exact,Matched,197.0,4.74
256,2026-05-23 19:34:35,trade,exact,Matched,196.0,4.68
256,2026-05-23 19:34:35,trade,exact,Matched,195.0,4.74
256,2026-05-23 19:34:35,trade,exact,Matched,194.0,1.85
256,2026-05-23 19:34:35,trade,exact,Matched,193.0,2.75
256,2026-05-23 19:34:35,trade,exact,Matched,192.0,5.0
256,2026-05-23 19:34:35,position,api_position_matched,Matched,215.0,6.37
256,2026-05-23 19:34:35,position,api_position_matched,Matched,218.0,6.96
256,2026-05-23 19:34:35,position,api_position_matched,Matched,216.0,9.27
256,2026-05-23 19:34:35,position,api_position_matched,Matched,217.0,9.16
256,2026-05-23 19:34:35,position,api_position_matched,Matched,213.0,8.97
256,2026-05-23 19:34:35,position,api_position_resolved_matched,Matched,206.0,0.0
256,2026-05-23 19:34:35,position,api_position_resolved_matched,Matched,210.0,0.0
256,2026-05-23 19:34:35,position,api_position_resolved_matched,Matched,197.0,0.0
256,2026-05-23 19:34:35,position,api_position_matched,Matched,214.0,1.52
257,2026-05-23 19:44:34,trade,exact,Matched,218.0,8.06
257,2026-05-23 19:44:34,trade,exact,Matched,217.0,8.06
257,2026-05-23 19:44:34,trade,exact,Matched,216.0,8.0
257,2026-05-23 19:44:34,trade,exact,Matched,215.0,8.06
257,2026-05-23 19:44:34,trade,exact,Matched,214.0,1.17
257,2026-05-23 19:44:34,trade,exact,Matched,213.0,8.06
257,2026-05-23 19:44:34,trade,exact,Matched,212.0,5.26
257,2026-05-23 19:44:34,trade,exact,Matched,211.0,5.11
257,2026-05-23 19:44:34,trade,exact,Matched,210.0,5.07
257,2026-05-23 19:44:34,trade,exact,Matched,209.0,2.5
257,2026-05-23 19:44:34,trade,exact,Matched,208.0,2.57
257,2026-05-23 19:44:34,trade,exact,Matched,207.0,5.25
257,2026-05-23 19:44:34,trade,exact,Matched,206.0,5.26
257,2026-05-23 19:44:34,trade,exact,Matched,205.0,1.96
257,2026-05-23 19:44:34,trade,exact,Matched,204.0,4.41
257,2026-05-23 19:44:34,trade,exact,Matched,203.0,1.73
257,2026-05-23 19:44:34,trade,exact,Matched,202.0,1.8
257,2026-05-23 19:44:34,trade,exact,Matched,201.0,4.5
257,2026-05-23 19:44:34,trade,exact,Matched,200.0,4.5
257,2026-05-23 19:44:34,trade,exact,Matched,199.0,4.5
257,2026-05-23 19:44:34,trade,exact,Matched,198.0,4.73
257,2026-05-23 19:44:34,trade,exact,Matched,197.0,4.74
257,2026-05-23 19:44:34,trade,exact,Matched,196.0,4.68
257,2026-05-23 19:44:34,trade,exact,Matched,195.0,4.74
257,2026-05-23 19:44:34,trade,exact,Matched,194.0,1.85
257,2026-05-23 19:44:34,trade,exact,Matched,193.0,2.75
257,2026-05-23 19:44:34,trade,exact,Matched,192.0,5.0
257,2026-05-23 19:44:34,position,api_position_matched,Matched,215.0,6.42
257,2026-05-23 19:44:34,position,api_position_matched,Matched,218.0,7.1
257,2026-05-23 19:44:34,position,api_position_matched,Matched,216.0,9.27
257,2026-05-23 19:44:34,position,api_position_matched,Matched,217.0,9.16
257,2026-05-23 19:44:34,position,api_position_matched,Matched,213.0,8.97
257,2026-05-23 19:44:34,position,api_position_resolved_matched,Matched,206.0,0.0
257,2026-05-23 19:44:34,position,api_position_resolved_matched,Matched,210.0,0.0
257,2026-05-23 19:44:34,position,api_position_resolved_matched,Matched,197.0,0.0
257,2026-05-23 19:44:34,position,api_position_matched,Matched,214.0,1.53
258,2026-05-23 19:54:34,trade,exact,Matched,218.0,8.06
258,2026-05-23 19:54:34,trade,exact,Matched,217.0,8.06
258,2026-05-23 19:54:34,trade,exact,Matched,216.0,8.0
258,2026-05-23 19:54:34,trade,exact,Matched,215.0,8.06
258,2026-05-23 19:54:34,trade,exact,Matched,214.0,1.17
258,2026-05-23 19:54:34,trade,exact,Matched,213.0,8.06
258,2026-05-23 19:54:34,trade,exact,Matched,212.0,5.26
258,2026-05-23 19:54:34,trade,exact,Matched,211.0,5.11
258,2026-05-23 19:54:34,trade,exact,Matched,210.0,5.07
258,2026-05-23 19:54:34,trade,exact,Matched,209.0,2.5
258,2026-05-23 19:54:34,trade,exact,Matched,208.0,2.57
258,2026-05-23 19:54:34,trade,exact,Matched,207.0,5.25
258,2026-05-23 19:54:34,trade,exact,Matched,206.0,5.26
258,2026-05-23 19:54:34,trade,exact,Matched,205.0,1.96
258,2026-05-23 19:54:34,trade,exact,Matched,204.0,4.41
258,2026-05-23 19:54:34,trade,exact,Matched,203.0,1.73
258,2026-05-23 19:54:34,trade,exact,Matched,202.0,1.8
258,2026-05-23 19:54:34,trade,exact,Matched,201.0,4.5
258,2026-05-23 19:54:34,trade,exact,Matched,200.0,4.5
258,2026-05-23 19:54:34,trade,exact,Matched,199.0,4.5
258,2026-05-23 19:54:34,trade,exact,Matched,198.0,4.73
258,2026-05-23 19:54:34,trade,exact,Matched,197.0,4.74
258,2026-05-23 19:54:34,trade,exact,Matched,196.0,4.68
258,2026-05-23 19:54:34,trade,exact,Matched,195.0,4.74
258,2026-05-23 19:54:34,trade,exact,Matched,194.0,1.85
258,2026-05-23 19:54:34,trade,exact,Matched,193.0,2.75
258,2026-05-23 19:54:34,trade,exact,Matched,192.0,5.0
258,2026-05-23 19:54:34,position,api_position_matched,Matched,215.0,4.88
258,2026-05-23 19:54:34,position,api_position_matched,Matched,218.0,7.01
258,2026-05-23 19:54:34,position,api_position_matched,Matched,216.0,9.27
258,2026-05-23 19:54:34,position,api_position_matched,Matched,217.0,9.16
258,2026-05-23 19:54:34,position,api_position_matched,Matched,213.0,8.97
258,2026-05-23 19:54:34,position,api_position_resolved_matched,Matched,206.0,0.0
258,2026-05-23 19:54:34,position,api_position_resolved_matched,Matched,210.0,0.0
258,2026-05-23 19:54:34,position,api_position_resolved_matched,Matched,197.0,0.0
258,2026-05-23 19:54:34,position,api_position_matched,Matched,214.0,1.5
259,2026-05-23 20:04:35,trade,exact,Matched,218.0,8.06
259,2026-05-23 20:04:35,trade,exact,Matched,217.0,8.06
259,2026-05-23 20:04:35,trade,exact,Matched,216.0,8.0
259,2026-05-23 20:04:35,trade,exact,Matched,215.0,8.06
259,2026-05-23 20:04:35,trade,exact,Matched,214.0,1.17
259,2026-05-23 20:04:35,trade,exact,Matched,213.0,8.06
259,2026-05-23 20:04:35,trade,exact,Matched,212.0,5.26
259,2026-05-23 20:04:35,trade,exact,Matched,211.0,5.11
259,2026-05-23 20:04:35,trade,exact,Matched,210.0,5.07
259,2026-05-23 20:04:35,trade,exact,Matched,209.0,2.5
259,2026-05-23 20:04:35,trade,exact,Matched,208.0,2.57
259,2026-05-23 20:04:35,trade,exact,Matched,207.0,5.25
259,2026-05-23 20:04:35,trade,exact,Matched,206.0,5.26
259,2026-05-23 20:04:35,trade,exact,Matched,205.0,1.96
259,2026-05-23 20:04:35,trade,exact,Matched,204.0,4.41
259,2026-05-23 20:04:35,trade,exact,Matched,203.0,1.73
259,2026-05-23 20:04:35,trade,exact,Matched,202.0,1.8
259,2026-05-23 20:04:35,trade,exact,Matched,201.0,4.5
259,2026-05-23 20:04:35,trade,exact,Matched,200.0,4.5
259,2026-05-23 20:04:35,trade,exact,Matched,199.0,4.5
259,2026-05-23 20:04:35,trade,exact,Matched,198.0,4.73
259,2026-05-23 20:04:35,trade,exact,Matched,197.0,4.74
259,2026-05-23 20:04:35,trade,exact,Matched,196.0,4.68
259,2026-05-23 20:04:35,trade,exact,Matched,195.0,4.74
259,2026-05-23 20:04:35,trade,exact,Matched,194.0,1.85
259,2026-05-23 20:04:35,trade,exact,Matched,193.0,2.75
259,2026-05-23 20:04:35,trade,exact,Matched,192.0,5.0
259,2026-05-23 20:04:35,position,api_position_matched,Matched,215.0,2.92
259,2026-05-23 20:04:35,position,api_position_matched,Matched,218.0,6.1
259,2026-05-23 20:04:35,position,api_position_matched,Matched,216.0,9.27
259,2026-05-23 20:04:35,position,api_position_matched,Matched,217.0,9.16
259,2026-05-23 20:04:35,position,api_position_matched,Matched,213.0,8.97
259,2026-05-23 20:04:35,position,api_position_resolved_matched,Matched,206.0,0.0
259,2026-05-23 20:04:35,position,api_position_resolved_matched,Matched,210.0,0.0
259,2026-05-23 20:04:35,position,api_position_resolved_matched,Matched,197.0,0.0
259,2026-05-23 20:04:35,position,api_position_matched,Matched,214.0,1.58
260,2026-05-23 20:14:34,trade,exact,Matched,218.0,8.06
260,2026-05-23 20:14:34,trade,exact,Matched,217.0,8.06
260,2026-05-23 20:14:34,trade,exact,Matched,216.0,8.0
260,2026-05-23 20:14:34,trade,exact,Matched,215.0,8.06
260,2026-05-23 20:14:34,trade,exact,Matched,214.0,1.17
260,2026-05-23 20:14:34,trade,exact,Matched,213.0,8.06
260,2026-05-23 20:14:34,trade,exact,Matched,212.0,5.26
260,2026-05-23 20:14:34,trade,exact,Matched,211.0,5.11
260,2026-05-23 20:14:34,trade,exact,Matched,210.0,5.07
260,2026-05-23 20:14:34,trade,exact,Matched,209.0,2.5
260,2026-05-23 20:14:34,trade,exact,Matched,208.0,2.57
260,2026-05-23 20:14:34,trade,exact,Matched,207.0,5.25
260,2026-05-23 20:14:34,trade,exact,Matched,206.0,5.26
260,2026-05-23 20:14:34,trade,exact,Matched,205.0,1.96
260,2026-05-23 20:14:34,trade,exact,Matched,204.0,4.41
260,2026-05-23 20:14:34,trade,exact,Matched,203.0,1.73
260,2026-05-23 20:14:34,trade,exact,Matched,202.0,1.8
260,2026-05-23 20:14:34,trade,exact,Matched,201.0,4.5
260,2026-05-23 20:14:34,trade,exact,Matched,200.0,4.5
260,2026-05-23 20:14:34,trade,exact,Matched,199.0,4.5
260,2026-05-23 20:14:34,trade,exact,Matched,198.0,4.73
260,2026-05-23 20:14:34,trade,exact,Matched,197.0,4.74
260,2026-05-23 20:14:34,trade,exact,Matched,196.0,4.68
260,2026-05-23 20:14:34,trade,exact,Matched,195.0,4.74
260,2026-05-23 20:14:34,trade,exact,Matched,194.0,1.85
260,2026-05-23 20:14:34,trade,exact,Matched,193.0,2.75
260,2026-05-23 20:14:34,trade,exact,Matched,192.0,5.0
260,2026-05-23 20:14:34,position,api_position_matched,Matched,215.0,2.65
260,2026-05-23 20:14:34,position,api_position_matched,Matched,218.0,5.95
260,2026-05-23 20:14:34,position,api_position_matched,Matched,216.0,9.27
260,2026-05-23 20:14:34,position,api_position_matched,Matched,217.0,9.16
260,2026-05-23 20:14:34,position,api_position_matched,Matched,213.0,8.97
260,2026-05-23 20:14:34,position,api_position_resolved_matched,Matched,206.0,0.0
260,2026-05-23 20:14:34,position,api_position_resolved_matched,Matched,210.0,0.0
260,2026-05-23 20:14:34,position,api_position_resolved_matched,Matched,197.0,0.0
260,2026-05-23 20:14:34,position,api_position_matched,Matched,214.0,1.58
261,2026-05-23 20:24:35,trade,exact,Matched,218.0,8.06
261,2026-05-23 20:24:35,trade,exact,Matched,217.0,8.06
261,2026-05-23 20:24:35,trade,exact,Matched,216.0,8.0
261,2026-05-23 20:24:35,trade,exact,Matched,215.0,8.06
261,2026-05-23 20:24:35,trade,exact,Matched,214.0,1.17
261,2026-05-23 20:24:35,trade,exact,Matched,213.0,8.06
261,2026-05-23 20:24:35,trade,exact,Matched,212.0,5.26
261,2026-05-23 20:24:35,trade,exact,Matched,211.0,5.11
261,2026-05-23 20:24:35,trade,exact,Matched,210.0,5.07
261,2026-05-23 20:24:35,trade,exact,Matched,209.0,2.5
261,2026-05-23 20:24:35,trade,exact,Matched,208.0,2.57
261,2026-05-23 20:24:35,trade,exact,Matched,207.0,5.25
261,2026-05-23 20:24:35,trade,exact,Matched,206.0,5.26
261,2026-05-23 20:24:35,trade,exact,Matched,205.0,1.96
261,2026-05-23 20:24:35,trade,exact,Matched,204.0,4.41
261,2026-05-23 20:24:35,trade,exact,Matched,203.0,1.73
261,2026-05-23 20:24:35,trade,exact,Matched,202.0,1.8
261,2026-05-23 20:24:35,trade,exact,Matched,201.0,4.5
261,2026-05-23 20:24:35,trade,exact,Matched,200.0,4.5
261,2026-05-23 20:24:35,trade,exact,Matched,199.0,4.5
261,2026-05-23 20:24:35,trade,exact,Matched,198.0,4.73
261,2026-05-23 20:24:35,trade,exact,Matched,197.0,4.74
261,2026-05-23 20:24:35,trade,exact,Matched,196.0,4.68
261,2026-05-23 20:24:35,trade,exact,Matched,195.0,4.74
261,2026-05-23 20:24:35,trade,exact,Matched,194.0,1.85
261,2026-05-23 20:24:35,trade,exact,Matched,193.0,2.75
261,2026-05-23 20:24:35,trade,exact,Matched,192.0,5.0
261,2026-05-23 20:24:35,position,api_position_matched,Matched,215.0,2.12
261,2026-05-23 20:24:35,position,api_position_matched,Matched,218.0,6.1
261,2026-05-23 20:24:35,position,api_position_resolved_matched,Matched,216.0,9.27
261,2026-05-23 20:24:35,position,api_position_matched,Matched,217.0,9.16
261,2026-05-23 20:24:35,position,api_position_matched,Matched,213.0,8.97
261,2026-05-23 20:24:35,position,api_position_resolved_matched,Matched,206.0,0.0
261,2026-05-23 20:24:35,position,api_position_resolved_matched,Matched,210.0,0.0
261,2026-05-23 20:24:35,position,api_position_resolved_matched,Matched,197.0,0.0
261,2026-05-23 20:24:35,position,api_position_matched,Matched,214.0,1.58
262,2026-05-23 20:24:37,trade,exact,Matched,218.0,8.06
262,2026-05-23 20:24:37,trade,exact,Matched,217.0,8.06
262,2026-05-23 20:24:37,trade,exact,Matched,216.0,8.0
262,2026-05-23 20:24:37,trade,exact,Matched,215.0,8.06
262,2026-05-23 20:24:37,trade,exact,Matched,214.0,1.17
262,2026-05-23 20:24:37,trade,exact,Matched,213.0,8.06
262,2026-05-23 20:24:37,trade,exact,Matched,212.0,5.26
262,2026-05-23 20:24:37,trade,exact,Matched,211.0,5.11
262,2026-05-23 20:24:37,trade,exact,Matched,210.0,5.07
262,2026-05-23 20:24:37,trade,exact,Matched,209.0,2.5
262,2026-05-23 20:24:37,trade,exact,Matched,208.0,2.57
262,2026-05-23 20:24:37,trade,exact,Matched,207.0,5.25
262,2026-05-23 20:24:37,trade,exact,Matched,206.0,5.26
262,2026-05-23 20:24:37,trade,exact,Matched,205.0,1.96
262,2026-05-23 20:24:37,trade,exact,Matched,204.0,4.41
262,2026-05-23 20:24:37,trade,exact,Matched,203.0,1.73
262,2026-05-23 20:24:37,trade,exact,Matched,202.0,1.8
262,2026-05-23 20:24:37,trade,exact,Matched,201.0,4.5
262,2026-05-23 20:24:37,trade,exact,Matched,200.0,4.5
262,2026-05-23 20:24:37,trade,exact,Matched,199.0,4.5
262,2026-05-23 20:24:37,trade,exact,Matched,198.0,4.73
262,2026-05-23 20:24:37,trade,exact,Matched,197.0,4.74
262,2026-05-23 20:24:37,trade,exact,Matched,196.0,4.68
262,2026-05-23 20:24:37,trade,exact,Matched,195.0,4.74
262,2026-05-23 20:24:37,trade,exact,Matched,194.0,1.85
262,2026-05-23 20:24:37,trade,exact,Matched,193.0,2.75
262,2026-05-23 20:24:37,trade,exact,Matched,192.0,5.0
262,2026-05-23 20:24:37,position,api_position_matched,Matched,215.0,2.12
262,2026-05-23 20:24:37,position,api_position_matched,Matched,218.0,6.1
262,2026-05-23 20:24:37,position,api_position_resolved_matched,Matched,216.0,9.27
262,2026-05-23 20:24:37,position,api_position_matched,Matched,217.0,9.16
262,2026-05-23 20:24:37,position,api_position_resolved_matched,Matched,213.0,8.97
262,2026-05-23 20:24:37,position,api_position_resolved_matched,Matched,206.0,0.0
262,2026-05-23 20:24:37,position,api_position_resolved_matched,Matched,210.0,0.0
262,2026-05-23 20:24:37,position,api_position_resolved_matched,Matched,197.0,0.0
262,2026-05-23 20:24:37,position,api_position_matched,Matched,214.0,1.58
263,2026-05-23 20:34:35,trade,exact,Matched,218.0,8.06
263,2026-05-23 20:34:35,trade,exact,Matched,217.0,8.06
263,2026-05-23 20:34:35,trade,exact,Matched,216.0,8.0
263,2026-05-23 20:34:35,trade,exact,Matched,215.0,8.06
263,2026-05-23 20:34:35,trade,exact,Matched,214.0,1.17
263,2026-05-23 20:34:35,trade,exact,Matched,213.0,8.06
263,2026-05-23 20:34:35,trade,exact,Matched,212.0,5.26
263,2026-05-23 20:34:35,trade,exact,Matched,211.0,5.11
263,2026-05-23 20:34:35,trade,exact,Matched,210.0,5.07
263,2026-05-23 20:34:35,trade,exact,Matched,209.0,2.5
263,2026-05-23 20:34:35,trade,exact,Matched,208.0,2.57
263,2026-05-23 20:34:35,trade,exact,Matched,207.0,5.25
263,2026-05-23 20:34:35,trade,exact,Matched,206.0,5.26
263,2026-05-23 20:34:35,trade,exact,Matched,205.0,1.96
263,2026-05-23 20:34:35,trade,exact,Matched,204.0,4.41
263,2026-05-23 20:34:35,trade,exact,Matched,203.0,1.73
263,2026-05-23 20:34:35,trade,exact,Matched,202.0,1.8
263,2026-05-23 20:34:35,trade,exact,Matched,201.0,4.5
263,2026-05-23 20:34:35,trade,exact,Matched,200.0,4.5
263,2026-05-23 20:34:35,trade,exact,Matched,199.0,4.5
263,2026-05-23 20:34:35,trade,exact,Matched,198.0,4.73
263,2026-05-23 20:34:35,trade,exact,Matched,197.0,4.74
263,2026-05-23 20:34:35,trade,exact,Matched,196.0,4.68
263,2026-05-23 20:34:35,trade,exact,Matched,195.0,4.74
263,2026-05-23 20:34:35,trade,exact,Matched,194.0,1.85
263,2026-05-23 20:34:35,trade,exact,Matched,193.0,2.75
263,2026-05-23 20:34:35,trade,exact,Matched,192.0,5.0
263,2026-05-23 20:34:35,position,api_position_matched,Matched,215.0,1.64
263,2026-05-23 20:34:35,position,api_position_matched,Matched,218.0,5.76
263,2026-05-23 20:34:35,position,api_position_resolved_matched,Matched,217.0,9.16
263,2026-05-23 20:34:35,position,api_position_resolved_matched,Matched,213.0,8.97
263,2026-05-23 20:34:35,position,api_position_resolved_matched,Matched,206.0,0.0
263,2026-05-23 20:34:35,position,api_position_resolved_matched,Matched,210.0,0.0
263,2026-05-23 20:34:35,position,api_position_resolved_matched,Matched,197.0,0.0
263,2026-05-23 20:34:35,position,api_position_matched,Matched,214.0,1.58
264,2026-05-23 20:34:35,trade,exact,Matched,218.0,8.06
264,2026-05-23 20:34:35,trade,exact,Matched,217.0,8.06
264,2026-05-23 20:34:35,trade,exact,Matched,216.0,8.0
264,2026-05-23 20:34:35,trade,exact,Matched,215.0,8.06
264,2026-05-23 20:34:35,trade,exact,Matched,214.0,1.17
264,2026-05-23 20:34:35,trade,exact,Matched,213.0,8.06
264,2026-05-23 20:34:35,trade,exact,Matched,212.0,5.26
264,2026-05-23 20:34:35,trade,exact,Matched,211.0,5.11
264,2026-05-23 20:34:35,trade,exact,Matched,210.0,5.07
264,2026-05-23 20:34:35,trade,exact,Matched,209.0,2.5
264,2026-05-23 20:34:35,trade,exact,Matched,208.0,2.57
264,2026-05-23 20:34:35,trade,exact,Matched,207.0,5.25
264,2026-05-23 20:34:35,trade,exact,Matched,206.0,5.26
264,2026-05-23 20:34:35,trade,exact,Matched,205.0,1.96
264,2026-05-23 20:34:35,trade,exact,Matched,204.0,4.41
264,2026-05-23 20:34:35,trade,exact,Matched,203.0,1.73
264,2026-05-23 20:34:35,trade,exact,Matched,202.0,1.8
264,2026-05-23 20:34:35,trade,exact,Matched,201.0,4.5
264,2026-05-23 20:34:35,trade,exact,Matched,200.0,4.5
264,2026-05-23 20:34:35,trade,exact,Matched,199.0,4.5
264,2026-05-23 20:34:35,trade,exact,Matched,198.0,4.73
264,2026-05-23 20:34:35,trade,exact,Matched,197.0,4.74
264,2026-05-23 20:34:35,trade,exact,Matched,196.0,4.68
264,2026-05-23 20:34:35,trade,exact,Matched,195.0,4.74
264,2026-05-23 20:34:35,trade,exact,Matched,194.0,1.85
264,2026-05-23 20:34:35,trade,exact,Matched,193.0,2.75
264,2026-05-23 20:34:35,trade,exact,Matched,192.0,5.0
264,2026-05-23 20:34:35,position,api_position_matched,Matched,215.0,1.64
264,2026-05-23 20:34:35,position,api_position_matched,Matched,218.0,5.76
264,2026-05-23 20:34:35,position,api_position_resolved_matched,Matched,217.0,9.16
264,2026-05-23 20:34:35,position,api_position_resolved_matched,Matched,213.0,8.97
264,2026-05-23 20:34:35,position,api_position_resolved_matched,Matched,206.0,0.0
264,2026-05-23 20:34:35,position,api_position_resolved_matched,Matched,210.0,0.0
264,2026-05-23 20:34:35,position,api_position_resolved_matched,Matched,197.0,0.0
264,2026-05-23 20:34:35,position,api_position_matched,Matched,214.0,1.58
265,2026-05-23 20:44:35,trade,exact,Matched,218.0,8.06
265,2026-05-23 20:44:35,trade,exact,Matched,217.0,8.06
265,2026-05-23 20:44:35,trade,exact,Matched,216.0,8.0
265,2026-05-23 20:44:35,trade,exact,Matched,215.0,8.06
265,2026-05-23 20:44:35,trade,exact,Matched,214.0,1.17
265,2026-05-23 20:44:35,trade,exact,Matched,213.0,8.06
265,2026-05-23 20:44:35,trade,exact,Matched,212.0,5.26
265,2026-05-23 20:44:35,trade,exact,Matched,211.0,5.11
265,2026-05-23 20:44:35,trade,exact,Matched,210.0,5.07
265,2026-05-23 20:44:35,trade,exact,Matched,209.0,2.5
265,2026-05-23 20:44:35,trade,exact,Matched,208.0,2.57
265,2026-05-23 20:44:35,trade,exact,Matched,207.0,5.25
265,2026-05-23 20:44:35,trade,exact,Matched,206.0,5.26
265,2026-05-23 20:44:35,trade,exact,Matched,205.0,1.96
265,2026-05-23 20:44:35,trade,exact,Matched,204.0,4.41
265,2026-05-23 20:44:35,trade,exact,Matched,203.0,1.73
265,2026-05-23 20:44:35,trade,exact,Matched,202.0,1.8
265,2026-05-23 20:44:35,trade,exact,Matched,201.0,4.5
265,2026-05-23 20:44:35,trade,exact,Matched,200.0,4.5
265,2026-05-23 20:44:35,trade,exact,Matched,199.0,4.5
265,2026-05-23 20:44:35,trade,exact,Matched,198.0,4.73
265,2026-05-23 20:44:35,trade,exact,Matched,197.0,4.74
265,2026-05-23 20:44:35,trade,exact,Matched,196.0,4.68
265,2026-05-23 20:44:35,trade,exact,Matched,195.0,4.74
265,2026-05-23 20:44:35,trade,exact,Matched,194.0,1.85
265,2026-05-23 20:44:35,trade,exact,Matched,193.0,2.75
265,2026-05-23 20:44:35,trade,exact,Matched,192.0,5.0
265,2026-05-23 20:44:35,position,api_position_matched,Matched,215.0,2.55
265,2026-05-23 20:44:35,position,api_position_matched,Matched,218.0,5.38
265,2026-05-23 20:44:35,position,api_position_resolved_matched,Matched,213.0,8.97
265,2026-05-23 20:44:35,position,api_position_resolved_matched,Matched,206.0,0.0
265,2026-05-23 20:44:35,position,api_position_resolved_matched,Matched,210.0,0.0
265,2026-05-23 20:44:35,position,api_position_resolved_matched,Matched,197.0,0.0
265,2026-05-23 20:44:35,position,api_position_matched,Matched,214.0,1.58
266,2026-05-23 20:44:36,trade,exact,Matched,218.0,8.06
266,2026-05-23 20:44:36,trade,exact,Matched,217.0,8.06
266,2026-05-23 20:44:36,trade,exact,Matched,216.0,8.0
266,2026-05-23 20:44:36,trade,exact,Matched,215.0,8.06
266,2026-05-23 20:44:36,trade,exact,Matched,214.0,1.17
266,2026-05-23 20:44:36,trade,exact,Matched,213.0,8.06
266,2026-05-23 20:44:36,trade,exact,Matched,212.0,5.26
266,2026-05-23 20:44:36,trade,exact,Matched,211.0,5.11
266,2026-05-23 20:44:36,trade,exact,Matched,210.0,5.07
266,2026-05-23 20:44:36,trade,exact,Matched,209.0,2.5
266,2026-05-23 20:44:36,trade,exact,Matched,208.0,2.57
266,2026-05-23 20:44:36,trade,exact,Matched,207.0,5.25
266,2026-05-23 20:44:36,trade,exact,Matched,206.0,5.26
266,2026-05-23 20:44:36,trade,exact,Matched,205.0,1.96
266,2026-05-23 20:44:36,trade,exact,Matched,204.0,4.41
266,2026-05-23 20:44:36,trade,exact,Matched,203.0,1.73
266,2026-05-23 20:44:36,trade,exact,Matched,202.0,1.8
266,2026-05-23 20:44:36,trade,exact,Matched,201.0,4.5
266,2026-05-23 20:44:36,trade,exact,Matched,200.0,4.5
266,2026-05-23 20:44:36,trade,exact,Matched,199.0,4.5
266,2026-05-23 20:44:36,trade,exact,Matched,198.0,4.73
266,2026-05-23 20:44:36,trade,exact,Matched,197.0,4.74
266,2026-05-23 20:44:36,trade,exact,Matched,196.0,4.68
266,2026-05-23 20:44:36,trade,exact,Matched,195.0,4.74
266,2026-05-23 20:44:36,trade,exact,Matched,194.0,1.85
266,2026-05-23 20:44:36,trade,exact,Matched,193.0,2.75
266,2026-05-23 20:44:36,trade,exact,Matched,192.0,5.0
266,2026-05-23 20:44:36,position,api_position_matched,Matched,215.0,2.55
266,2026-05-23 20:44:36,position,api_position_matched,Matched,218.0,5.38
266,2026-05-23 20:44:36,position,api_position_resolved_matched,Matched,213.0,8.97
266,2026-05-23 20:44:36,position,api_position_resolved_matched,Matched,206.0,0.0
266,2026-05-23 20:44:36,position,api_position_resolved_matched,Matched,210.0,0.0
266,2026-05-23 20:44:36,position,api_position_resolved_matched,Matched,197.0,0.0
266,2026-05-23 20:44:36,position,api_position_matched,Matched,214.0,1.58
267,2026-05-23 20:54:37,trade,exact,Matched,218.0,8.06
267,2026-05-23 20:54:37,trade,exact,Matched,217.0,8.06
267,2026-05-23 20:54:37,trade,exact,Matched,216.0,8.0
267,2026-05-23 20:54:37,trade,exact,Matched,215.0,8.06
267,2026-05-23 20:54:37,trade,exact,Matched,214.0,1.17
267,2026-05-23 20:54:37,trade,exact,Matched,213.0,8.06
267,2026-05-23 20:54:37,trade,exact,Matched,212.0,5.26
267,2026-05-23 20:54:37,trade,exact,Matched,211.0,5.11
267,2026-05-23 20:54:37,trade,exact,Matched,210.0,5.07
267,2026-05-23 20:54:37,trade,exact,Matched,209.0,2.5
267,2026-05-23 20:54:37,trade,exact,Matched,208.0,2.57
267,2026-05-23 20:54:37,trade,exact,Matched,207.0,5.25
267,2026-05-23 20:54:37,trade,exact,Matched,206.0,5.26
267,2026-05-23 20:54:37,trade,exact,Matched,205.0,1.96
267,2026-05-23 20:54:37,trade,exact,Matched,204.0,4.41
267,2026-05-23 20:54:37,trade,exact,Matched,203.0,1.73
267,2026-05-23 20:54:37,trade,exact,Matched,202.0,1.8
267,2026-05-23 20:54:37,trade,exact,Matched,201.0,4.5
267,2026-05-23 20:54:37,trade,exact,Matched,200.0,4.5
267,2026-05-23 20:54:37,trade,exact,Matched,199.0,4.5
267,2026-05-23 20:54:37,trade,exact,Matched,198.0,4.73
267,2026-05-23 20:54:37,trade,exact,Matched,197.0,4.74
267,2026-05-23 20:54:37,trade,exact,Matched,196.0,4.68
267,2026-05-23 20:54:37,trade,exact,Matched,195.0,4.74
267,2026-05-23 20:54:37,trade,exact,Matched,194.0,1.85
267,2026-05-23 20:54:37,trade,exact,Matched,193.0,2.75
267,2026-05-23 20:54:37,trade,exact,Matched,192.0,5.0
267,2026-05-23 20:54:37,position,api_position_matched,Matched,215.0,3.02
267,2026-05-23 20:54:37,position,api_position_matched,Matched,218.0,5.38
267,2026-05-23 20:54:37,position,api_position_resolved_matched,Matched,206.0,0.0
267,2026-05-23 20:54:37,position,api_position_resolved_matched,Matched,210.0,0.0
267,2026-05-23 20:54:37,position,api_position_resolved_matched,Matched,197.0,0.0
267,2026-05-23 20:54:37,position,api_position_matched,Matched,214.0,1.58
268,2026-05-23 21:04:34,trade,exact,Matched,218.0,8.06
268,2026-05-23 21:04:34,trade,exact,Matched,217.0,8.06
268,2026-05-23 21:04:34,trade,exact,Matched,216.0,8.0
268,2026-05-23 21:04:34,trade,exact,Matched,215.0,8.06
268,2026-05-23 21:04:34,trade,exact,Matched,214.0,1.17
268,2026-05-23 21:04:34,trade,exact,Matched,213.0,8.06
268,2026-05-23 21:04:34,trade,exact,Matched,212.0,5.26
268,2026-05-23 21:04:34,trade,exact,Matched,211.0,5.11
268,2026-05-23 21:04:34,trade,exact,Matched,210.0,5.07
268,2026-05-23 21:04:34,trade,exact,Matched,209.0,2.5
268,2026-05-23 21:04:34,trade,exact,Matched,208.0,2.57
268,2026-05-23 21:04:34,trade,exact,Matched,207.0,5.25
268,2026-05-23 21:04:34,trade,exact,Matched,206.0,5.26
268,2026-05-23 21:04:34,trade,exact,Matched,205.0,1.96
268,2026-05-23 21:04:34,trade,exact,Matched,204.0,4.41
268,2026-05-23 21:04:34,trade,exact,Matched,203.0,1.73
268,2026-05-23 21:04:34,trade,exact,Matched,202.0,1.8
268,2026-05-23 21:04:34,trade,exact,Matched,201.0,4.5
268,2026-05-23 21:04:34,trade,exact,Matched,200.0,4.5
268,2026-05-23 21:04:34,trade,exact,Matched,199.0,4.5
268,2026-05-23 21:04:34,trade,exact,Matched,198.0,4.73
268,2026-05-23 21:04:34,trade,exact,Matched,197.0,4.74
268,2026-05-23 21:04:34,trade,exact,Matched,196.0,4.68
268,2026-05-23 21:04:34,trade,exact,Matched,195.0,4.74
268,2026-05-23 21:04:34,trade,exact,Matched,194.0,1.85
268,2026-05-23 21:04:34,trade,exact,Matched,193.0,2.75
268,2026-05-23 21:04:34,trade,exact,Matched,192.0,5.0
268,2026-05-23 21:04:34,position,api_position_matched,Matched,215.0,0.27
268,2026-05-23 21:04:34,position,api_position_matched,Matched,218.0,5.76
268,2026-05-23 21:04:34,position,api_position_resolved_matched,Matched,206.0,0.0
268,2026-05-23 21:04:34,position,api_position_resolved_matched,Matched,210.0,0.0
268,2026-05-23 21:04:34,position,api_position_resolved_matched,Matched,197.0,0.0
268,2026-05-23 21:04:34,position,api_position_matched,Matched,214.0,1.58
269,2026-05-23 21:14:34,trade,exact,Matched,218.0,8.06
269,2026-05-23 21:14:34,trade,exact,Matched,217.0,8.06
269,2026-05-23 21:14:34,trade,exact,Matched,216.0,8.0
269,2026-05-23 21:14:34,trade,exact,Matched,215.0,8.06
269,2026-05-23 21:14:34,trade,exact,Matched,214.0,1.17
269,2026-05-23 21:14:34,trade,exact,Matched,213.0,8.06
269,2026-05-23 21:14:34,trade,exact,Matched,212.0,5.26
269,2026-05-23 21:14:34,trade,exact,Matched,211.0,5.11
269,2026-05-23 21:14:34,trade,exact,Matched,210.0,5.07
269,2026-05-23 21:14:34,trade,exact,Matched,209.0,2.5
269,2026-05-23 21:14:34,trade,exact,Matched,208.0,2.57
269,2026-05-23 21:14:34,trade,exact,Matched,207.0,5.25
269,2026-05-23 21:14:34,trade,exact,Matched,206.0,5.26
269,2026-05-23 21:14:34,trade,exact,Matched,205.0,1.96
269,2026-05-23 21:14:34,trade,exact,Matched,204.0,4.41
269,2026-05-23 21:14:34,trade,exact,Matched,203.0,1.73
269,2026-05-23 21:14:34,trade,exact,Matched,202.0,1.8
269,2026-05-23 21:14:34,trade,exact,Matched,201.0,4.5
269,2026-05-23 21:14:34,trade,exact,Matched,200.0,4.5
269,2026-05-23 21:14:34,trade,exact,Matched,199.0,4.5
269,2026-05-23 21:14:34,trade,exact,Matched,198.0,4.73
269,2026-05-23 21:14:34,trade,exact,Matched,197.0,4.74
269,2026-05-23 21:14:34,trade,exact,Matched,196.0,4.68
269,2026-05-23 21:14:34,trade,exact,Matched,195.0,4.74
269,2026-05-23 21:14:34,trade,exact,Matched,194.0,1.85
269,2026-05-23 21:14:34,trade,exact,Matched,193.0,2.75
269,2026-05-23 21:14:34,trade,exact,Matched,192.0,5.0
269,2026-05-23 21:14:34,position,api_position_matched,Matched,215.0,0.28
269,2026-05-23 21:14:34,position,api_position_matched,Matched,218.0,5.76
269,2026-05-23 21:14:34,position,api_position_resolved_matched,Matched,206.0,0.0
269,2026-05-23 21:14:34,position,api_position_resolved_matched,Matched,210.0,0.0
269,2026-05-23 21:14:34,position,api_position_resolved_matched,Matched,197.0,0.0
269,2026-05-23 21:14:34,position,api_position_matched,Matched,214.0,1.58
270,2026-05-23 21:24:34,trade,exact,Matched,218.0,8.06
270,2026-05-23 21:24:34,trade,exact,Matched,217.0,8.06
270,2026-05-23 21:24:34,trade,exact,Matched,216.0,8.0
270,2026-05-23 21:24:34,trade,exact,Matched,215.0,8.06
270,2026-05-23 21:24:34,trade,exact,Matched,214.0,1.17
270,2026-05-23 21:24:34,trade,exact,Matched,213.0,8.06
270,2026-05-23 21:24:34,trade,exact,Matched,212.0,5.26
270,2026-05-23 21:24:34,trade,exact,Matched,211.0,5.11
270,2026-05-23 21:24:34,trade,exact,Matched,210.0,5.07
270,2026-05-23 21:24:34,trade,exact,Matched,209.0,2.5
270,2026-05-23 21:24:34,trade,exact,Matched,208.0,2.57
270,2026-05-23 21:24:34,trade,exact,Matched,207.0,5.25
270,2026-05-23 21:24:34,trade,exact,Matched,206.0,5.26
270,2026-05-23 21:24:34,trade,exact,Matched,205.0,1.96
270,2026-05-23 21:24:34,trade,exact,Matched,204.0,4.41
270,2026-05-23 21:24:34,trade,exact,Matched,203.0,1.73
270,2026-05-23 21:24:34,trade,exact,Matched,202.0,1.8
270,2026-05-23 21:24:34,trade,exact,Matched,201.0,4.5
270,2026-05-23 21:24:34,trade,exact,Matched,200.0,4.5
270,2026-05-23 21:24:34,trade,exact,Matched,199.0,4.5
270,2026-05-23 21:24:34,trade,exact,Matched,198.0,4.73
270,2026-05-23 21:24:34,trade,exact,Matched,197.0,4.74
270,2026-05-23 21:24:34,trade,exact,Matched,196.0,4.68
270,2026-05-23 21:24:34,trade,exact,Matched,195.0,4.74
270,2026-05-23 21:24:34,trade,exact,Matched,194.0,1.85
270,2026-05-23 21:24:34,trade,exact,Matched,193.0,2.75
270,2026-05-23 21:24:34,trade,exact,Matched,192.0,5.0
270,2026-05-23 21:24:34,position,api_position_matched,Matched,215.0,0.28
270,2026-05-23 21:24:34,position,api_position_matched,Matched,218.0,7.92
270,2026-05-23 21:24:34,position,api_position_resolved_matched,Matched,206.0,0.0
270,2026-05-23 21:24:34,position,api_position_resolved_matched,Matched,210.0,0.0
270,2026-05-23 21:24:34,position,api_position_resolved_matched,Matched,197.0,0.0
270,2026-05-23 21:24:34,position,api_position_matched,Matched,214.0,1.58
271,2026-05-23 21:34:34,trade,exact,Matched,218.0,8.06
271,2026-05-23 21:34:34,trade,exact,Matched,217.0,8.06
271,2026-05-23 21:34:34,trade,exact,Matched,216.0,8.0
271,2026-05-23 21:34:34,trade,exact,Matched,215.0,8.06
271,2026-05-23 21:34:34,trade,exact,Matched,214.0,1.17
271,2026-05-23 21:34:34,trade,exact,Matched,213.0,8.06
271,2026-05-23 21:34:34,trade,exact,Matched,212.0,5.26
271,2026-05-23 21:34:34,trade,exact,Matched,211.0,5.11
271,2026-05-23 21:34:34,trade,exact,Matched,210.0,5.07
271,2026-05-23 21:34:34,trade,exact,Matched,209.0,2.5
271,2026-05-23 21:34:34,trade,exact,Matched,208.0,2.57
271,2026-05-23 21:34:34,trade,exact,Matched,207.0,5.25
271,2026-05-23 21:34:34,trade,exact,Matched,206.0,5.26
271,2026-05-23 21:34:34,trade,exact,Matched,205.0,1.96
271,2026-05-23 21:34:34,trade,exact,Matched,204.0,4.41
271,2026-05-23 21:34:34,trade,exact,Matched,203.0,1.73
271,2026-05-23 21:34:34,trade,exact,Matched,202.0,1.8
271,2026-05-23 21:34:34,trade,exact,Matched,201.0,4.5
271,2026-05-23 21:34:34,trade,exact,Matched,200.0,4.5
271,2026-05-23 21:34:34,trade,exact,Matched,199.0,4.5
271,2026-05-23 21:34:34,trade,exact,Matched,198.0,4.73
271,2026-05-23 21:34:34,trade,exact,Matched,197.0,4.74
271,2026-05-23 21:34:34,trade,exact,Matched,196.0,4.68
271,2026-05-23 21:34:34,trade,exact,Matched,195.0,4.74
271,2026-05-23 21:34:34,trade,exact,Matched,194.0,1.85
271,2026-05-23 21:34:34,trade,exact,Matched,193.0,2.75
271,2026-05-23 21:34:34,trade,exact,Matched,192.0,5.0
271,2026-05-23 21:34:34,position,api_position_matched,Matched,215.0,0.22
271,2026-05-23 21:34:34,position,api_position_matched,Matched,218.0,7.92
271,2026-05-23 21:34:34,position,api_position_resolved_matched,Matched,206.0,0.0
271,2026-05-23 21:34:34,position,api_position_resolved_matched,Matched,210.0,0.0
271,2026-05-23 21:34:34,position,api_position_resolved_matched,Matched,197.0,0.0
271,2026-05-23 21:34:34,position,api_position_matched,Matched,214.0,1.58
272,2026-05-23 21:44:34,trade,exact,Matched,218.0,8.06
272,2026-05-23 21:44:34,trade,exact,Matched,217.0,8.06
272,2026-05-23 21:44:34,trade,exact,Matched,216.0,8.0
272,2026-05-23 21:44:34,trade,exact,Matched,215.0,8.06
272,2026-05-23 21:44:34,trade,exact,Matched,214.0,1.17
272,2026-05-23 21:44:34,trade,exact,Matched,213.0,8.06
272,2026-05-23 21:44:34,trade,exact,Matched,212.0,5.26
272,2026-05-23 21:44:34,trade,exact,Matched,211.0,5.11
272,2026-05-23 21:44:34,trade,exact,Matched,210.0,5.07
272,2026-05-23 21:44:34,trade,exact,Matched,209.0,2.5
272,2026-05-23 21:44:34,trade,exact,Matched,208.0,2.57
272,2026-05-23 21:44:34,trade,exact,Matched,207.0,5.25
272,2026-05-23 21:44:34,trade,exact,Matched,206.0,5.26
272,2026-05-23 21:44:34,trade,exact,Matched,205.0,1.96
272,2026-05-23 21:44:34,trade,exact,Matched,204.0,4.41
272,2026-05-23 21:44:34,trade,exact,Matched,203.0,1.73
272,2026-05-23 21:44:34,trade,exact,Matched,202.0,1.8
272,2026-05-23 21:44:34,trade,exact,Matched,201.0,4.5
272,2026-05-23 21:44:34,trade,exact,Matched,200.0,4.5
272,2026-05-23 21:44:34,trade,exact,Matched,199.0,4.5
272,2026-05-23 21:44:34,trade,exact,Matched,198.0,4.73
272,2026-05-23 21:44:34,trade,exact,Matched,197.0,4.74
272,2026-05-23 21:44:34,trade,exact,Matched,196.0,4.68
272,2026-05-23 21:44:34,trade,exact,Matched,195.0,4.74
272,2026-05-23 21:44:34,trade,exact,Matched,194.0,1.85
272,2026-05-23 21:44:34,trade,exact,Matched,193.0,2.75
272,2026-05-23 21:44:34,trade,exact,Matched,192.0,5.0
272,2026-05-23 21:44:34,position,api_position_matched,Matched,215.0,0.13
272,2026-05-23 21:44:34,position,api_position_matched,Matched,218.0,8.16
272,2026-05-23 21:44:34,position,api_position_resolved_matched,Matched,206.0,0.0
272,2026-05-23 21:44:34,position,api_position_resolved_matched,Matched,210.0,0.0
272,2026-05-23 21:44:34,position,api_position_resolved_matched,Matched,197.0,0.0
272,2026-05-23 21:44:34,position,api_position_resolved_matched,Matched,214.0,1.58
273,2026-05-23 21:44:36,trade,exact,Matched,218.0,8.06
273,2026-05-23 21:44:36,trade,exact,Matched,217.0,8.06
273,2026-05-23 21:44:36,trade,exact,Matched,216.0,8.0
273,2026-05-23 21:44:36,trade,exact,Matched,215.0,8.06
273,2026-05-23 21:44:36,trade,exact,Matched,214.0,1.17
273,2026-05-23 21:44:36,trade,exact,Matched,213.0,8.06
273,2026-05-23 21:44:36,trade,exact,Matched,212.0,5.26
273,2026-05-23 21:44:36,trade,exact,Matched,211.0,5.11
273,2026-05-23 21:44:36,trade,exact,Matched,210.0,5.07
273,2026-05-23 21:44:36,trade,exact,Matched,209.0,2.5
273,2026-05-23 21:44:36,trade,exact,Matched,208.0,2.57
273,2026-05-23 21:44:36,trade,exact,Matched,207.0,5.25
273,2026-05-23 21:44:36,trade,exact,Matched,206.0,5.26
273,2026-05-23 21:44:36,trade,exact,Matched,205.0,1.96
273,2026-05-23 21:44:36,trade,exact,Matched,204.0,4.41
273,2026-05-23 21:44:36,trade,exact,Matched,203.0,1.73
273,2026-05-23 21:44:36,trade,exact,Matched,202.0,1.8
273,2026-05-23 21:44:36,trade,exact,Matched,201.0,4.5
273,2026-05-23 21:44:36,trade,exact,Matched,200.0,4.5
273,2026-05-23 21:44:36,trade,exact,Matched,199.0,4.5
273,2026-05-23 21:44:36,trade,exact,Matched,198.0,4.73
273,2026-05-23 21:44:36,trade,exact,Matched,197.0,4.74
273,2026-05-23 21:44:36,trade,exact,Matched,196.0,4.68
273,2026-05-23 21:44:36,trade,exact,Matched,195.0,4.74
273,2026-05-23 21:44:36,trade,exact,Matched,194.0,1.85
273,2026-05-23 21:44:36,trade,exact,Matched,193.0,2.75
273,2026-05-23 21:44:36,trade,exact,Matched,192.0,5.0
273,2026-05-23 21:44:36,position,api_position_matched,Matched,215.0,0.13
273,2026-05-23 21:44:36,position,api_position_matched,Matched,218.0,8.16
273,2026-05-23 21:44:36,position,api_position_resolved_matched,Matched,206.0,0.0
273,2026-05-23 21:44:36,position,api_position_resolved_matched,Matched,210.0,0.0
273,2026-05-23 21:44:36,position,api_position_resolved_matched,Matched,197.0,0.0
273,2026-05-23 21:44:36,position,api_position_resolved_matched,Matched,214.0,1.58
274,2026-05-23 21:54:34,trade,exact,Matched,218.0,8.06
274,2026-05-23 21:54:34,trade,exact,Matched,217.0,8.06
274,2026-05-23 21:54:34,trade,exact,Matched,216.0,8.0
274,2026-05-23 21:54:34,trade,exact,Matched,215.0,8.06
274,2026-05-23 21:54:34,trade,exact,Matched,214.0,1.17
274,2026-05-23 21:54:34,trade,exact,Matched,213.0,8.06
274,2026-05-23 21:54:34,trade,exact,Matched,212.0,5.26
274,2026-05-23 21:54:34,trade,exact,Matched,211.0,5.11
274,2026-05-23 21:54:34,trade,exact,Matched,210.0,5.07
274,2026-05-23 21:54:34,trade,exact,Matched,209.0,2.5
274,2026-05-23 21:54:34,trade,exact,Matched,208.0,2.57
274,2026-05-23 21:54:34,trade,exact,Matched,207.0,5.25
274,2026-05-23 21:54:34,trade,exact,Matched,206.0,5.26
274,2026-05-23 21:54:34,trade,exact,Matched,205.0,1.96
274,2026-05-23 21:54:34,trade,exact,Matched,204.0,4.41
274,2026-05-23 21:54:34,trade,exact,Matched,203.0,1.73
274,2026-05-23 21:54:34,trade,exact,Matched,202.0,1.8
274,2026-05-23 21:54:34,trade,exact,Matched,201.0,4.5
274,2026-05-23 21:54:34,trade,exact,Matched,200.0,4.5
274,2026-05-23 21:54:34,trade,exact,Matched,199.0,4.5
274,2026-05-23 21:54:34,trade,exact,Matched,198.0,4.73
274,2026-05-23 21:54:34,trade,exact,Matched,197.0,4.74
274,2026-05-23 21:54:34,trade,exact,Matched,196.0,4.68
274,2026-05-23 21:54:34,trade,exact,Matched,195.0,4.74
274,2026-05-23 21:54:34,trade,exact,Matched,194.0,1.85
274,2026-05-23 21:54:34,trade,exact,Matched,193.0,2.75
274,2026-05-23 21:54:34,trade,exact,Matched,192.0,5.0
274,2026-05-23 21:54:34,position,api_position_matched,Matched,215.0,0.08
274,2026-05-23 21:54:34,position,api_position_matched,Matched,218.0,7.63
274,2026-05-23 21:54:34,position,api_position_resolved_matched,Matched,206.0,0.0
274,2026-05-23 21:54:34,position,api_position_resolved_matched,Matched,210.0,0.0
274,2026-05-23 21:54:34,position,api_position_resolved_matched,Matched,197.0,0.0
275,2026-05-23 22:04:35,trade,exact,Matched,218.0,8.06
275,2026-05-23 22:04:35,trade,exact,Matched,217.0,8.06
275,2026-05-23 22:04:35,trade,exact,Matched,216.0,8.0
275,2026-05-23 22:04:35,trade,exact,Matched,215.0,8.06
275,2026-05-23 22:04:35,trade,exact,Matched,214.0,1.17
275,2026-05-23 22:04:35,trade,exact,Matched,213.0,8.06
275,2026-05-23 22:04:35,trade,exact,Matched,212.0,5.26
275,2026-05-23 22:04:35,trade,exact,Matched,211.0,5.11
275,2026-05-23 22:04:35,trade,exact,Matched,210.0,5.07
275,2026-05-23 22:04:35,trade,exact,Matched,209.0,2.5
275,2026-05-23 22:04:35,trade,exact,Matched,208.0,2.57
275,2026-05-23 22:04:35,trade,exact,Matched,207.0,5.25
275,2026-05-23 22:04:35,trade,exact,Matched,206.0,5.26
275,2026-05-23 22:04:35,trade,exact,Matched,205.0,1.96
275,2026-05-23 22:04:35,trade,exact,Matched,204.0,4.41
275,2026-05-23 22:04:35,trade,exact,Matched,203.0,1.73
275,2026-05-23 22:04:35,trade,exact,Matched,202.0,1.8
275,2026-05-23 22:04:35,trade,exact,Matched,201.0,4.5
275,2026-05-23 22:04:35,trade,exact,Matched,200.0,4.5
275,2026-05-23 22:04:35,trade,exact,Matched,199.0,4.5
275,2026-05-23 22:04:35,trade,exact,Matched,198.0,4.73
275,2026-05-23 22:04:35,trade,exact,Matched,197.0,4.74
275,2026-05-23 22:04:35,trade,exact,Matched,196.0,4.68
275,2026-05-23 22:04:35,trade,exact,Matched,195.0,4.74
275,2026-05-23 22:04:35,trade,exact,Matched,194.0,1.85
275,2026-05-23 22:04:35,trade,exact,Matched,193.0,2.75
275,2026-05-23 22:04:35,trade,exact,Matched,192.0,5.0
275,2026-05-23 22:04:35,position,api_position_matched,Matched,215.0,0.03
275,2026-05-23 22:04:35,position,api_position_matched,Matched,218.0,7.78
275,2026-05-23 22:04:35,position,api_position_resolved_matched,Matched,206.0,0.0
275,2026-05-23 22:04:35,position,api_position_resolved_matched,Matched,210.0,0.0
275,2026-05-23 22:04:35,position,api_position_resolved_matched,Matched,197.0,0.0
276,2026-05-23 22:14:35,trade,exact,Matched,218.0,8.06
276,2026-05-23 22:14:35,trade,exact,Matched,217.0,8.06
276,2026-05-23 22:14:35,trade,exact,Matched,216.0,8.0
276,2026-05-23 22:14:35,trade,exact,Matched,215.0,8.06
276,2026-05-23 22:14:35,trade,exact,Matched,214.0,1.17
276,2026-05-23 22:14:35,trade,exact,Matched,213.0,8.06
276,2026-05-23 22:14:35,trade,exact,Matched,212.0,5.26
276,2026-05-23 22:14:35,trade,exact,Matched,211.0,5.11
276,2026-05-23 22:14:35,trade,exact,Matched,210.0,5.07
276,2026-05-23 22:14:35,trade,exact,Matched,209.0,2.5
276,2026-05-23 22:14:35,trade,exact,Matched,208.0,2.57
276,2026-05-23 22:14:35,trade,exact,Matched,207.0,5.25
276,2026-05-23 22:14:35,trade,exact,Matched,206.0,5.26
276,2026-05-23 22:14:35,trade,exact,Matched,205.0,1.96
276,2026-05-23 22:14:35,trade,exact,Matched,204.0,4.41
276,2026-05-23 22:14:35,trade,exact,Matched,203.0,1.73
276,2026-05-23 22:14:35,trade,exact,Matched,202.0,1.8
276,2026-05-23 22:14:35,trade,exact,Matched,201.0,4.5
276,2026-05-23 22:14:35,trade,exact,Matched,200.0,4.5
276,2026-05-23 22:14:35,trade,exact,Matched,199.0,4.5
276,2026-05-23 22:14:35,trade,exact,Matched,198.0,4.73
276,2026-05-23 22:14:35,trade,exact,Matched,197.0,4.74
276,2026-05-23 22:14:35,trade,exact,Matched,196.0,4.68
276,2026-05-23 22:14:35,trade,exact,Matched,195.0,4.74
276,2026-05-23 22:14:35,trade,exact,Matched,194.0,1.85
276,2026-05-23 22:14:35,trade,exact,Matched,193.0,2.75
276,2026-05-23 22:14:35,trade,exact,Matched,192.0,5.0
276,2026-05-23 22:14:35,position,api_position_matched,Matched,215.0,0.03
276,2026-05-23 22:14:35,position,api_position_matched,Matched,218.0,8.21
276,2026-05-23 22:14:35,position,api_position_resolved_matched,Matched,206.0,0.0
276,2026-05-23 22:14:35,position,api_position_resolved_matched,Matched,210.0,0.0
276,2026-05-23 22:14:35,position,api_position_resolved_matched,Matched,197.0,0.0
277,2026-05-23 22:24:35,trade,exact,Matched,218.0,8.06
277,2026-05-23 22:24:35,trade,exact,Matched,217.0,8.06
277,2026-05-23 22:24:35,trade,exact,Matched,216.0,8.0
277,2026-05-23 22:24:35,trade,exact,Matched,215.0,8.06
277,2026-05-23 22:24:35,trade,exact,Matched,214.0,1.17
277,2026-05-23 22:24:35,trade,exact,Matched,213.0,8.06
277,2026-05-23 22:24:35,trade,exact,Matched,212.0,5.26
277,2026-05-23 22:24:35,trade,exact,Matched,211.0,5.11
277,2026-05-23 22:24:35,trade,exact,Matched,210.0,5.07
277,2026-05-23 22:24:35,trade,exact,Matched,209.0,2.5
277,2026-05-23 22:24:35,trade,exact,Matched,208.0,2.57
277,2026-05-23 22:24:35,trade,exact,Matched,207.0,5.25
277,2026-05-23 22:24:35,trade,exact,Matched,206.0,5.26
277,2026-05-23 22:24:35,trade,exact,Matched,205.0,1.96
277,2026-05-23 22:24:35,trade,exact,Matched,204.0,4.41
277,2026-05-23 22:24:35,trade,exact,Matched,203.0,1.73
277,2026-05-23 22:24:35,trade,exact,Matched,202.0,1.8
277,2026-05-23 22:24:35,trade,exact,Matched,201.0,4.5
277,2026-05-23 22:24:35,trade,exact,Matched,200.0,4.5
277,2026-05-23 22:24:35,trade,exact,Matched,199.0,4.5
277,2026-05-23 22:24:35,trade,exact,Matched,198.0,4.73
277,2026-05-23 22:24:35,trade,exact,Matched,197.0,4.74
277,2026-05-23 22:24:35,trade,exact,Matched,196.0,4.68
277,2026-05-23 22:24:35,trade,exact,Matched,195.0,4.74
277,2026-05-23 22:24:35,trade,exact,Matched,194.0,1.85
277,2026-05-23 22:24:35,trade,exact,Matched,193.0,2.75
277,2026-05-23 22:24:35,trade,exact,Matched,192.0,5.0
277,2026-05-23 22:24:35,position,api_position_matched,Matched,215.0,0.03
277,2026-05-23 22:24:35,position,api_position_matched,Matched,218.0,8.21
277,2026-05-23 22:24:35,position,api_position_resolved_matched,Matched,206.0,0.0
277,2026-05-23 22:24:35,position,api_position_resolved_matched,Matched,210.0,0.0
277,2026-05-23 22:24:35,position,api_position_resolved_matched,Matched,197.0,0.0
278,2026-05-23 22:34:35,trade,exact,Matched,218.0,8.06
278,2026-05-23 22:34:35,trade,exact,Matched,217.0,8.06
278,2026-05-23 22:34:35,trade,exact,Matched,216.0,8.0
278,2026-05-23 22:34:35,trade,exact,Matched,215.0,8.06
278,2026-05-23 22:34:35,trade,exact,Matched,214.0,1.17
278,2026-05-23 22:34:35,trade,exact,Matched,213.0,8.06
278,2026-05-23 22:34:35,trade,exact,Matched,212.0,5.26
278,2026-05-23 22:34:35,trade,exact,Matched,211.0,5.11
278,2026-05-23 22:34:35,trade,exact,Matched,210.0,5.07
278,2026-05-23 22:34:35,trade,exact,Matched,209.0,2.5
278,2026-05-23 22:34:35,trade,exact,Matched,208.0,2.57
278,2026-05-23 22:34:35,trade,exact,Matched,207.0,5.25
278,2026-05-23 22:34:35,trade,exact,Matched,206.0,5.26
278,2026-05-23 22:34:35,trade,exact,Matched,205.0,1.96
278,2026-05-23 22:34:35,trade,exact,Matched,204.0,4.41
278,2026-05-23 22:34:35,trade,exact,Matched,203.0,1.73
278,2026-05-23 22:34:35,trade,exact,Matched,202.0,1.8
278,2026-05-23 22:34:35,trade,exact,Matched,201.0,4.5
278,2026-05-23 22:34:35,trade,exact,Matched,200.0,4.5
278,2026-05-23 22:34:35,trade,exact,Matched,199.0,4.5
278,2026-05-23 22:34:35,trade,exact,Matched,198.0,4.73
278,2026-05-23 22:34:35,trade,exact,Matched,197.0,4.74
278,2026-05-23 22:34:35,trade,exact,Matched,196.0,4.68
278,2026-05-23 22:34:35,trade,exact,Matched,195.0,4.74
278,2026-05-23 22:34:35,trade,exact,Matched,194.0,1.85
278,2026-05-23 22:34:35,trade,exact,Matched,193.0,2.75
278,2026-05-23 22:34:35,trade,exact,Matched,192.0,5.0
278,2026-05-23 22:34:35,position,api_position_matched,Matched,215.0,0.03
278,2026-05-23 22:34:35,position,api_position_matched,Matched,218.0,8.64
278,2026-05-23 22:34:35,position,api_position_resolved_matched,Matched,206.0,0.0
278,2026-05-23 22:34:35,position,api_position_resolved_matched,Matched,210.0,0.0
278,2026-05-23 22:34:35,position,api_position_resolved_matched,Matched,197.0,0.0
279,2026-05-23 22:44:35,trade,exact,Matched,218.0,8.06
279,2026-05-23 22:44:35,trade,exact,Matched,217.0,8.06
279,2026-05-23 22:44:35,trade,exact,Matched,216.0,8.0
279,2026-05-23 22:44:35,trade,exact,Matched,215.0,8.06
279,2026-05-23 22:44:35,trade,exact,Matched,214.0,1.17
279,2026-05-23 22:44:35,trade,exact,Matched,213.0,8.06
279,2026-05-23 22:44:35,trade,exact,Matched,212.0,5.26
279,2026-05-23 22:44:35,trade,exact,Matched,211.0,5.11
279,2026-05-23 22:44:35,trade,exact,Matched,210.0,5.07
279,2026-05-23 22:44:35,trade,exact,Matched,209.0,2.5
279,2026-05-23 22:44:35,trade,exact,Matched,208.0,2.57
279,2026-05-23 22:44:35,trade,exact,Matched,207.0,5.25
279,2026-05-23 22:44:35,trade,exact,Matched,206.0,5.26
279,2026-05-23 22:44:35,trade,exact,Matched,205.0,1.96
279,2026-05-23 22:44:35,trade,exact,Matched,204.0,4.41
279,2026-05-23 22:44:35,trade,exact,Matched,203.0,1.73
279,2026-05-23 22:44:35,trade,exact,Matched,202.0,1.8
279,2026-05-23 22:44:35,trade,exact,Matched,201.0,4.5
279,2026-05-23 22:44:35,trade,exact,Matched,200.0,4.5
279,2026-05-23 22:44:35,trade,exact,Matched,199.0,4.5
279,2026-05-23 22:44:35,trade,exact,Matched,198.0,4.73
279,2026-05-23 22:44:35,trade,exact,Matched,197.0,4.74
279,2026-05-23 22:44:35,trade,exact,Matched,196.0,4.68
279,2026-05-23 22:44:35,trade,exact,Matched,195.0,4.74
279,2026-05-23 22:44:35,trade,exact,Matched,194.0,1.85
279,2026-05-23 22:44:35,trade,exact,Matched,193.0,2.75
279,2026-05-23 22:44:35,trade,exact,Matched,192.0,5.0
279,2026-05-23 22:44:35,position,api_position_matched,Matched,215.0,0.05
279,2026-05-23 22:44:35,position,api_position_matched,Matched,218.0,7.87
279,2026-05-23 22:44:35,position,api_position_resolved_matched,Matched,206.0,0.0
279,2026-05-23 22:44:35,position,api_position_resolved_matched,Matched,210.0,0.0
279,2026-05-23 22:44:35,position,api_position_resolved_matched,Matched,197.0,0.0
280,2026-05-23 22:54:34,trade,exact,Matched,218.0,8.06
280,2026-05-23 22:54:34,trade,exact,Matched,217.0,8.06
280,2026-05-23 22:54:34,trade,exact,Matched,216.0,8.0
280,2026-05-23 22:54:34,trade,exact,Matched,215.0,8.06
280,2026-05-23 22:54:34,trade,exact,Matched,214.0,1.17
280,2026-05-23 22:54:34,trade,exact,Matched,213.0,8.06
280,2026-05-23 22:54:34,trade,exact,Matched,212.0,5.26
280,2026-05-23 22:54:34,trade,exact,Matched,211.0,5.11
280,2026-05-23 22:54:34,trade,exact,Matched,210.0,5.07
280,2026-05-23 22:54:34,trade,exact,Matched,209.0,2.5
280,2026-05-23 22:54:34,trade,exact,Matched,208.0,2.57
280,2026-05-23 22:54:34,trade,exact,Matched,207.0,5.25
280,2026-05-23 22:54:34,trade,exact,Matched,206.0,5.26
280,2026-05-23 22:54:34,trade,exact,Matched,205.0,1.96
280,2026-05-23 22:54:34,trade,exact,Matched,204.0,4.41
280,2026-05-23 22:54:34,trade,exact,Matched,203.0,1.73
280,2026-05-23 22:54:34,trade,exact,Matched,202.0,1.8
280,2026-05-23 22:54:34,trade,exact,Matched,201.0,4.5
280,2026-05-23 22:54:34,trade,exact,Matched,200.0,4.5
280,2026-05-23 22:54:34,trade,exact,Matched,199.0,4.5
280,2026-05-23 22:54:34,trade,exact,Matched,198.0,4.73
280,2026-05-23 22:54:34,trade,exact,Matched,197.0,4.74
280,2026-05-23 22:54:34,trade,exact,Matched,196.0,4.68
280,2026-05-23 22:54:34,trade,exact,Matched,195.0,4.74
280,2026-05-23 22:54:34,trade,exact,Matched,194.0,1.85
280,2026-05-23 22:54:34,trade,exact,Matched,193.0,2.75
280,2026-05-23 22:54:34,trade,exact,Matched,192.0,5.0
280,2026-05-23 22:54:34,position,api_position_matched,Matched,215.0,0.05
280,2026-05-23 22:54:34,position,api_position_matched,Matched,218.0,7.97
280,2026-05-23 22:54:34,position,api_position_resolved_matched,Matched,206.0,0.0
280,2026-05-23 22:54:34,position,api_position_resolved_matched,Matched,210.0,0.0
280,2026-05-23 22:54:34,position,api_position_resolved_matched,Matched,197.0,0.0
281,2026-05-23 23:04:34,trade,exact,Matched,218.0,8.06
281,2026-05-23 23:04:34,trade,exact,Matched,217.0,8.06
281,2026-05-23 23:04:34,trade,exact,Matched,216.0,8.0
281,2026-05-23 23:04:34,trade,exact,Matched,215.0,8.06
281,2026-05-23 23:04:34,trade,exact,Matched,214.0,1.17
281,2026-05-23 23:04:34,trade,exact,Matched,213.0,8.06
281,2026-05-23 23:04:34,trade,exact,Matched,212.0,5.26
281,2026-05-23 23:04:34,trade,exact,Matched,211.0,5.11
281,2026-05-23 23:04:34,trade,exact,Matched,210.0,5.07
281,2026-05-23 23:04:34,trade,exact,Matched,209.0,2.5
281,2026-05-23 23:04:34,trade,exact,Matched,208.0,2.57
281,2026-05-23 23:04:34,trade,exact,Matched,207.0,5.25
281,2026-05-23 23:04:34,trade,exact,Matched,206.0,5.26
281,2026-05-23 23:04:34,trade,exact,Matched,205.0,1.96
281,2026-05-23 23:04:34,trade,exact,Matched,204.0,4.41
281,2026-05-23 23:04:34,trade,exact,Matched,203.0,1.73
281,2026-05-23 23:04:34,trade,exact,Matched,202.0,1.8
281,2026-05-23 23:04:34,trade,exact,Matched,201.0,4.5
281,2026-05-23 23:04:34,trade,exact,Matched,200.0,4.5
281,2026-05-23 23:04:34,trade,exact,Matched,199.0,4.5
281,2026-05-23 23:04:34,trade,exact,Matched,198.0,4.73
281,2026-05-23 23:04:34,trade,exact,Matched,197.0,4.74
281,2026-05-23 23:04:34,trade,exact,Matched,196.0,4.68
281,2026-05-23 23:04:34,trade,exact,Matched,195.0,4.74
281,2026-05-23 23:04:34,trade,exact,Matched,194.0,1.85
281,2026-05-23 23:04:34,trade,exact,Matched,193.0,2.75
281,2026-05-23 23:04:34,trade,exact,Matched,192.0,5.0
281,2026-05-23 23:04:34,position,api_position_matched,Matched,215.0,0.05
281,2026-05-23 23:04:34,position,api_position_matched,Matched,218.0,8.06
281,2026-05-23 23:04:34,position,api_position_resolved_matched,Matched,206.0,0.0
281,2026-05-23 23:04:34,position,api_position_resolved_matched,Matched,210.0,0.0
281,2026-05-23 23:04:34,position,api_position_resolved_matched,Matched,197.0,0.0
282,2026-05-23 23:14:37,trade,exact,Matched,218.0,8.06
282,2026-05-23 23:14:37,trade,exact,Matched,217.0,8.06
282,2026-05-23 23:14:37,trade,exact,Matched,216.0,8.0
282,2026-05-23 23:14:37,trade,exact,Matched,215.0,8.06
282,2026-05-23 23:14:37,trade,exact,Matched,214.0,1.17
282,2026-05-23 23:14:37,trade,exact,Matched,213.0,8.06
282,2026-05-23 23:14:37,trade,exact,Matched,212.0,5.26
282,2026-05-23 23:14:37,trade,exact,Matched,211.0,5.11
282,2026-05-23 23:14:37,trade,exact,Matched,210.0,5.07
282,2026-05-23 23:14:37,trade,exact,Matched,209.0,2.5
282,2026-05-23 23:14:37,trade,exact,Matched,208.0,2.57
282,2026-05-23 23:14:37,trade,exact,Matched,207.0,5.25
282,2026-05-23 23:14:37,trade,exact,Matched,206.0,5.26
282,2026-05-23 23:14:37,trade,exact,Matched,205.0,1.96
282,2026-05-23 23:14:37,trade,exact,Matched,204.0,4.41
282,2026-05-23 23:14:37,trade,exact,Matched,203.0,1.73
282,2026-05-23 23:14:37,trade,exact,Matched,202.0,1.8
282,2026-05-23 23:14:37,trade,exact,Matched,201.0,4.5
282,2026-05-23 23:14:37,trade,exact,Matched,200.0,4.5
282,2026-05-23 23:14:37,trade,exact,Matched,199.0,4.5
282,2026-05-23 23:14:37,trade,exact,Matched,198.0,4.73
282,2026-05-23 23:14:37,trade,exact,Matched,197.0,4.74
282,2026-05-23 23:14:37,trade,exact,Matched,196.0,4.68
282,2026-05-23 23:14:37,trade,exact,Matched,195.0,4.74
282,2026-05-23 23:14:37,trade,exact,Matched,194.0,1.85
282,2026-05-23 23:14:37,trade,exact,Matched,193.0,2.75
282,2026-05-23 23:14:37,trade,exact,Matched,192.0,5.0
282,2026-05-23 23:14:37,position,api_position_matched,Matched,215.0,0.05
282,2026-05-23 23:14:37,position,api_position_matched,Matched,218.0,8.02
282,2026-05-23 23:14:37,position,api_position_resolved_matched,Matched,206.0,0.0
282,2026-05-23 23:14:37,position,api_position_resolved_matched,Matched,210.0,0.0
282,2026-05-23 23:14:37,position,api_position_resolved_matched,Matched,197.0,0.0
283,2026-05-23 23:24:35,trade,exact,Matched,218.0,8.06
283,2026-05-23 23:24:35,trade,exact,Matched,217.0,8.06
283,2026-05-23 23:24:35,trade,exact,Matched,216.0,8.0
283,2026-05-23 23:24:35,trade,exact,Matched,215.0,8.06
283,2026-05-23 23:24:35,trade,exact,Matched,214.0,1.17
283,2026-05-23 23:24:35,trade,exact,Matched,213.0,8.06
283,2026-05-23 23:24:35,trade,exact,Matched,212.0,5.26
283,2026-05-23 23:24:35,trade,exact,Matched,211.0,5.11
283,2026-05-23 23:24:35,trade,exact,Matched,210.0,5.07
283,2026-05-23 23:24:35,trade,exact,Matched,209.0,2.5
283,2026-05-23 23:24:35,trade,exact,Matched,208.0,2.57
283,2026-05-23 23:24:35,trade,exact,Matched,207.0,5.25
283,2026-05-23 23:24:35,trade,exact,Matched,206.0,5.26
283,2026-05-23 23:24:35,trade,exact,Matched,205.0,1.96
283,2026-05-23 23:24:35,trade,exact,Matched,204.0,4.41
283,2026-05-23 23:24:35,trade,exact,Matched,203.0,1.73
283,2026-05-23 23:24:35,trade,exact,Matched,202.0,1.8
283,2026-05-23 23:24:35,trade,exact,Matched,201.0,4.5
283,2026-05-23 23:24:35,trade,exact,Matched,200.0,4.5
283,2026-05-23 23:24:35,trade,exact,Matched,199.0,4.5
283,2026-05-23 23:24:35,trade,exact,Matched,198.0,4.73
283,2026-05-23 23:24:35,trade,exact,Matched,197.0,4.74
283,2026-05-23 23:24:35,trade,exact,Matched,196.0,4.68
283,2026-05-23 23:24:35,trade,exact,Matched,195.0,4.74
283,2026-05-23 23:24:35,trade,exact,Matched,194.0,1.85
283,2026-05-23 23:24:35,trade,exact,Matched,193.0,2.75
283,2026-05-23 23:24:35,trade,exact,Matched,192.0,5.0
283,2026-05-23 23:24:35,position,api_position_matched,Matched,215.0,0.03
283,2026-05-23 23:24:35,position,api_position_matched,Matched,218.0,8.11
283,2026-05-23 23:24:35,position,api_position_resolved_matched,Matched,206.0,0.0
283,2026-05-23 23:24:35,position,api_position_resolved_matched,Matched,210.0,0.0
283,2026-05-23 23:24:35,position,api_position_resolved_matched,Matched,197.0,0.0
284,2026-05-23 23:34:35,trade,exact,Matched,218.0,8.06
284,2026-05-23 23:34:35,trade,exact,Matched,217.0,8.06
284,2026-05-23 23:34:35,trade,exact,Matched,216.0,8.0
284,2026-05-23 23:34:35,trade,exact,Matched,215.0,8.06
284,2026-05-23 23:34:35,trade,exact,Matched,214.0,1.17
284,2026-05-23 23:34:35,trade,exact,Matched,213.0,8.06
284,2026-05-23 23:34:35,trade,exact,Matched,212.0,5.26
284,2026-05-23 23:34:35,trade,exact,Matched,211.0,5.11
284,2026-05-23 23:34:35,trade,exact,Matched,210.0,5.07
284,2026-05-23 23:34:35,trade,exact,Matched,209.0,2.5
284,2026-05-23 23:34:35,trade,exact,Matched,208.0,2.57
284,2026-05-23 23:34:35,trade,exact,Matched,207.0,5.25
284,2026-05-23 23:34:35,trade,exact,Matched,206.0,5.26
284,2026-05-23 23:34:35,trade,exact,Matched,205.0,1.96
284,2026-05-23 23:34:35,trade,exact,Matched,204.0,4.41
284,2026-05-23 23:34:35,trade,exact,Matched,203.0,1.73
284,2026-05-23 23:34:35,trade,exact,Matched,202.0,1.8
284,2026-05-23 23:34:35,trade,exact,Matched,201.0,4.5
284,2026-05-23 23:34:35,trade,exact,Matched,200.0,4.5
284,2026-05-23 23:34:35,trade,exact,Matched,199.0,4.5
284,2026-05-23 23:34:35,trade,exact,Matched,198.0,4.73
284,2026-05-23 23:34:35,trade,exact,Matched,197.0,4.74
284,2026-05-23 23:34:35,trade,exact,Matched,196.0,4.68
284,2026-05-23 23:34:35,trade,exact,Matched,195.0,4.74
284,2026-05-23 23:34:35,trade,exact,Matched,194.0,1.85
284,2026-05-23 23:34:35,trade,exact,Matched,193.0,2.75
284,2026-05-23 23:34:35,trade,exact,Matched,192.0,5.0
284,2026-05-23 23:34:35,position,api_position_matched,Matched,215.0,0.02
284,2026-05-23 23:34:35,position,api_position_matched,Matched,218.0,7.06
284,2026-05-23 23:34:35,position,api_position_resolved_matched,Matched,206.0,0.0
284,2026-05-23 23:34:35,position,api_position_resolved_matched,Matched,210.0,0.0
284,2026-05-23 23:34:35,position,api_position_resolved_matched,Matched,197.0,0.0
285,2026-05-23 23:44:35,trade,exact,Matched,218.0,8.06
285,2026-05-23 23:44:35,trade,exact,Matched,217.0,8.06
285,2026-05-23 23:44:35,trade,exact,Matched,216.0,8.0
285,2026-05-23 23:44:35,trade,exact,Matched,215.0,8.06
285,2026-05-23 23:44:35,trade,exact,Matched,214.0,1.17
285,2026-05-23 23:44:35,trade,exact,Matched,213.0,8.06
285,2026-05-23 23:44:35,trade,exact,Matched,212.0,5.26
285,2026-05-23 23:44:35,trade,exact,Matched,211.0,5.11
285,2026-05-23 23:44:35,trade,exact,Matched,210.0,5.07
285,2026-05-23 23:44:35,trade,exact,Matched,209.0,2.5
285,2026-05-23 23:44:35,trade,exact,Matched,208.0,2.57
285,2026-05-23 23:44:35,trade,exact,Matched,207.0,5.25
285,2026-05-23 23:44:35,trade,exact,Matched,206.0,5.26
285,2026-05-23 23:44:35,trade,exact,Matched,205.0,1.96
285,2026-05-23 23:44:35,trade,exact,Matched,204.0,4.41
285,2026-05-23 23:44:35,trade,exact,Matched,203.0,1.73
285,2026-05-23 23:44:35,trade,exact,Matched,202.0,1.8
285,2026-05-23 23:44:35,trade,exact,Matched,201.0,4.5
285,2026-05-23 23:44:35,trade,exact,Matched,200.0,4.5
285,2026-05-23 23:44:35,trade,exact,Matched,199.0,4.5
285,2026-05-23 23:44:35,trade,exact,Matched,198.0,4.73
285,2026-05-23 23:44:35,trade,exact,Matched,197.0,4.74
285,2026-05-23 23:44:35,trade,exact,Matched,196.0,4.68
285,2026-05-23 23:44:35,trade,exact,Matched,195.0,4.74
285,2026-05-23 23:44:35,trade,exact,Matched,194.0,1.85
285,2026-05-23 23:44:35,trade,exact,Matched,193.0,2.75
285,2026-05-23 23:44:35,trade,exact,Matched,192.0,5.0
285,2026-05-23 23:44:35,position,api_position_matched,Matched,215.0,0.02
285,2026-05-23 23:44:35,position,api_position_matched,Matched,218.0,7.25
285,2026-05-23 23:44:35,position,api_position_resolved_matched,Matched,206.0,0.0
285,2026-05-23 23:44:35,position,api_position_resolved_matched,Matched,210.0,0.0
285,2026-05-23 23:44:35,position,api_position_resolved_matched,Matched,197.0,0.0
286,2026-05-23 23:54:35,trade,exact,Matched,218.0,8.06
286,2026-05-23 23:54:35,trade,exact,Matched,217.0,8.06
286,2026-05-23 23:54:35,trade,exact,Matched,216.0,8.0
286,2026-05-23 23:54:35,trade,exact,Matched,215.0,8.06
286,2026-05-23 23:54:35,trade,exact,Matched,214.0,1.17
286,2026-05-23 23:54:35,trade,exact,Matched,213.0,8.06
286,2026-05-23 23:54:35,trade,exact,Matched,212.0,5.26
286,2026-05-23 23:54:35,trade,exact,Matched,211.0,5.11
286,2026-05-23 23:54:35,trade,exact,Matched,210.0,5.07
286,2026-05-23 23:54:35,trade,exact,Matched,209.0,2.5
286,2026-05-23 23:54:35,trade,exact,Matched,208.0,2.57
286,2026-05-23 23:54:35,trade,exact,Matched,207.0,5.25
286,2026-05-23 23:54:35,trade,exact,Matched,206.0,5.26
286,2026-05-23 23:54:35,trade,exact,Matched,205.0,1.96
286,2026-05-23 23:54:35,trade,exact,Matched,204.0,4.41
286,2026-05-23 23:54:35,trade,exact,Matched,203.0,1.73
286,2026-05-23 23:54:35,trade,exact,Matched,202.0,1.8
286,2026-05-23 23:54:35,trade,exact,Matched,201.0,4.5
286,2026-05-23 23:54:35,trade,exact,Matched,200.0,4.5
286,2026-05-23 23:54:35,trade,exact,Matched,199.0,4.5
286,2026-05-23 23:54:35,trade,exact,Matched,198.0,4.73
286,2026-05-23 23:54:35,trade,exact,Matched,197.0,4.74
286,2026-05-23 23:54:35,trade,exact,Matched,196.0,4.68
286,2026-05-23 23:54:35,trade,exact,Matched,195.0,4.74
286,2026-05-23 23:54:35,trade,exact,Matched,194.0,1.85
286,2026-05-23 23:54:35,trade,exact,Matched,193.0,2.75
286,2026-05-23 23:54:35,trade,exact,Matched,192.0,5.0
286,2026-05-23 23:54:35,position,api_position_matched,Matched,215.0,0.02
286,2026-05-23 23:54:35,position,api_position_matched,Matched,218.0,7.01
286,2026-05-23 23:54:35,position,api_position_resolved_matched,Matched,206.0,0.0
286,2026-05-23 23:54:35,position,api_position_resolved_matched,Matched,210.0,0.0
286,2026-05-23 23:54:35,position,api_position_resolved_matched,Matched,197.0,0.0
287,2026-05-24 00:04:35,trade,exact,Matched,218.0,8.06
287,2026-05-24 00:04:35,trade,exact,Matched,217.0,8.06
287,2026-05-24 00:04:35,trade,exact,Matched,216.0,8.0
287,2026-05-24 00:04:35,trade,exact,Matched,215.0,8.06
287,2026-05-24 00:04:35,trade,exact,Matched,214.0,1.17
287,2026-05-24 00:04:35,trade,exact,Matched,213.0,8.06
287,2026-05-24 00:04:35,trade,exact,Matched,212.0,5.26
287,2026-05-24 00:04:35,trade,exact,Matched,211.0,5.11
287,2026-05-24 00:04:35,trade,exact,Matched,210.0,5.07
287,2026-05-24 00:04:35,trade,exact,Matched,209.0,2.5
287,2026-05-24 00:04:35,trade,exact,Matched,208.0,2.57
287,2026-05-24 00:04:35,trade,exact,Matched,207.0,5.25
287,2026-05-24 00:04:35,trade,exact,Matched,206.0,5.26
287,2026-05-24 00:04:35,trade,exact,Matched,205.0,1.96
287,2026-05-24 00:04:35,trade,exact,Matched,204.0,4.41
287,2026-05-24 00:04:35,trade,exact,Matched,203.0,1.73
287,2026-05-24 00:04:35,trade,exact,Matched,202.0,1.8
287,2026-05-24 00:04:35,trade,exact,Matched,201.0,4.5
287,2026-05-24 00:04:35,trade,exact,Matched,200.0,4.5
287,2026-05-24 00:04:35,trade,exact,Matched,199.0,4.5
287,2026-05-24 00:04:35,trade,exact,Matched,198.0,4.73
287,2026-05-24 00:04:35,trade,exact,Matched,197.0,4.74
287,2026-05-24 00:04:35,trade,exact,Matched,196.0,4.68
287,2026-05-24 00:04:35,trade,exact,Matched,195.0,4.74
287,2026-05-24 00:04:35,trade,exact,Matched,194.0,1.85
287,2026-05-24 00:04:35,trade,exact,Matched,193.0,2.75
287,2026-05-24 00:04:35,trade,exact,Matched,192.0,5.0
287,2026-05-24 00:04:35,position,api_position_matched,Matched,215.0,0.03
287,2026-05-24 00:04:35,position,api_position_matched,Matched,218.0,7.39
287,2026-05-24 00:04:35,position,api_position_resolved_matched,Matched,206.0,0.0
287,2026-05-24 00:04:35,position,api_position_resolved_matched,Matched,210.0,0.0
287,2026-05-24 00:04:35,position,api_position_resolved_matched,Matched,197.0,0.0
288,2026-05-24 00:14:35,trade,exact,Matched,218.0,8.06
288,2026-05-24 00:14:35,trade,exact,Matched,217.0,8.06
288,2026-05-24 00:14:35,trade,exact,Matched,216.0,8.0
288,2026-05-24 00:14:35,trade,exact,Matched,215.0,8.06
288,2026-05-24 00:14:35,trade,exact,Matched,214.0,1.17
288,2026-05-24 00:14:35,trade,exact,Matched,213.0,8.06
288,2026-05-24 00:14:35,trade,exact,Matched,212.0,5.26
288,2026-05-24 00:14:35,trade,exact,Matched,211.0,5.11
288,2026-05-24 00:14:35,trade,exact,Matched,210.0,5.07
288,2026-05-24 00:14:35,trade,exact,Matched,209.0,2.5
288,2026-05-24 00:14:35,trade,exact,Matched,208.0,2.57
288,2026-05-24 00:14:35,trade,exact,Matched,207.0,5.25
288,2026-05-24 00:14:35,trade,exact,Matched,206.0,5.26
288,2026-05-24 00:14:35,trade,exact,Matched,205.0,1.96
288,2026-05-24 00:14:35,trade,exact,Matched,204.0,4.41
288,2026-05-24 00:14:35,trade,exact,Matched,203.0,1.73
288,2026-05-24 00:14:35,trade,exact,Matched,202.0,1.8
288,2026-05-24 00:14:35,trade,exact,Matched,201.0,4.5
288,2026-05-24 00:14:35,trade,exact,Matched,200.0,4.5
288,2026-05-24 00:14:35,trade,exact,Matched,199.0,4.5
288,2026-05-24 00:14:35,trade,exact,Matched,198.0,4.73
288,2026-05-24 00:14:35,trade,exact,Matched,197.0,4.74
288,2026-05-24 00:14:35,trade,exact,Matched,196.0,4.68
288,2026-05-24 00:14:35,trade,exact,Matched,195.0,4.74
288,2026-05-24 00:14:35,trade,exact,Matched,194.0,1.85
288,2026-05-24 00:14:35,trade,exact,Matched,193.0,2.75
288,2026-05-24 00:14:35,trade,exact,Matched,192.0,5.0
288,2026-05-24 00:14:35,position,api_position_matched,Matched,215.0,0.02
288,2026-05-24 00:14:35,position,api_position_matched,Matched,218.0,7.49
288,2026-05-24 00:14:35,position,api_position_resolved_matched,Matched,206.0,0.0
288,2026-05-24 00:14:35,position,api_position_resolved_matched,Matched,210.0,0.0
288,2026-05-24 00:14:35,position,api_position_resolved_matched,Matched,197.0,0.0
289,2026-05-24 00:24:35,trade,exact,Matched,218.0,8.06
289,2026-05-24 00:24:35,trade,exact,Matched,217.0,8.06
289,2026-05-24 00:24:35,trade,exact,Matched,216.0,8.0
289,2026-05-24 00:24:35,trade,exact,Matched,215.0,8.06
289,2026-05-24 00:24:35,trade,exact,Matched,214.0,1.17
289,2026-05-24 00:24:35,trade,exact,Matched,213.0,8.06
289,2026-05-24 00:24:35,trade,exact,Matched,212.0,5.26
289,2026-05-24 00:24:35,trade,exact,Matched,211.0,5.11
289,2026-05-24 00:24:35,trade,exact,Matched,210.0,5.07
289,2026-05-24 00:24:35,trade,exact,Matched,209.0,2.5
289,2026-05-24 00:24:35,trade,exact,Matched,208.0,2.57
289,2026-05-24 00:24:35,trade,exact,Matched,207.0,5.25
289,2026-05-24 00:24:35,trade,exact,Matched,206.0,5.26
289,2026-05-24 00:24:35,trade,exact,Matched,205.0,1.96
289,2026-05-24 00:24:35,trade,exact,Matched,204.0,4.41
289,2026-05-24 00:24:35,trade,exact,Matched,203.0,1.73
289,2026-05-24 00:24:35,trade,exact,Matched,202.0,1.8
289,2026-05-24 00:24:35,trade,exact,Matched,201.0,4.5
289,2026-05-24 00:24:35,trade,exact,Matched,200.0,4.5
289,2026-05-24 00:24:35,trade,exact,Matched,199.0,4.5
289,2026-05-24 00:24:35,trade,exact,Matched,198.0,4.73
289,2026-05-24 00:24:35,trade,exact,Matched,197.0,4.74
289,2026-05-24 00:24:35,trade,exact,Matched,196.0,4.68
289,2026-05-24 00:24:35,trade,exact,Matched,195.0,4.74
289,2026-05-24 00:24:35,trade,exact,Matched,194.0,1.85
289,2026-05-24 00:24:35,trade,exact,Matched,193.0,2.75
289,2026-05-24 00:24:35,trade,exact,Matched,192.0,5.0
289,2026-05-24 00:24:35,position,api_position_matched,Matched,215.0,0.02
289,2026-05-24 00:24:35,position,api_position_matched,Matched,218.0,8.69
289,2026-05-24 00:24:35,position,api_position_resolved_matched,Matched,206.0,0.0
289,2026-05-24 00:24:35,position,api_position_resolved_matched,Matched,210.0,0.0
289,2026-05-24 00:24:35,position,api_position_resolved_matched,Matched,197.0,0.0
290,2026-05-24 00:34:34,trade,exact,Matched,218.0,8.06
290,2026-05-24 00:34:34,trade,exact,Matched,217.0,8.06
290,2026-05-24 00:34:34,trade,exact,Matched,216.0,8.0
290,2026-05-24 00:34:34,trade,exact,Matched,215.0,8.06
290,2026-05-24 00:34:34,trade,exact,Matched,214.0,1.17
290,2026-05-24 00:34:34,trade,exact,Matched,213.0,8.06
290,2026-05-24 00:34:34,trade,exact,Matched,212.0,5.26
290,2026-05-24 00:34:34,trade,exact,Matched,211.0,5.11
290,2026-05-24 00:34:34,trade,exact,Matched,210.0,5.07
290,2026-05-24 00:34:34,trade,exact,Matched,209.0,2.5
290,2026-05-24 00:34:34,trade,exact,Matched,208.0,2.57
290,2026-05-24 00:34:34,trade,exact,Matched,207.0,5.25
290,2026-05-24 00:34:34,trade,exact,Matched,206.0,5.26
290,2026-05-24 00:34:34,trade,exact,Matched,205.0,1.96
290,2026-05-24 00:34:34,trade,exact,Matched,204.0,4.41
290,2026-05-24 00:34:34,trade,exact,Matched,203.0,1.73
290,2026-05-24 00:34:34,trade,exact,Matched,202.0,1.8
290,2026-05-24 00:34:34,trade,exact,Matched,201.0,4.5
290,2026-05-24 00:34:34,trade,exact,Matched,200.0,4.5
290,2026-05-24 00:34:34,trade,exact,Matched,199.0,4.5
290,2026-05-24 00:34:34,trade,exact,Matched,198.0,4.73
290,2026-05-24 00:34:34,trade,exact,Matched,197.0,4.74
290,2026-05-24 00:34:34,trade,exact,Matched,196.0,4.68
290,2026-05-24 00:34:34,trade,exact,Matched,195.0,4.74
290,2026-05-24 00:34:34,trade,exact,Matched,194.0,1.85
290,2026-05-24 00:34:34,trade,exact,Matched,193.0,2.75
290,2026-05-24 00:34:34,trade,exact,Matched,192.0,5.0
290,2026-05-24 00:34:34,position,api_position_matched,Matched,215.0,0.02
290,2026-05-24 00:34:34,position,api_position_matched,Matched,218.0,8.45
290,2026-05-24 00:34:34,position,api_position_resolved_matched,Matched,206.0,0.0
290,2026-05-24 00:34:34,position,api_position_resolved_matched,Matched,210.0,0.0
290,2026-05-24 00:34:34,position,api_position_resolved_matched,Matched,197.0,0.0
291,2026-05-24 00:44:35,trade,exact,Matched,218.0,8.06
291,2026-05-24 00:44:35,trade,exact,Matched,217.0,8.06
291,2026-05-24 00:44:35,trade,exact,Matched,216.0,8.0
291,2026-05-24 00:44:35,trade,exact,Matched,215.0,8.06
291,2026-05-24 00:44:35,trade,exact,Matched,214.0,1.17
291,2026-05-24 00:44:35,trade,exact,Matched,213.0,8.06
291,2026-05-24 00:44:35,trade,exact,Matched,212.0,5.26
291,2026-05-24 00:44:35,trade,exact,Matched,211.0,5.11
291,2026-05-24 00:44:35,trade,exact,Matched,210.0,5.07
291,2026-05-24 00:44:35,trade,exact,Matched,209.0,2.5
291,2026-05-24 00:44:35,trade,exact,Matched,208.0,2.57
291,2026-05-24 00:44:35,trade,exact,Matched,207.0,5.25
291,2026-05-24 00:44:35,trade,exact,Matched,206.0,5.26
291,2026-05-24 00:44:35,trade,exact,Matched,205.0,1.96
291,2026-05-24 00:44:35,trade,exact,Matched,204.0,4.41
291,2026-05-24 00:44:35,trade,exact,Matched,203.0,1.73
291,2026-05-24 00:44:35,trade,exact,Matched,202.0,1.8
291,2026-05-24 00:44:35,trade,exact,Matched,201.0,4.5
291,2026-05-24 00:44:35,trade,exact,Matched,200.0,4.5
291,2026-05-24 00:44:35,trade,exact,Matched,199.0,4.5
291,2026-05-24 00:44:35,trade,exact,Matched,198.0,4.73
291,2026-05-24 00:44:35,trade,exact,Matched,197.0,4.74
291,2026-05-24 00:44:35,trade,exact,Matched,196.0,4.68
291,2026-05-24 00:44:35,trade,exact,Matched,195.0,4.74
291,2026-05-24 00:44:35,trade,exact,Matched,194.0,1.85
291,2026-05-24 00:44:35,trade,exact,Matched,193.0,2.75
291,2026-05-24 00:44:35,trade,exact,Matched,192.0,5.0
291,2026-05-24 00:44:35,position,api_position_matched,Matched,215.0,0.02
291,2026-05-24 00:44:35,position,api_position_matched,Matched,218.0,9.02
291,2026-05-24 00:44:35,position,api_position_resolved_matched,Matched,206.0,0.0
291,2026-05-24 00:44:35,position,api_position_resolved_matched,Matched,210.0,0.0
291,2026-05-24 00:44:35,position,api_position_resolved_matched,Matched,197.0,0.0
292,2026-05-24 00:54:35,trade,exact,Matched,218.0,8.06
292,2026-05-24 00:54:35,trade,exact,Matched,217.0,8.06
292,2026-05-24 00:54:35,trade,exact,Matched,216.0,8.0
292,2026-05-24 00:54:35,trade,exact,Matched,215.0,8.06
292,2026-05-24 00:54:35,trade,exact,Matched,214.0,1.17
292,2026-05-24 00:54:35,trade,exact,Matched,213.0,8.06
292,2026-05-24 00:54:35,trade,exact,Matched,212.0,5.26
292,2026-05-24 00:54:35,trade,exact,Matched,211.0,5.11
292,2026-05-24 00:54:35,trade,exact,Matched,210.0,5.07
292,2026-05-24 00:54:35,trade,exact,Matched,209.0,2.5
292,2026-05-24 00:54:35,trade,exact,Matched,208.0,2.57
292,2026-05-24 00:54:35,trade,exact,Matched,207.0,5.25
292,2026-05-24 00:54:35,trade,exact,Matched,206.0,5.26
292,2026-05-24 00:54:35,trade,exact,Matched,205.0,1.96
292,2026-05-24 00:54:35,trade,exact,Matched,204.0,4.41
292,2026-05-24 00:54:35,trade,exact,Matched,203.0,1.73
292,2026-05-24 00:54:35,trade,exact,Matched,202.0,1.8
292,2026-05-24 00:54:35,trade,exact,Matched,201.0,4.5
292,2026-05-24 00:54:35,trade,exact,Matched,200.0,4.5
292,2026-05-24 00:54:35,trade,exact,Matched,199.0,4.5
292,2026-05-24 00:54:35,trade,exact,Matched,198.0,4.73
292,2026-05-24 00:54:35,trade,exact,Matched,197.0,4.74
292,2026-05-24 00:54:35,trade,exact,Matched,196.0,4.68
292,2026-05-24 00:54:35,trade,exact,Matched,195.0,4.74
292,2026-05-24 00:54:35,trade,exact,Matched,194.0,1.85
292,2026-05-24 00:54:35,trade,exact,Matched,193.0,2.75
292,2026-05-24 00:54:35,trade,exact,Matched,192.0,5.0
292,2026-05-24 00:54:35,position,api_position_matched,Matched,215.0,0.02
292,2026-05-24 00:54:35,position,api_position_matched,Matched,218.0,9.07
292,2026-05-24 00:54:35,position,api_position_resolved_matched,Matched,206.0,0.0
292,2026-05-24 00:54:35,position,api_position_resolved_matched,Matched,210.0,0.0
292,2026-05-24 00:54:35,position,api_position_resolved_matched,Matched,197.0,0.0
293,2026-05-24 01:04:34,trade,exact,Matched,218.0,8.06
293,2026-05-24 01:04:34,trade,exact,Matched,217.0,8.06
293,2026-05-24 01:04:34,trade,exact,Matched,216.0,8.0
293,2026-05-24 01:04:34,trade,exact,Matched,215.0,8.06
293,2026-05-24 01:04:34,trade,exact,Matched,214.0,1.17
293,2026-05-24 01:04:34,trade,exact,Matched,213.0,8.06
293,2026-05-24 01:04:34,trade,exact,Matched,212.0,5.26
293,2026-05-24 01:04:34,trade,exact,Matched,211.0,5.11
293,2026-05-24 01:04:34,trade,exact,Matched,210.0,5.07
293,2026-05-24 01:04:34,trade,exact,Matched,209.0,2.5
293,2026-05-24 01:04:34,trade,exact,Matched,208.0,2.57
293,2026-05-24 01:04:34,trade,exact,Matched,207.0,5.25
293,2026-05-24 01:04:34,trade,exact,Matched,206.0,5.26
293,2026-05-24 01:04:34,trade,exact,Matched,205.0,1.96
293,2026-05-24 01:04:34,trade,exact,Matched,204.0,4.41
293,2026-05-24 01:04:34,trade,exact,Matched,203.0,1.73
293,2026-05-24 01:04:34,trade,exact,Matched,202.0,1.8
293,2026-05-24 01:04:34,trade,exact,Matched,201.0,4.5
293,2026-05-24 01:04:34,trade,exact,Matched,200.0,4.5
293,2026-05-24 01:04:34,trade,exact,Matched,199.0,4.5
293,2026-05-24 01:04:34,trade,exact,Matched,198.0,4.73
293,2026-05-24 01:04:34,trade,exact,Matched,197.0,4.74
293,2026-05-24 01:04:34,trade,exact,Matched,196.0,4.68
293,2026-05-24 01:04:34,trade,exact,Matched,195.0,4.74
293,2026-05-24 01:04:34,trade,exact,Matched,194.0,1.85
293,2026-05-24 01:04:34,trade,exact,Matched,193.0,2.75
293,2026-05-24 01:04:34,trade,exact,Matched,192.0,5.0
293,2026-05-24 01:04:34,position,api_position_matched,Matched,215.0,0.02
293,2026-05-24 01:04:34,position,api_position_matched,Matched,218.0,9.31
293,2026-05-24 01:04:34,position,api_position_resolved_matched,Matched,206.0,0.0
293,2026-05-24 01:04:34,position,api_position_resolved_matched,Matched,210.0,0.0
293,2026-05-24 01:04:34,position,api_position_resolved_matched,Matched,197.0,0.0
294,2026-05-24 01:14:38,trade,exact,Matched,218.0,8.06
294,2026-05-24 01:14:38,trade,exact,Matched,217.0,8.06
294,2026-05-24 01:14:38,trade,exact,Matched,216.0,8.0
294,2026-05-24 01:14:38,trade,exact,Matched,215.0,8.06
294,2026-05-24 01:14:38,trade,exact,Matched,214.0,1.17
294,2026-05-24 01:14:38,trade,exact,Matched,213.0,8.06
294,2026-05-24 01:14:38,trade,exact,Matched,212.0,5.26
294,2026-05-24 01:14:38,trade,exact,Matched,211.0,5.11
294,2026-05-24 01:14:38,trade,exact,Matched,210.0,5.07
294,2026-05-24 01:14:38,trade,exact,Matched,209.0,2.5
294,2026-05-24 01:14:38,trade,exact,Matched,208.0,2.57
294,2026-05-24 01:14:38,trade,exact,Matched,207.0,5.25
294,2026-05-24 01:14:38,trade,exact,Matched,206.0,5.26
294,2026-05-24 01:14:38,trade,exact,Matched,205.0,1.96
294,2026-05-24 01:14:38,trade,exact,Matched,204.0,4.41
294,2026-05-24 01:14:38,trade,exact,Matched,203.0,1.73
294,2026-05-24 01:14:38,trade,exact,Matched,202.0,1.8
294,2026-05-24 01:14:38,trade,exact,Matched,201.0,4.5
294,2026-05-24 01:14:38,trade,exact,Matched,200.0,4.5
294,2026-05-24 01:14:38,trade,exact,Matched,199.0,4.5
294,2026-05-24 01:14:38,trade,exact,Matched,198.0,4.73
294,2026-05-24 01:14:38,trade,exact,Matched,197.0,4.74
294,2026-05-24 01:14:38,trade,exact,Matched,196.0,4.68
294,2026-05-24 01:14:38,trade,exact,Matched,195.0,4.74
294,2026-05-24 01:14:38,trade,exact,Matched,194.0,1.85
294,2026-05-24 01:14:38,trade,exact,Matched,193.0,2.75
294,2026-05-24 01:14:38,trade,exact,Matched,192.0,5.0
294,2026-05-24 01:14:38,position,api_position_matched,Matched,215.0,0.02
294,2026-05-24 01:14:38,position,api_position_matched,Matched,218.0,9.36
294,2026-05-24 01:14:38,position,api_position_resolved_matched,Matched,206.0,0.0
294,2026-05-24 01:14:38,position,api_position_resolved_matched,Matched,210.0,0.0
294,2026-05-24 01:14:38,position,api_position_resolved_matched,Matched,197.0,0.0
295,2026-05-24 01:24:35,trade,exact,Matched,218.0,8.06
295,2026-05-24 01:24:35,trade,exact,Matched,217.0,8.06
295,2026-05-24 01:24:35,trade,exact,Matched,216.0,8.0
295,2026-05-24 01:24:35,trade,exact,Matched,215.0,8.06
295,2026-05-24 01:24:35,trade,exact,Matched,214.0,1.17
295,2026-05-24 01:24:35,trade,exact,Matched,213.0,8.06
295,2026-05-24 01:24:35,trade,exact,Matched,212.0,5.26
295,2026-05-24 01:24:35,trade,exact,Matched,211.0,5.11
295,2026-05-24 01:24:35,trade,exact,Matched,210.0,5.07
295,2026-05-24 01:24:35,trade,exact,Matched,209.0,2.5
295,2026-05-24 01:24:35,trade,exact,Matched,208.0,2.57
295,2026-05-24 01:24:35,trade,exact,Matched,207.0,5.25
295,2026-05-24 01:24:35,trade,exact,Matched,206.0,5.26
295,2026-05-24 01:24:35,trade,exact,Matched,205.0,1.96
295,2026-05-24 01:24:35,trade,exact,Matched,204.0,4.41
295,2026-05-24 01:24:35,trade,exact,Matched,203.0,1.73
295,2026-05-24 01:24:35,trade,exact,Matched,202.0,1.8
295,2026-05-24 01:24:35,trade,exact,Matched,201.0,4.5
295,2026-05-24 01:24:35,trade,exact,Matched,200.0,4.5
295,2026-05-24 01:24:35,trade,exact,Matched,199.0,4.5
295,2026-05-24 01:24:35,trade,exact,Matched,198.0,4.73
295,2026-05-24 01:24:35,trade,exact,Matched,197.0,4.74
295,2026-05-24 01:24:35,trade,exact,Matched,196.0,4.68
295,2026-05-24 01:24:35,trade,exact,Matched,195.0,4.74
295,2026-05-24 01:24:35,trade,exact,Matched,194.0,1.85
295,2026-05-24 01:24:35,trade,exact,Matched,193.0,2.75
295,2026-05-24 01:24:35,trade,exact,Matched,192.0,5.0
295,2026-05-24 01:24:35,position,api_position_matched,Matched,215.0,0.02
295,2026-05-24 01:24:35,position,api_position_matched,Matched,218.0,9.19
295,2026-05-24 01:24:35,position,api_position_resolved_matched,Matched,206.0,0.0
295,2026-05-24 01:24:35,position,api_position_resolved_matched,Matched,210.0,0.0
295,2026-05-24 01:24:35,position,api_position_resolved_matched,Matched,197.0,0.0
296,2026-05-24 01:34:34,trade,exact,Matched,218.0,8.06
296,2026-05-24 01:34:34,trade,exact,Matched,217.0,8.06
296,2026-05-24 01:34:34,trade,exact,Matched,216.0,8.0
296,2026-05-24 01:34:34,trade,exact,Matched,215.0,8.06
296,2026-05-24 01:34:34,trade,exact,Matched,214.0,1.17
296,2026-05-24 01:34:34,trade,exact,Matched,213.0,8.06
296,2026-05-24 01:34:34,trade,exact,Matched,212.0,5.26
296,2026-05-24 01:34:34,trade,exact,Matched,211.0,5.11
296,2026-05-24 01:34:34,trade,exact,Matched,210.0,5.07
296,2026-05-24 01:34:34,trade,exact,Matched,209.0,2.5
296,2026-05-24 01:34:34,trade,exact,Matched,208.0,2.57
296,2026-05-24 01:34:34,trade,exact,Matched,207.0,5.25
296,2026-05-24 01:34:34,trade,exact,Matched,206.0,5.26
296,2026-05-24 01:34:34,trade,exact,Matched,205.0,1.96
296,2026-05-24 01:34:34,trade,exact,Matched,204.0,4.41
296,2026-05-24 01:34:34,trade,exact,Matched,203.0,1.73
296,2026-05-24 01:34:34,trade,exact,Matched,202.0,1.8
296,2026-05-24 01:34:34,trade,exact,Matched,201.0,4.5
296,2026-05-24 01:34:34,trade,exact,Matched,200.0,4.5
296,2026-05-24 01:34:34,trade,exact,Matched,199.0,4.5
296,2026-05-24 01:34:34,trade,exact,Matched,198.0,4.73
296,2026-05-24 01:34:34,trade,exact,Matched,197.0,4.74
296,2026-05-24 01:34:34,trade,exact,Matched,196.0,4.68
296,2026-05-24 01:34:34,trade,exact,Matched,195.0,4.74
296,2026-05-24 01:34:34,trade,exact,Matched,194.0,1.85
296,2026-05-24 01:34:34,trade,exact,Matched,193.0,2.75
296,2026-05-24 01:34:34,trade,exact,Matched,192.0,5.0
296,2026-05-24 01:34:34,position,api_position_matched,Matched,215.0,0.02
296,2026-05-24 01:34:34,position,api_position_matched,Matched,218.0,9.28
296,2026-05-24 01:34:34,position,api_position_resolved_matched,Matched,206.0,0.0
296,2026-05-24 01:34:34,position,api_position_resolved_matched,Matched,210.0,0.0
296,2026-05-24 01:34:34,position,api_position_resolved_matched,Matched,197.0,0.0
297,2026-05-24 01:44:35,trade,exact,Matched,218.0,8.06
297,2026-05-24 01:44:35,trade,exact,Matched,217.0,8.06
297,2026-05-24 01:44:35,trade,exact,Matched,216.0,8.0
297,2026-05-24 01:44:35,trade,exact,Matched,215.0,8.06
297,2026-05-24 01:44:35,trade,exact,Matched,214.0,1.17
297,2026-05-24 01:44:35,trade,exact,Matched,213.0,8.06
297,2026-05-24 01:44:35,trade,exact,Matched,212.0,5.26
297,2026-05-24 01:44:35,trade,exact,Matched,211.0,5.11
297,2026-05-24 01:44:35,trade,exact,Matched,210.0,5.07
297,2026-05-24 01:44:35,trade,exact,Matched,209.0,2.5
297,2026-05-24 01:44:35,trade,exact,Matched,208.0,2.57
297,2026-05-24 01:44:35,trade,exact,Matched,207.0,5.25
297,2026-05-24 01:44:35,trade,exact,Matched,206.0,5.26
297,2026-05-24 01:44:35,trade,exact,Matched,205.0,1.96
297,2026-05-24 01:44:35,trade,exact,Matched,204.0,4.41
297,2026-05-24 01:44:35,trade,exact,Matched,203.0,1.73
297,2026-05-24 01:44:35,trade,exact,Matched,202.0,1.8
297,2026-05-24 01:44:35,trade,exact,Matched,201.0,4.5
297,2026-05-24 01:44:35,trade,exact,Matched,200.0,4.5
297,2026-05-24 01:44:35,trade,exact,Matched,199.0,4.5
297,2026-05-24 01:44:35,trade,exact,Matched,198.0,4.73
297,2026-05-24 01:44:35,trade,exact,Matched,197.0,4.74
297,2026-05-24 01:44:35,trade,exact,Matched,196.0,4.68
297,2026-05-24 01:44:35,trade,exact,Matched,195.0,4.74
297,2026-05-24 01:44:35,trade,exact,Matched,194.0,1.85
297,2026-05-24 01:44:35,trade,exact,Matched,193.0,2.75
297,2026-05-24 01:44:35,trade,exact,Matched,192.0,5.0
297,2026-05-24 01:44:35,position,api_position_matched,Matched,215.0,0.01
297,2026-05-24 01:44:35,position,api_position_matched,Matched,218.0,9.27
297,2026-05-24 01:44:35,position,api_position_resolved_matched,Matched,206.0,0.0
297,2026-05-24 01:44:35,position,api_position_resolved_matched,Matched,210.0,0.0
297,2026-05-24 01:44:35,position,api_position_resolved_matched,Matched,197.0,0.0
298,2026-05-24 01:54:35,trade,exact,Matched,218.0,8.06
298,2026-05-24 01:54:35,trade,exact,Matched,217.0,8.06
298,2026-05-24 01:54:35,trade,exact,Matched,216.0,8.0
298,2026-05-24 01:54:35,trade,exact,Matched,215.0,8.06
298,2026-05-24 01:54:35,trade,exact,Matched,214.0,1.17
298,2026-05-24 01:54:35,trade,exact,Matched,213.0,8.06
298,2026-05-24 01:54:35,trade,exact,Matched,212.0,5.26
298,2026-05-24 01:54:35,trade,exact,Matched,211.0,5.11
298,2026-05-24 01:54:35,trade,exact,Matched,210.0,5.07
298,2026-05-24 01:54:35,trade,exact,Matched,209.0,2.5
298,2026-05-24 01:54:35,trade,exact,Matched,208.0,2.57
298,2026-05-24 01:54:35,trade,exact,Matched,207.0,5.25
298,2026-05-24 01:54:35,trade,exact,Matched,206.0,5.26
298,2026-05-24 01:54:35,trade,exact,Matched,205.0,1.96
298,2026-05-24 01:54:35,trade,exact,Matched,204.0,4.41
298,2026-05-24 01:54:35,trade,exact,Matched,203.0,1.73
298,2026-05-24 01:54:35,trade,exact,Matched,202.0,1.8
298,2026-05-24 01:54:35,trade,exact,Matched,201.0,4.5
298,2026-05-24 01:54:35,trade,exact,Matched,200.0,4.5
298,2026-05-24 01:54:35,trade,exact,Matched,199.0,4.5
298,2026-05-24 01:54:35,trade,exact,Matched,198.0,4.73
298,2026-05-24 01:54:35,trade,exact,Matched,197.0,4.74
298,2026-05-24 01:54:35,trade,exact,Matched,196.0,4.68
298,2026-05-24 01:54:35,trade,exact,Matched,195.0,4.74
298,2026-05-24 01:54:35,trade,exact,Matched,194.0,1.85
298,2026-05-24 01:54:35,trade,exact,Matched,193.0,2.75
298,2026-05-24 01:54:35,trade,exact,Matched,192.0,5.0
298,2026-05-24 01:54:35,position,api_position_matched,Matched,215.0,0.01
298,2026-05-24 01:54:35,position,api_position_matched,Matched,218.0,9.46
298,2026-05-24 01:54:35,position,api_position_resolved_matched,Matched,206.0,0.0
298,2026-05-24 01:54:35,position,api_position_resolved_matched,Matched,210.0,0.0
298,2026-05-24 01:54:35,position,api_position_resolved_matched,Matched,197.0,0.0
299,2026-05-24 02:04:35,trade,exact,Matched,218.0,8.06
299,2026-05-24 02:04:35,trade,exact,Matched,217.0,8.06
299,2026-05-24 02:04:35,trade,exact,Matched,216.0,8.0
299,2026-05-24 02:04:35,trade,exact,Matched,215.0,8.06
299,2026-05-24 02:04:35,trade,exact,Matched,214.0,1.17
299,2026-05-24 02:04:35,trade,exact,Matched,213.0,8.06
299,2026-05-24 02:04:35,trade,exact,Matched,212.0,5.26
299,2026-05-24 02:04:35,trade,exact,Matched,211.0,5.11
299,2026-05-24 02:04:35,trade,exact,Matched,210.0,5.07
299,2026-05-24 02:04:35,trade,exact,Matched,209.0,2.5
299,2026-05-24 02:04:35,trade,exact,Matched,208.0,2.57
299,2026-05-24 02:04:35,trade,exact,Matched,207.0,5.25
299,2026-05-24 02:04:35,trade,exact,Matched,206.0,5.26
299,2026-05-24 02:04:35,trade,exact,Matched,205.0,1.96
299,2026-05-24 02:04:35,trade,exact,Matched,204.0,4.41
299,2026-05-24 02:04:35,trade,exact,Matched,203.0,1.73
299,2026-05-24 02:04:35,trade,exact,Matched,202.0,1.8
299,2026-05-24 02:04:35,trade,exact,Matched,201.0,4.5
299,2026-05-24 02:04:35,trade,exact,Matched,200.0,4.5
299,2026-05-24 02:04:35,trade,exact,Matched,199.0,4.5
299,2026-05-24 02:04:35,trade,exact,Matched,198.0,4.73
299,2026-05-24 02:04:35,trade,exact,Matched,197.0,4.74
299,2026-05-24 02:04:35,trade,exact,Matched,196.0,4.68
299,2026-05-24 02:04:35,trade,exact,Matched,195.0,4.74
299,2026-05-24 02:04:35,trade,exact,Matched,194.0,1.85
299,2026-05-24 02:04:35,trade,exact,Matched,193.0,2.75
299,2026-05-24 02:04:35,trade,exact,Matched,192.0,5.0
299,2026-05-24 02:04:35,position,api_position_matched,Matched,215.0,0.01
299,2026-05-24 02:04:35,position,api_position_matched,Matched,218.0,9.47
299,2026-05-24 02:04:35,position,api_position_resolved_matched,Matched,206.0,0.0
299,2026-05-24 02:04:35,position,api_position_resolved_matched,Matched,210.0,0.0
299,2026-05-24 02:04:35,position,api_position_resolved_matched,Matched,197.0,0.0
300,2026-05-24 02:14:35,trade,exact,Matched,218.0,8.06
300,2026-05-24 02:14:35,trade,exact,Matched,217.0,8.06
300,2026-05-24 02:14:35,trade,exact,Matched,216.0,8.0
300,2026-05-24 02:14:35,trade,exact,Matched,215.0,8.06
300,2026-05-24 02:14:35,trade,exact,Matched,214.0,1.17
300,2026-05-24 02:14:35,trade,exact,Matched,213.0,8.06
300,2026-05-24 02:14:35,trade,exact,Matched,212.0,5.26
300,2026-05-24 02:14:35,trade,exact,Matched,211.0,5.11
300,2026-05-24 02:14:35,trade,exact,Matched,210.0,5.07
300,2026-05-24 02:14:35,trade,exact,Matched,209.0,2.5
300,2026-05-24 02:14:35,trade,exact,Matched,208.0,2.57
300,2026-05-24 02:14:35,trade,exact,Matched,207.0,5.25
300,2026-05-24 02:14:35,trade,exact,Matched,206.0,5.26
300,2026-05-24 02:14:35,trade,exact,Matched,205.0,1.96
300,2026-05-24 02:14:35,trade,exact,Matched,204.0,4.41
300,2026-05-24 02:14:35,trade,exact,Matched,203.0,1.73
300,2026-05-24 02:14:35,trade,exact,Matched,202.0,1.8
300,2026-05-24 02:14:35,trade,exact,Matched,201.0,4.5
300,2026-05-24 02:14:35,trade,exact,Matched,200.0,4.5
300,2026-05-24 02:14:35,trade,exact,Matched,199.0,4.5
300,2026-05-24 02:14:35,trade,exact,Matched,198.0,4.73
300,2026-05-24 02:14:35,trade,exact,Matched,197.0,4.74
300,2026-05-24 02:14:35,trade,exact,Matched,196.0,4.68
300,2026-05-24 02:14:35,trade,exact,Matched,195.0,4.74
300,2026-05-24 02:14:35,trade,exact,Matched,194.0,1.85
300,2026-05-24 02:14:35,trade,exact,Matched,193.0,2.75
300,2026-05-24 02:14:35,trade,exact,Matched,192.0,5.0
300,2026-05-24 02:14:35,position,api_position_matched,Matched,215.0,0.01
300,2026-05-24 02:14:35,position,api_position_matched,Matched,218.0,9.59
300,2026-05-24 02:14:35,position,api_position_resolved_matched,Matched,206.0,0.0
300,2026-05-24 02:14:35,position,api_position_resolved_matched,Matched,210.0,0.0
300,2026-05-24 02:14:35,position,api_position_resolved_matched,Matched,197.0,0.0
301,2026-05-24 02:24:35,trade,exact,Matched,218.0,8.06
301,2026-05-24 02:24:35,trade,exact,Matched,217.0,8.06
301,2026-05-24 02:24:35,trade,exact,Matched,216.0,8.0
301,2026-05-24 02:24:35,trade,exact,Matched,215.0,8.06
301,2026-05-24 02:24:35,trade,exact,Matched,214.0,1.17
301,2026-05-24 02:24:35,trade,exact,Matched,213.0,8.06
301,2026-05-24 02:24:35,trade,exact,Matched,212.0,5.26
301,2026-05-24 02:24:35,trade,exact,Matched,211.0,5.11
301,2026-05-24 02:24:35,trade,exact,Matched,210.0,5.07
301,2026-05-24 02:24:35,trade,exact,Matched,209.0,2.5
301,2026-05-24 02:24:35,trade,exact,Matched,208.0,2.57
301,2026-05-24 02:24:35,trade,exact,Matched,207.0,5.25
301,2026-05-24 02:24:35,trade,exact,Matched,206.0,5.26
301,2026-05-24 02:24:35,trade,exact,Matched,205.0,1.96
301,2026-05-24 02:24:35,trade,exact,Matched,204.0,4.41
301,2026-05-24 02:24:35,trade,exact,Matched,203.0,1.73
301,2026-05-24 02:24:35,trade,exact,Matched,202.0,1.8
301,2026-05-24 02:24:35,trade,exact,Matched,201.0,4.5
301,2026-05-24 02:24:35,trade,exact,Matched,200.0,4.5
301,2026-05-24 02:24:35,trade,exact,Matched,199.0,4.5
301,2026-05-24 02:24:35,trade,exact,Matched,198.0,4.73
301,2026-05-24 02:24:35,trade,exact,Matched,197.0,4.74
301,2026-05-24 02:24:35,trade,exact,Matched,196.0,4.68
301,2026-05-24 02:24:35,trade,exact,Matched,195.0,4.74
301,2026-05-24 02:24:35,trade,exact,Matched,194.0,1.85
301,2026-05-24 02:24:35,trade,exact,Matched,193.0,2.75
301,2026-05-24 02:24:35,trade,exact,Matched,192.0,5.0
301,2026-05-24 02:24:35,position,api_position_matched,Matched,215.0,0.01
301,2026-05-24 02:24:35,position,api_position_matched,Matched,218.0,9.58
301,2026-05-24 02:24:35,position,api_position_resolved_matched,Matched,206.0,0.0
301,2026-05-24 02:24:35,position,api_position_resolved_matched,Matched,210.0,0.0
301,2026-05-24 02:24:35,position,api_position_resolved_matched,Matched,197.0,0.0
